"Step","run1_v1_b1_200 - loss","run1_v1_b1_200 - loss__MIN","run1_v1_b1_200 - loss__MAX"
"0","0.69140625","0.69140625","0.69140625"
"1","0.69140625","0.69140625","0.69140625"
"3","0.69140625","0.69140625","0.69140625"
"4","0.69140625","0.69140625","0.69140625"
"5","0.69140625","0.69140625","0.69140625"
"7","0.69140625","0.69140625","0.69140625"
"8","0.69140625","0.69140625","0.69140625"
"9","1.126900315284729e-7","1.126900315284729e-7","1.126900315284729e-7"
"10","0.69140625","0.69140625","0.69140625"
"11","0.69140625","0.69140625","0.69140625"
"12","0.69140625","0.69140625","0.69140625"
"14","0.69140625","0.69140625","0.69140625"
"15","0.69140625","0.69140625","0.69140625"
"16","0.69140625","0.69140625","0.69140625"
"17","0.000335693359375","0.000335693359375","0.000335693359375"
"18","0.69140625","0.69140625","0.69140625"
"19","0.69140625","0.69140625","0.69140625"
"20","0.69140625","0.69140625","0.69140625"
"21","0.69140625","0.69140625","0.69140625"
"22","0.69140625","0.69140625","0.69140625"
"23","0.69140625","0.69140625","0.69140625"
"24","0.69140625","0.69140625","0.69140625"
"25","8","8","8"
"26","8","8","8"
"27","0.69140625","0.69140625","0.69140625"
"28","0.69140625","0.69140625","0.69140625"
"29","0.69140625","0.69140625","0.69140625"
"30","16","16","16"
"31","0.69140625","0.69140625","0.69140625"
"32","0.0181884765625","0.0181884765625","0.0181884765625"
"33","0.69140625","0.69140625","0.69140625"
"34","16","16","16"
"35","16","16","16"
"36","0.69140625","0.69140625","0.69140625"
"37","4.03125","4.03125","4.03125"
"38","0.69140625","0.69140625","0.69140625"
"39","0.000335693359375","0.000335693359375","0.000335693359375"
"40","0.69140625","0.69140625","0.69140625"
"41","0.69140625","0.69140625","0.69140625"
"42","0.69140625","0.69140625","0.69140625"
"43","0.69140625","0.69140625","0.69140625"
"44","0.69140625","0.69140625","0.69140625"
"45","0.69140625","0.69140625","0.69140625"
"46","0.69140625","0.69140625","0.69140625"
"47","0.69140625","0.69140625","0.69140625"
"48","0.000335693359375","0.000335693359375","0.000335693359375"
"50","0.69140625","0.69140625","0.69140625"
"51","8","8","8"
"52","0.69140625","0.69140625","0.69140625"
"53","0.69140625","0.69140625","0.69140625"
"54","0.69140625","0.69140625","0.69140625"
"55","0.69140625","0.69140625","0.69140625"
"56","0.69140625","0.69140625","0.69140625"
"57","0.69140625","0.69140625","0.69140625"
"58","0.69140625","0.69140625","0.69140625"
"59","0.69140625","0.69140625","0.69140625"
"60","0.69140625","0.69140625","0.69140625"
"61","0.69140625","0.69140625","0.69140625"
"62","0.000335693359375","0.000335693359375","0.000335693359375"
"63","0.000335693359375","0.000335693359375","0.000335693359375"
"64","0.69140625","0.69140625","0.69140625"
"65","0.69140625","0.69140625","0.69140625"
"66","0.69140625","0.69140625","0.69140625"
"67","1.126900315284729e-7","1.126900315284729e-7","1.126900315284729e-7"
"68","0.69140625","0.69140625","0.69140625"
"69","8","8","8"
"70","0.69140625","0.69140625","0.69140625"
"71","0.000335693359375","0.000335693359375","0.000335693359375"
"72","0.69140625","0.69140625","0.69140625"
"73","0.69140625","0.69140625","0.69140625"
"74","8","8","8"
"75","1.2656542480726785e-14","1.2656542480726785e-14","1.2656542480726785e-14"
"76","1.126900315284729e-7","1.126900315284729e-7","1.126900315284729e-7"
"77","0.69140625","0.69140625","0.69140625"
"78","0.126953125","0.126953125","0.126953125"
"79","8","8","8"
"81","0.69140625","0.69140625","0.69140625"
"82","0.000335693359375","0.000335693359375","0.000335693359375"
"83","1.2656542480726785e-14","1.2656542480726785e-14","1.2656542480726785e-14"
"84","0.69140625","0.69140625","0.69140625"
"85","4.03125","4.03125","4.03125"
"86","4.03125","4.03125","4.03125"
"87","0.000335693359375","0.000335693359375","0.000335693359375"
"88","0.69140625","0.69140625","0.69140625"
"89","16","16","16"
"90","1.126900315284729e-7","1.126900315284729e-7","1.126900315284729e-7"
"91","0.002471923828125","0.002471923828125","0.002471923828125"
"92","2.125","2.125","2.125"
"93","0.000335693359375","0.000335693359375","0.000335693359375"
"94","0.69140625","0.69140625","0.69140625"
"95","0.69140625","0.69140625","0.69140625"
"96","8","8","8"
"97","0.69140625","0.69140625","0.69140625"
"98","0.69140625","0.69140625","0.69140625"
"99","16","16","16"
"100","0.69140625","0.69140625","0.69140625"
"101","0.126953125","0.126953125","0.126953125"
"102","16","16","16"
"103","0.0181884765625","0.0181884765625","0.0181884765625"
"104","8","8","8"
"105","0.000335693359375","0.000335693359375","0.000335693359375"
"106","16","16","16"
"107","3.774403012357652e-11","3.774403012357652e-11","3.774403012357652e-11"
"108","0.000335693359375","0.000335693359375","0.000335693359375"
"109","0.69140625","0.69140625","0.69140625"
"110","0.69140625","0.69140625","0.69140625"
"111","0.69140625","0.69140625","0.69140625"
"112","0.69140625","0.69140625","0.69140625"
"113","4.03125","4.03125","4.03125"
"114","0.69140625","0.69140625","0.69140625"
"116","0.69140625","0.69140625","0.69140625"
"117","1.126900315284729e-7","1.126900315284729e-7","1.126900315284729e-7"
"118","4.03125","4.03125","4.03125"
"119","0.69140625","0.69140625","0.69140625"
"120","0.0181884765625","0.0181884765625","0.0181884765625"
"121","0.000335693359375","0.000335693359375","0.000335693359375"
"122","0.69140625","0.69140625","0.69140625"
"123","0.69140625","0.69140625","0.69140625"
"124","0.126953125","0.126953125","0.126953125"
"125","0.69140625","0.69140625","0.69140625"
"126","0.69140625","0.69140625","0.69140625"
"127","4.03125","4.03125","4.03125"
"128","1.126900315284729e-7","1.126900315284729e-7","1.126900315284729e-7"
"130","0.69140625","0.69140625","0.69140625"
"131","0.69140625","0.69140625","0.69140625"
"132","0.000335693359375","0.000335693359375","0.000335693359375"
"133","0.0181884765625","0.0181884765625","0.0181884765625"
"134","0.69140625","0.69140625","0.69140625"
"135","16","16","16"
"136","0.69140625","0.69140625","0.69140625"
"137","0.000335693359375","0.000335693359375","0.000335693359375"
"138","8","8","8"
"139","0.000335693359375","0.000335693359375","0.000335693359375"
"140","1.126900315284729e-7","1.126900315284729e-7","1.126900315284729e-7"
"141","8","8","8"
"142","0.000006139278411865234","0.000006139278411865234","0.000006139278411865234"
"143","0.000335693359375","0.000335693359375","0.000335693359375"
"145","0.000335693359375","0.000335693359375","0.000335693359375"
"146","0.69140625","0.69140625","0.69140625"
"147","0.000335693359375","0.000335693359375","0.000335693359375"
"148","1.126900315284729e-7","1.126900315284729e-7","1.126900315284729e-7"
"149","0.000006139278411865234","0.000006139278411865234","0.000006139278411865234"
"150","0.69140625","0.69140625","0.69140625"
"152","0.69140625","0.69140625","0.69140625"
"153","8","8","8"
"154","0.000335693359375","0.000335693359375","0.000335693359375"
"155","0.000335693359375","0.000335693359375","0.000335693359375"
"156","0.69140625","0.69140625","0.69140625"
"157","0.69140625","0.69140625","0.69140625"
"158","1.126900315284729e-7","1.126900315284729e-7","1.126900315284729e-7"
"159","8","8","8"
"160","16","16","16"
"161","0.69140625","0.69140625","0.69140625"
"162","0.000335693359375","0.000335693359375","0.000335693359375"
"163","0.000335693359375","0.000335693359375","0.000335693359375"
"164","0.69140625","0.69140625","0.69140625"
"166","0.69140625","0.69140625","0.69140625"
"167","0.000335693359375","0.000335693359375","0.000335693359375"
"168","0.69140625","0.69140625","0.69140625"
"169","6","6","6"
"170","0.69140625","0.69140625","0.69140625"
"171","0.0181884765625","0.0181884765625","0.0181884765625"
"172","4.03125","4.03125","4.03125"
"173","0.69140625","0.69140625","0.69140625"
"174","0.000335693359375","0.000335693359375","0.000335693359375"
"175","0.000335693359375","0.000335693359375","0.000335693359375"
"176","4.03125","4.03125","4.03125"
"177","0.69140625","0.69140625","0.69140625"
"178","0.69140625","0.69140625","0.69140625"
"179","0.000335693359375","0.000335693359375","0.000335693359375"
"180","0.69140625","0.69140625","0.69140625"
"181","0.000335693359375","0.000335693359375","0.000335693359375"
"182","0.000335693359375","0.000335693359375","0.000335693359375"
"183","0.69140625","0.69140625","0.69140625"
"184","0.69140625","0.69140625","0.69140625"
"185","16","16","16"
"187","0.69140625","0.69140625","0.69140625"
"189","4.03125","4.03125","4.03125"
"191","0.126953125","0.126953125","0.126953125"
"192","0.69140625","0.69140625","0.69140625"
"193","0.0181884765625","0.0181884765625","0.0181884765625"
"194","1.126900315284729e-7","1.126900315284729e-7","1.126900315284729e-7"
"195","0.000335693359375","0.000335693359375","0.000335693359375"
"196","8.307397365570068e-7","8.307397365570068e-7","8.307397365570068e-7"
"197","0.69140625","0.69140625","0.69140625"
"198","0.69140625","0.69140625","0.69140625"
"199","4.03125","4.03125","4.03125"
"201","0.69140625","0.69140625","0.69140625"
"202","0.69140625","0.69140625","0.69140625"
"203","0.000335693359375","0.000335693359375","0.000335693359375"
"204","0.69140625","0.69140625","0.69140625"
"205","4.03125","4.03125","4.03125"
"207","24","24","24"
"208","0.000335693359375","0.000335693359375","0.000335693359375"
"209","0.69140625","0.69140625","0.69140625"
"211","0.69140625","0.69140625","0.69140625"
"212","0.69140625","0.69140625","0.69140625"
"213","0.000335693359375","0.000335693359375","0.000335693359375"
"214","1.126900315284729e-7","1.126900315284729e-7","1.126900315284729e-7"
"215","4.03125","4.03125","4.03125"
"216","8","8","8"
"217","16","16","16"
"218","0.000335693359375","0.000335693359375","0.000335693359375"
"219","1.126900315284729e-7","1.126900315284729e-7","1.126900315284729e-7"
"220","0.69140625","0.69140625","0.69140625"
"221","0.69140625","0.69140625","0.69140625"
"222","0.69140625","0.69140625","0.69140625"
"223","8","8","8"
"224","0.69140625","0.69140625","0.69140625"
"225","8","8","8"
"226","0.69140625","0.69140625","0.69140625"
"227","0.69140625","0.69140625","0.69140625"
"228","0.69140625","0.69140625","0.69140625"
"229","8","8","8"
"230","8","8","8"
"231","1.126900315284729e-7","1.126900315284729e-7","1.126900315284729e-7"
"232","0.69140625","0.69140625","0.69140625"
"233","0.69140625","0.69140625","0.69140625"
"234","8","8","8"
"235","32","32","32"
"236","0.69140625","0.69140625","0.69140625"
"237","8","8","8"
"238","0.69140625","0.69140625","0.69140625"
"239","0.69140625","0.69140625","0.69140625"
"240","8","8","8"
"241","1.126900315284729e-7","1.126900315284729e-7","1.126900315284729e-7"
"242","0.000335693359375","0.000335693359375","0.000335693359375"
"243","0.69140625","0.69140625","0.69140625"
"244","32","32","32"
"246","2.125","2.125","2.125"
"247","0.69140625","0.69140625","0.69140625"
"248","0.69140625","0.69140625","0.69140625"
"249","1.126900315284729e-7","1.126900315284729e-7","1.126900315284729e-7"
"250","8","8","8"
"251","8","8","8"
"252","16","16","16"
"253","0.69140625","0.69140625","0.69140625"
"254","0.000335693359375","0.000335693359375","0.000335693359375"
"255","8","8","8"
"256","0.69140625","0.69140625","0.69140625"
"257","1.126900315284729e-7","1.126900315284729e-7","1.126900315284729e-7"
"258","8","8","8"
"259","1.126900315284729e-7","1.126900315284729e-7","1.126900315284729e-7"
"260","0.0181884765625","0.0181884765625","0.0181884765625"
"261","1.126900315284729e-7","1.126900315284729e-7","1.126900315284729e-7"
"263","8","8","8"
"264","0.69140625","0.69140625","0.69140625"
"265","4.03125","4.03125","4.03125"
"267","0.0181884765625","0.0181884765625","0.0181884765625"
"268","8","8","8"
"269","1.126900315284729e-7","1.126900315284729e-7","1.126900315284729e-7"
"270","32","32","32"
"271","1.126900315284729e-7","1.126900315284729e-7","1.126900315284729e-7"
"272","0.69140625","0.69140625","0.69140625"
"273","16","16","16"
"274","0.0181884765625","0.0181884765625","0.0181884765625"
"275","4.03125","4.03125","4.03125"
"276","0.69140625","0.69140625","0.69140625"
"277","0.69140625","0.69140625","0.69140625"
"278","0.69140625","0.69140625","0.69140625"
"279","8","8","8"
"280","8","8","8"
"281","8","8","8"
"282","1.126900315284729e-7","1.126900315284729e-7","1.126900315284729e-7"
"283","0.69140625","0.69140625","0.69140625"
"285","8","8","8"
"286","8","8","8"
"287","0.000006139278411865234","0.000006139278411865234","0.000006139278411865234"
"289","4.03125","4.03125","4.03125"
"290","8","8","8"
"291","0.69140625","0.69140625","0.69140625"
"292","8","8","8"
"293","1.2656542480726785e-14","1.2656542480726785e-14","1.2656542480726785e-14"
"294","4.03125","4.03125","4.03125"
"295","0.69140625","0.69140625","0.69140625"
"296","1.126900315284729e-7","1.126900315284729e-7","1.126900315284729e-7"
"297","8","8","8"
"298","1.126900315284729e-7","1.126900315284729e-7","1.126900315284729e-7"
"299","0.0181884765625","0.0181884765625","0.0181884765625"
"300","0.69140625","0.69140625","0.69140625"
"301","32","32","32"
"302","0.000335693359375","0.000335693359375","0.000335693359375"
"303","0.69140625","0.69140625","0.69140625"
"304","0.69140625","0.69140625","0.69140625"
"305","8","8","8"
"306","1.126900315284729e-7","1.126900315284729e-7","1.126900315284729e-7"
"307","0.69140625","0.69140625","0.69140625"
"308","0.000335693359375","0.000335693359375","0.000335693359375"
"309","0.000335693359375","0.000335693359375","0.000335693359375"
"310","0.69140625","0.69140625","0.69140625"
"311","0.69140625","0.69140625","0.69140625"
"312","0.000335693359375","0.000335693359375","0.000335693359375"
"313","0.69140625","0.69140625","0.69140625"
"314","1.126900315284729e-7","1.126900315284729e-7","1.126900315284729e-7"
"315","0.69140625","0.69140625","0.69140625"
"316","4.03125","4.03125","4.03125"
"317","0.000335693359375","0.000335693359375","0.000335693359375"
"318","3.774403012357652e-11","3.774403012357652e-11","3.774403012357652e-11"
"319","0.000335693359375","0.000335693359375","0.000335693359375"
"320","0.69140625","0.69140625","0.69140625"
"321","0.000335693359375","0.000335693359375","0.000335693359375"
"322","8","8","8"
"323","0.69140625","0.69140625","0.69140625"
"324","0.69140625","0.69140625","0.69140625"
"325","0.0181884765625","0.0181884765625","0.0181884765625"
"326","16","16","16"
"327","1.126900315284729e-7","1.126900315284729e-7","1.126900315284729e-7"
"328","0.000335693359375","0.000335693359375","0.000335693359375"
"329","0.69140625","0.69140625","0.69140625"
"330","8","8","8"
"331","8","8","8"
"332","0.69140625","0.69140625","0.69140625"
"333","1.2656542480726785e-14","1.2656542480726785e-14","1.2656542480726785e-14"
"334","0.000335693359375","0.000335693359375","0.000335693359375"
"335","0.69140625","0.69140625","0.69140625"
"336","4.03125","4.03125","4.03125"
"337","1.2656542480726785e-14","1.2656542480726785e-14","1.2656542480726785e-14"
"338","16","16","16"
"339","0.000006139278411865234","0.000006139278411865234","0.000006139278411865234"
"340","0.69140625","0.69140625","0.69140625"
"341","0.69140625","0.69140625","0.69140625"
"342","8","8","8"
"343","0.69140625","0.69140625","0.69140625"
"344","0.69140625","0.69140625","0.69140625"
"346","16","16","16"
"347","12","12","12"
"348","8","8","8"
"350","0.000335693359375","0.000335693359375","0.000335693359375"
"351","8","8","8"
"352","1.126900315284729e-7","1.126900315284729e-7","1.126900315284729e-7"
"353","0.000335693359375","0.000335693359375","0.000335693359375"
"354","0.69140625","0.69140625","0.69140625"
"355","32","32","32"
"357","1.126900315284729e-7","1.126900315284729e-7","1.126900315284729e-7"
"358","0.69140625","0.69140625","0.69140625"
"359","8","8","8"
"360","0.69140625","0.69140625","0.69140625"
"361","0.000335693359375","0.000335693359375","0.000335693359375"
"362","1.126900315284729e-7","1.126900315284729e-7","1.126900315284729e-7"
"363","0.69140625","0.69140625","0.69140625"
"364","0.69140625","0.69140625","0.69140625"
"365","0.69140625","0.69140625","0.69140625"
"366","8","8","8"
"367","0.0181884765625","0.0181884765625","0.0181884765625"
"369","0.000335693359375","0.000335693359375","0.000335693359375"
"370","0.69140625","0.69140625","0.69140625"
"371","0.69140625","0.69140625","0.69140625"
"372","0.69140625","0.69140625","0.69140625"
"373","8","8","8"
"374","0.69140625","0.69140625","0.69140625"
"375","0.69140625","0.69140625","0.69140625"
"376","8","8","8"
"377","0.69140625","0.69140625","0.69140625"
"378","0.69140625","0.69140625","0.69140625"
"379","0.69140625","0.69140625","0.69140625"
"380","0.69140625","0.69140625","0.69140625"
"381","0.000335693359375","0.000335693359375","0.000335693359375"
"382","4.03125","4.03125","4.03125"
"383","0.69140625","0.69140625","0.69140625"
"384","1.126900315284729e-7","1.126900315284729e-7","1.126900315284729e-7"
"385","8","8","8"
"386","8","8","8"
"387","0.69140625","0.69140625","0.69140625"
"388","0.000335693359375","0.000335693359375","0.000335693359375"
"389","8","8","8"
"390","0.69140625","0.69140625","0.69140625"
"391","0.69140625","0.69140625","0.69140625"
"392","0.000335693359375","0.000335693359375","0.000335693359375"
"393","0.69140625","0.69140625","0.69140625"
"394","0.69140625","0.69140625","0.69140625"
"395","0.69140625","0.69140625","0.69140625"
"396","0.69140625","0.69140625","0.69140625"
"397","0.69140625","0.69140625","0.69140625"
"398","0.69140625","0.69140625","0.69140625"
"399","0.000335693359375","0.000335693359375","0.000335693359375"
"400","0.69140625","0.69140625","0.69140625"
"401","8","8","8"
"402","0.69140625","0.69140625","0.69140625"
"403","0.69140625","0.69140625","0.69140625"
"404","0.000335693359375","0.000335693359375","0.000335693359375"
"405","4.03125","4.03125","4.03125"
"406","0.69140625","0.69140625","0.69140625"
"407","8","8","8"
"408","0.69140625","0.69140625","0.69140625"
"409","0.69140625","0.69140625","0.69140625"
"410","0.69140625","0.69140625","0.69140625"
"411","4.03125","4.03125","4.03125"
"412","0.69140625","0.69140625","0.69140625"
"413","0.69140625","0.69140625","0.69140625"
"414","0.69140625","0.69140625","0.69140625"
"415","0.000335693359375","0.000335693359375","0.000335693359375"
"416","0.002471923828125","0.002471923828125","0.002471923828125"
"417","0.69140625","0.69140625","0.69140625"
"418","0.69140625","0.69140625","0.69140625"
"419","4.03125","4.03125","4.03125"
"420","4.03125","4.03125","4.03125"
"421","0.69140625","0.69140625","0.69140625"
"422","0.000335693359375","0.000335693359375","0.000335693359375"
"423","0.000335693359375","0.000335693359375","0.000335693359375"
"424","8","8","8"
"425","3.774403012357652e-11","3.774403012357652e-11","3.774403012357652e-11"
"426","8","8","8"
"427","16","16","16"
"428","16","16","16"
"429","16","16","16"
"430","0.000335693359375","0.000335693359375","0.000335693359375"
"431","0.69140625","0.69140625","0.69140625"
"432","8.307397365570068e-7","8.307397365570068e-7","8.307397365570068e-7"
"433","0.69140625","0.69140625","0.69140625"
"434","0.000335693359375","0.000335693359375","0.000335693359375"
"435","1.126900315284729e-7","1.126900315284729e-7","1.126900315284729e-7"
"438","0.69140625","0.69140625","0.69140625"
"439","0.000335693359375","0.000335693359375","0.000335693359375"
"440","0.126953125","0.126953125","0.126953125"
"441","0.69140625","0.69140625","0.69140625"
"442","0.0181884765625","0.0181884765625","0.0181884765625"
"443","1.126900315284729e-7","1.126900315284729e-7","1.126900315284729e-7"
"444","0.69140625","0.69140625","0.69140625"
"445","24","24","24"
"446","3.774403012357652e-11","3.774403012357652e-11","3.774403012357652e-11"
"447","0.69140625","0.69140625","0.69140625"
"448","0.000335693359375","0.000335693359375","0.000335693359375"
"449","0.69140625","0.69140625","0.69140625"
"450","0.69140625","0.69140625","0.69140625"
"451","1.126900315284729e-7","1.126900315284729e-7","1.126900315284729e-7"
"452","0.000335693359375","0.000335693359375","0.000335693359375"
"453","0.69140625","0.69140625","0.69140625"
"454","0.69140625","0.69140625","0.69140625"
"455","1.126900315284729e-7","1.126900315284729e-7","1.126900315284729e-7"
"456","4.03125","4.03125","4.03125"
"457","8","8","8"
"458","8","8","8"
"459","1.126900315284729e-7","1.126900315284729e-7","1.126900315284729e-7"
"460","1.126900315284729e-7","1.126900315284729e-7","1.126900315284729e-7"
"461","0.69140625","0.69140625","0.69140625"
"462","8","8","8"
"463","0.69140625","0.69140625","0.69140625"
"464","8","8","8"
"465","0.000335693359375","0.000335693359375","0.000335693359375"
"466","0.000335693359375","0.000335693359375","0.000335693359375"
"467","0.000335693359375","0.000335693359375","0.000335693359375"
"468","0.69140625","0.69140625","0.69140625"
"469","0.69140625","0.69140625","0.69140625"
"470","1.126900315284729e-7","1.126900315284729e-7","1.126900315284729e-7"
"471","0.69140625","0.69140625","0.69140625"
"472","8","8","8"
"473","0.0181884765625","0.0181884765625","0.0181884765625"
"474","8","8","8"
"476","1.126900315284729e-7","1.126900315284729e-7","1.126900315284729e-7"
"477","0.69140625","0.69140625","0.69140625"
"478","0.69140625","0.69140625","0.69140625"
"479","0.69140625","0.69140625","0.69140625"
"480","0.000335693359375","0.000335693359375","0.000335693359375"
"481","0.69140625","0.69140625","0.69140625"
"482","0.69140625","0.69140625","0.69140625"
"483","0.000335693359375","0.000335693359375","0.000335693359375"
"484","0.69140625","0.69140625","0.69140625"
"485","0.69140625","0.69140625","0.69140625"
"486","0.0181884765625","0.0181884765625","0.0181884765625"
"487","0.000335693359375","0.000335693359375","0.000335693359375"
"488","0.69140625","0.69140625","0.69140625"
"489","0.69140625","0.69140625","0.69140625"
"490","0.69140625","0.69140625","0.69140625"
"491","0.0181884765625","0.0181884765625","0.0181884765625"
"492","0.69140625","0.69140625","0.69140625"
"493","8","8","8"
"494","0.69140625","0.69140625","0.69140625"
"495","8","8","8"
"496","0.69140625","0.69140625","0.69140625"
"497","0.69140625","0.69140625","0.69140625"
"498","0.000335693359375","0.000335693359375","0.000335693359375"
"499","0.69140625","0.69140625","0.69140625"
"500","0.69140625","0.69140625","0.69140625"
"501","0.69140625","0.69140625","0.69140625"
"502","0.69140625","0.69140625","0.69140625"
"503","0.0181884765625","0.0181884765625","0.0181884765625"
"504","0.69140625","0.69140625","0.69140625"
"505","16","16","16"
"507","0.69140625","0.69140625","0.69140625"
"508","0.69140625","0.69140625","0.69140625"
"509","0.69140625","0.69140625","0.69140625"
"510","4.03125","4.03125","4.03125"
"511","1.126900315284729e-7","1.126900315284729e-7","1.126900315284729e-7"
"512","0.69140625","0.69140625","0.69140625"
"513","0.000335693359375","0.000335693359375","0.000335693359375"
"514","0.69140625","0.69140625","0.69140625"
"515","0.0181884765625","0.0181884765625","0.0181884765625"
"516","8","8","8"
"518","8","8","8"
"519","0.69140625","0.69140625","0.69140625"
"520","0.69140625","0.69140625","0.69140625"
"521","1.126900315284729e-7","1.126900315284729e-7","1.126900315284729e-7"
"522","0.0181884765625","0.0181884765625","0.0181884765625"
"523","0.69140625","0.69140625","0.69140625"
"524","8","8","8"
"525","16","16","16"
"526","0.69140625","0.69140625","0.69140625"
"527","0.69140625","0.69140625","0.69140625"
"528","2.125","2.125","2.125"
"529","0.69140625","0.69140625","0.69140625"
"530","0.0181884765625","0.0181884765625","0.0181884765625"
"531","1.126900315284729e-7","1.126900315284729e-7","1.126900315284729e-7"
"532","0.69140625","0.69140625","0.69140625"
"533","16","16","16"
"534","1.126900315284729e-7","1.126900315284729e-7","1.126900315284729e-7"
"535","0.69140625","0.69140625","0.69140625"
"536","0.69140625","0.69140625","0.69140625"
"537","0.002471923828125","0.002471923828125","0.002471923828125"
"538","0.69140625","0.69140625","0.69140625"
"539","0.69140625","0.69140625","0.69140625"
"540","16","16","16"
"541","0.000335693359375","0.000335693359375","0.000335693359375"
"542","0.69140625","0.69140625","0.69140625"
"543","0.000335693359375","0.000335693359375","0.000335693359375"
"544","0.002471923828125","0.002471923828125","0.002471923828125"
"546","0.69140625","0.69140625","0.69140625"
"547","0.69140625","0.69140625","0.69140625"
"548","0.69140625","0.69140625","0.69140625"
"549","0.69140625","0.69140625","0.69140625"
"550","0.69140625","0.69140625","0.69140625"
"551","0.69140625","0.69140625","0.69140625"
"552","1.126900315284729e-7","1.126900315284729e-7","1.126900315284729e-7"
"553","0.69140625","0.69140625","0.69140625"
"554","0.69140625","0.69140625","0.69140625"
"555","0.000335693359375","0.000335693359375","0.000335693359375"
"556","16","16","16"
"558","1.126900315284729e-7","1.126900315284729e-7","1.126900315284729e-7"
"559","1.126900315284729e-7","1.126900315284729e-7","1.126900315284729e-7"
"560","0.69140625","0.69140625","0.69140625"
"561","0.000335693359375","0.000335693359375","0.000335693359375"
"562","0.69140625","0.69140625","0.69140625"
"563","0.000335693359375","0.000335693359375","0.000335693359375"
"564","0.000335693359375","0.000335693359375","0.000335693359375"
"565","0.69140625","0.69140625","0.69140625"
"566","1.126900315284729e-7","1.126900315284729e-7","1.126900315284729e-7"
"567","0.0181884765625","0.0181884765625","0.0181884765625"
"569","0.69140625","0.69140625","0.69140625"
"572","0.69140625","0.69140625","0.69140625"
"573","0.69140625","0.69140625","0.69140625"
"574","0.000335693359375","0.000335693359375","0.000335693359375"
"575","0.69140625","0.69140625","0.69140625"
"576","0.69140625","0.69140625","0.69140625"
"577","0.000335693359375","0.000335693359375","0.000335693359375"
"578","0.000335693359375","0.000335693359375","0.000335693359375"
"579","16","16","16"
"580","8","8","8"
"581","0.69140625","0.69140625","0.69140625"
"582","0.69140625","0.69140625","0.69140625"
"583","16","16","16"
"584","0.69140625","0.69140625","0.69140625"
"585","0.69140625","0.69140625","0.69140625"
"586","8","8","8"
"587","0.69140625","0.69140625","0.69140625"
"588","0.0181884765625","0.0181884765625","0.0181884765625"
"589","8","8","8"
"590","0.0181884765625","0.0181884765625","0.0181884765625"
"591","8","8","8"
"592","0.000335693359375","0.000335693359375","0.000335693359375"
"593","1.126900315284729e-7","1.126900315284729e-7","1.126900315284729e-7"
"594","0.126953125","0.126953125","0.126953125"
"595","0.000335693359375","0.000335693359375","0.000335693359375"
"596","1.126900315284729e-7","1.126900315284729e-7","1.126900315284729e-7"
"597","0.69140625","0.69140625","0.69140625"
"598","0.69140625","0.69140625","0.69140625"
"599","32","32","32"
"601","0.69140625","0.69140625","0.69140625"
"602","1.126900315284729e-7","1.126900315284729e-7","1.126900315284729e-7"
"603","0.69140625","0.69140625","0.69140625"
"604","0.69140625","0.69140625","0.69140625"
"605","0.69140625","0.69140625","0.69140625"
"606","0.000335693359375","0.000335693359375","0.000335693359375"
"607","0.69140625","0.69140625","0.69140625"
"608","0.000335693359375","0.000335693359375","0.000335693359375"
"609","0.69140625","0.69140625","0.69140625"
"610","0.69140625","0.69140625","0.69140625"
"611","0.69140625","0.69140625","0.69140625"
"612","0.000335693359375","0.000335693359375","0.000335693359375"
"613","8","8","8"
"614","8","8","8"
"615","0.69140625","0.69140625","0.69140625"
"616","0.126953125","0.126953125","0.126953125"
"618","8","8","8"
"619","0.69140625","0.69140625","0.69140625"
"620","1.2656542480726785e-14","1.2656542480726785e-14","1.2656542480726785e-14"
"621","8","8","8"
"622","0.000335693359375","0.000335693359375","0.000335693359375"
"623","8","8","8"
"624","0.69140625","0.69140625","0.69140625"
"625","0.69140625","0.69140625","0.69140625"
"626","0.69140625","0.69140625","0.69140625"
"627","4.03125","4.03125","4.03125"
"628","0.69140625","0.69140625","0.69140625"
"629","0.69140625","0.69140625","0.69140625"
"630","1.126900315284729e-7","1.126900315284729e-7","1.126900315284729e-7"
"631","8","8","8"
"632","8","8","8"
"633","0.69140625","0.69140625","0.69140625"
"634","0.69140625","0.69140625","0.69140625"
"635","0.0181884765625","0.0181884765625","0.0181884765625"
"636","0.0181884765625","0.0181884765625","0.0181884765625"
"637","0.69140625","0.69140625","0.69140625"
"638","0.69140625","0.69140625","0.69140625"
"639","1.126900315284729e-7","1.126900315284729e-7","1.126900315284729e-7"
"640","8","8","8"
"641","8","8","8"
"642","0.000006139278411865234","0.000006139278411865234","0.000006139278411865234"
"643","0.69140625","0.69140625","0.69140625"
"644","0.000335693359375","0.000335693359375","0.000335693359375"
"645","1.126900315284729e-7","1.126900315284729e-7","1.126900315284729e-7"
"646","1.126900315284729e-7","1.126900315284729e-7","1.126900315284729e-7"
"647","16","16","16"
"648","8","8","8"
"649","1.126900315284729e-7","1.126900315284729e-7","1.126900315284729e-7"
"650","0.69140625","0.69140625","0.69140625"
"651","16","16","16"
"652","0.000335693359375","0.000335693359375","0.000335693359375"
"653","0.69140625","0.69140625","0.69140625"
"654","16","16","16"
"655","0.69140625","0.69140625","0.69140625"
"656","0.69140625","0.69140625","0.69140625"
"657","0.0181884765625","0.0181884765625","0.0181884765625"
"658","1.2656542480726785e-14","1.2656542480726785e-14","1.2656542480726785e-14"
"659","0.69140625","0.69140625","0.69140625"
"660","0.000335693359375","0.000335693359375","0.000335693359375"
"661","0.000335693359375","0.000335693359375","0.000335693359375"
"662","0.69140625","0.69140625","0.69140625"
"663","0.69140625","0.69140625","0.69140625"
"664","0.000335693359375","0.000335693359375","0.000335693359375"
"665","16","16","16"
"666","0.69140625","0.69140625","0.69140625"
"667","8","8","8"
"668","16","16","16"
"669","0.69140625","0.69140625","0.69140625"
"670","0.000335693359375","0.000335693359375","0.000335693359375"
"671","8","8","8"
"672","0.000335693359375","0.000335693359375","0.000335693359375"
"673","0.69140625","0.69140625","0.69140625"
"674","2.125","2.125","2.125"
"675","8","8","8"
"676","0.69140625","0.69140625","0.69140625"
"677","16","16","16"
"678","0.69140625","0.69140625","0.69140625"
"679","0.000006139278411865234","0.000006139278411865234","0.000006139278411865234"
"680","1.126900315284729e-7","1.126900315284729e-7","1.126900315284729e-7"
"681","0.000335693359375","0.000335693359375","0.000335693359375"
"682","1.126900315284729e-7","1.126900315284729e-7","1.126900315284729e-7"
"683","0.69140625","0.69140625","0.69140625"
"684","0.000335693359375","0.000335693359375","0.000335693359375"
"685","1.126900315284729e-7","1.126900315284729e-7","1.126900315284729e-7"
"686","0.000335693359375","0.000335693359375","0.000335693359375"
"687","0.126953125","0.126953125","0.126953125"
"688","8","8","8"
"689","16","16","16"
"690","0.69140625","0.69140625","0.69140625"
"691","0.126953125","0.126953125","0.126953125"
"692","0.0181884765625","0.0181884765625","0.0181884765625"
"693","0.69140625","0.69140625","0.69140625"
"694","8","8","8"
"695","0.000335693359375","0.000335693359375","0.000335693359375"
"696","0.69140625","0.69140625","0.69140625"
"697","4.03125","4.03125","4.03125"
"698","1.126900315284729e-7","1.126900315284729e-7","1.126900315284729e-7"
"699","16","16","16"
"700","1.126900315284729e-7","1.126900315284729e-7","1.126900315284729e-7"
"701","0.69140625","0.69140625","0.69140625"
"702","0.69140625","0.69140625","0.69140625"
"703","8","8","8"
"704","0.69140625","0.69140625","0.69140625"
"705","0.69140625","0.69140625","0.69140625"
"706","16","16","16"
"707","16","16","16"
"708","8","8","8"
"709","6","6","6"
"712","1.126900315284729e-7","1.126900315284729e-7","1.126900315284729e-7"
"713","8","8","8"
"714","0.000335693359375","0.000335693359375","0.000335693359375"
"715","0.69140625","0.69140625","0.69140625"
"717","0.69140625","0.69140625","0.69140625"
"718","0.000335693359375","0.000335693359375","0.000335693359375"
"719","0.69140625","0.69140625","0.69140625"
"720","0.000335693359375","0.000335693359375","0.000335693359375"
"721","0.69140625","0.69140625","0.69140625"
"722","8","8","8"
"723","0.69140625","0.69140625","0.69140625"
"724","0.69140625","0.69140625","0.69140625"
"725","0.000335693359375","0.000335693359375","0.000335693359375"
"726","3.774403012357652e-11","3.774403012357652e-11","3.774403012357652e-11"
"727","0.69140625","0.69140625","0.69140625"
"728","0.69140625","0.69140625","0.69140625"
"729","1.126900315284729e-7","1.126900315284729e-7","1.126900315284729e-7"
"730","8","8","8"
"731","0.000335693359375","0.000335693359375","0.000335693359375"
"732","16","16","16"
"733","0.000335693359375","0.000335693359375","0.000335693359375"
"734","0.69140625","0.69140625","0.69140625"
"735","0.69140625","0.69140625","0.69140625"
"736","1.126900315284729e-7","1.126900315284729e-7","1.126900315284729e-7"
"737","1.126900315284729e-7","1.126900315284729e-7","1.126900315284729e-7"
"738","0.69140625","0.69140625","0.69140625"
"739","0.69140625","0.69140625","0.69140625"
"740","0.000335693359375","0.000335693359375","0.000335693359375"
"741","0.0181884765625","0.0181884765625","0.0181884765625"
"742","0.69140625","0.69140625","0.69140625"
"743","8","8","8"
"744","16","16","16"
"745","0.69140625","0.69140625","0.69140625"
"746","0.69140625","0.69140625","0.69140625"
"747","0.69140625","0.69140625","0.69140625"
"748","0.69140625","0.69140625","0.69140625"
"749","1.126900315284729e-7","1.126900315284729e-7","1.126900315284729e-7"
"750","1.126900315284729e-7","1.126900315284729e-7","1.126900315284729e-7"
"751","8","8","8"
"753","4.03125","4.03125","4.03125"
"754","1.126900315284729e-7","1.126900315284729e-7","1.126900315284729e-7"
"755","0.69140625","0.69140625","0.69140625"
"756","0.69140625","0.69140625","0.69140625"
"757","0.69140625","0.69140625","0.69140625"
"758","6.927791673660977e-13","6.927791673660977e-13","6.927791673660977e-13"
"759","0.69140625","0.69140625","0.69140625"
"760","0.126953125","0.126953125","0.126953125"
"761","0.0181884765625","0.0181884765625","0.0181884765625"
"762","0.000335693359375","0.000335693359375","0.000335693359375"
"763","8","8","8"
"764","0.69140625","0.69140625","0.69140625"
"765","0.0181884765625","0.0181884765625","0.0181884765625"
"768","0.69140625","0.69140625","0.69140625"
"769","0.69140625","0.69140625","0.69140625"
"770","8","8","8"
"771","0.0181884765625","0.0181884765625","0.0181884765625"
"772","0.69140625","0.69140625","0.69140625"
"773","0.69140625","0.69140625","0.69140625"
"774","0.69140625","0.69140625","0.69140625"
"775","1.126900315284729e-7","1.126900315284729e-7","1.126900315284729e-7"
"776","16","16","16"
"777","0.69140625","0.69140625","0.69140625"
"778","1.126900315284729e-7","1.126900315284729e-7","1.126900315284729e-7"
"779","1.126900315284729e-7","1.126900315284729e-7","1.126900315284729e-7"
"780","0.69140625","0.69140625","0.69140625"
"781","0.69140625","0.69140625","0.69140625"
"782","0.69140625","0.69140625","0.69140625"
"783","3.774403012357652e-11","3.774403012357652e-11","3.774403012357652e-11"
"784","1.126900315284729e-7","1.126900315284729e-7","1.126900315284729e-7"
"785","4.03125","4.03125","4.03125"
"786","0.69140625","0.69140625","0.69140625"
"787","8","8","8"
"788","8","8","8"
"789","0.69140625","0.69140625","0.69140625"
"790","0.69140625","0.69140625","0.69140625"
"791","1.126900315284729e-7","1.126900315284729e-7","1.126900315284729e-7"
"792","0.69140625","0.69140625","0.69140625"
"793","0.000335693359375","0.000335693359375","0.000335693359375"
"794","1.2656542480726785e-14","1.2656542480726785e-14","1.2656542480726785e-14"
"796","1.126900315284729e-7","1.126900315284729e-7","1.126900315284729e-7"
"797","0.0181884765625","0.0181884765625","0.0181884765625"
"799","0.000335693359375","0.000335693359375","0.000335693359375"
"800","0.69140625","0.69140625","0.69140625"
"801","0.69140625","0.69140625","0.69140625"
"802","0.69140625","0.69140625","0.69140625"
"803","2.125","2.125","2.125"
"804","0.69140625","0.69140625","0.69140625"
"805","16","16","16"
"806","16","16","16"
"807","0.69140625","0.69140625","0.69140625"
"808","4.03125","4.03125","4.03125"
"809","8","8","8"
"810","8","8","8"
"811","0.000335693359375","0.000335693359375","0.000335693359375"
"812","0.69140625","0.69140625","0.69140625"
"813","0.69140625","0.69140625","0.69140625"
"814","3.774403012357652e-11","3.774403012357652e-11","3.774403012357652e-11"
"815","1.126900315284729e-7","1.126900315284729e-7","1.126900315284729e-7"
"816","4.03125","4.03125","4.03125"
"817","0.69140625","0.69140625","0.69140625"
"818","0.000335693359375","0.000335693359375","0.000335693359375"
"819","1.126900315284729e-7","1.126900315284729e-7","1.126900315284729e-7"
"820","0.69140625","0.69140625","0.69140625"
"821","0.69140625","0.69140625","0.69140625"
"822","8","8","8"
"823","8","8","8"
"824","0.69140625","0.69140625","0.69140625"
"825","0.69140625","0.69140625","0.69140625"
"826","1.126900315284729e-7","1.126900315284729e-7","1.126900315284729e-7"
"827","0.000006139278411865234","0.000006139278411865234","0.000006139278411865234"
"828","0.000335693359375","0.000335693359375","0.000335693359375"
"829","0.69140625","0.69140625","0.69140625"
"830","0.000335693359375","0.000335693359375","0.000335693359375"
"832","0.69140625","0.69140625","0.69140625"
"833","16","16","16"
"834","0.000335693359375","0.000335693359375","0.000335693359375"
"835","0.000335693359375","0.000335693359375","0.000335693359375"
"837","0.000335693359375","0.000335693359375","0.000335693359375"
"838","0.69140625","0.69140625","0.69140625"
"839","16","16","16"
"840","0.69140625","0.69140625","0.69140625"
"841","0.000335693359375","0.000335693359375","0.000335693359375"
"842","0.000335693359375","0.000335693359375","0.000335693359375"
"843","16","16","16"
"844","16","16","16"
"845","1.126900315284729e-7","1.126900315284729e-7","1.126900315284729e-7"
"846","0.69140625","0.69140625","0.69140625"
"847","0.000335693359375","0.000335693359375","0.000335693359375"
"848","0.69140625","0.69140625","0.69140625"
"849","0.0181884765625","0.0181884765625","0.0181884765625"
"850","0.69140625","0.69140625","0.69140625"
"851","0.69140625","0.69140625","0.69140625"
"852","0.69140625","0.69140625","0.69140625"
"853","0.69140625","0.69140625","0.69140625"
"854","0.69140625","0.69140625","0.69140625"
"855","8","8","8"
"856","0.69140625","0.69140625","0.69140625"
"857","0.69140625","0.69140625","0.69140625"
"858","1.126900315284729e-7","1.126900315284729e-7","1.126900315284729e-7"
"859","0.69140625","0.69140625","0.69140625"
"860","8.307397365570068e-7","8.307397365570068e-7","8.307397365570068e-7"
"861","0.000335693359375","0.000335693359375","0.000335693359375"
"862","16","16","16"
"863","0.69140625","0.69140625","0.69140625"
"864","0.69140625","0.69140625","0.69140625"
"866","12","12","12"
"867","0.69140625","0.69140625","0.69140625"
"868","3.774403012357652e-11","3.774403012357652e-11","3.774403012357652e-11"
"869","0.69140625","0.69140625","0.69140625"
"870","0.69140625","0.69140625","0.69140625"
"871","0.69140625","0.69140625","0.69140625"
"872","0.69140625","0.69140625","0.69140625"
"873","0.69140625","0.69140625","0.69140625"
"874","8","8","8"
"875","0.000335693359375","0.000335693359375","0.000335693359375"
"876","1.2656542480726785e-14","1.2656542480726785e-14","1.2656542480726785e-14"
"877","0.69140625","0.69140625","0.69140625"
"878","8","8","8"
"879","0.000335693359375","0.000335693359375","0.000335693359375"
"880","0.69140625","0.69140625","0.69140625"
"881","0.69140625","0.69140625","0.69140625"
"882","16","16","16"
"883","0.69140625","0.69140625","0.69140625"
"884","0.69140625","0.69140625","0.69140625"
"885","0.69140625","0.69140625","0.69140625"
"886","1.2656542480726785e-14","1.2656542480726785e-14","1.2656542480726785e-14"
"887","8","8","8"
"888","0.000335693359375","0.000335693359375","0.000335693359375"
"889","8","8","8"
"890","0.69140625","0.69140625","0.69140625"
"891","0.69140625","0.69140625","0.69140625"
"893","0.69140625","0.69140625","0.69140625"
"894","0.69140625","0.69140625","0.69140625"
"895","0.000335693359375","0.000335693359375","0.000335693359375"
"896","0.69140625","0.69140625","0.69140625"
"897","0.000335693359375","0.000335693359375","0.000335693359375"
"898","0.69140625","0.69140625","0.69140625"
"899","0.69140625","0.69140625","0.69140625"
"900","0.69140625","0.69140625","0.69140625"
"901","3.774403012357652e-11","3.774403012357652e-11","3.774403012357652e-11"
"902","0.000335693359375","0.000335693359375","0.000335693359375"
"903","0.69140625","0.69140625","0.69140625"
"904","0.000335693359375","0.000335693359375","0.000335693359375"
"905","1.126900315284729e-7","1.126900315284729e-7","1.126900315284729e-7"
"906","16","16","16"
"907","0.69140625","0.69140625","0.69140625"
"908","1.126900315284729e-7","1.126900315284729e-7","1.126900315284729e-7"
"909","1.126900315284729e-7","1.126900315284729e-7","1.126900315284729e-7"
"910","0.69140625","0.69140625","0.69140625"
"911","0.69140625","0.69140625","0.69140625"
"912","0.0181884765625","0.0181884765625","0.0181884765625"
"913","0.69140625","0.69140625","0.69140625"
"914","0.000335693359375","0.000335693359375","0.000335693359375"
"915","8","8","8"
"916","0.000335693359375","0.000335693359375","0.000335693359375"
"917","1.2656542480726785e-14","1.2656542480726785e-14","1.2656542480726785e-14"
"919","0.69140625","0.69140625","0.69140625"
"920","0.000335693359375","0.000335693359375","0.000335693359375"
"921","0.000335693359375","0.000335693359375","0.000335693359375"
"922","8","8","8"
"923","0.69140625","0.69140625","0.69140625"
"924","1.126900315284729e-7","1.126900315284729e-7","1.126900315284729e-7"
"925","0.69140625","0.69140625","0.69140625"
"926","0.69140625","0.69140625","0.69140625"
"927","0.69140625","0.69140625","0.69140625"
"928","0.69140625","0.69140625","0.69140625"
"929","1.126900315284729e-7","1.126900315284729e-7","1.126900315284729e-7"
"930","0.69140625","0.69140625","0.69140625"
"931","0.69140625","0.69140625","0.69140625"
"935","3.774403012357652e-11","3.774403012357652e-11","3.774403012357652e-11"
"936","16","16","16"
"937","4.782137916322191e-25","4.782137916322191e-25","4.782137916322191e-25"
"938","16","16","16"
"939","8","8","8"
"941","0.69140625","0.69140625","0.69140625"
"943","0.69140625","0.69140625","0.69140625"
"944","2.125","2.125","2.125"
"945","0.000335693359375","0.000335693359375","0.000335693359375"
"946","0.000335693359375","0.000335693359375","0.000335693359375"
"947","0.69140625","0.69140625","0.69140625"
"948","3.774403012357652e-11","3.774403012357652e-11","3.774403012357652e-11"
"949","0.69140625","0.69140625","0.69140625"
"950","0.0181884765625","0.0181884765625","0.0181884765625"
"951","1.126900315284729e-7","1.126900315284729e-7","1.126900315284729e-7"
"952","0.69140625","0.69140625","0.69140625"
"953","0.69140625","0.69140625","0.69140625"
"954","0.69140625","0.69140625","0.69140625"
"955","8","8","8"
"956","0.000006139278411865234","0.000006139278411865234","0.000006139278411865234"
"957","1.126900315284729e-7","1.126900315284729e-7","1.126900315284729e-7"
"958","0.69140625","0.69140625","0.69140625"
"959","1.126900315284729e-7","1.126900315284729e-7","1.126900315284729e-7"
"961","0.000335693359375","0.000335693359375","0.000335693359375"
"962","0.69140625","0.69140625","0.69140625"
"963","0.69140625","0.69140625","0.69140625"
"964","0.69140625","0.69140625","0.69140625"
"965","0.69140625","0.69140625","0.69140625"
"966","0.69140625","0.69140625","0.69140625"
"967","8","8","8"
"968","16","16","16"
"969","0.000335693359375","0.000335693359375","0.000335693359375"
"971","0.69140625","0.69140625","0.69140625"
"972","1.126900315284729e-7","1.126900315284729e-7","1.126900315284729e-7"
"973","0.000335693359375","0.000335693359375","0.000335693359375"
"974","0.000335693359375","0.000335693359375","0.000335693359375"
"975","8","8","8"
"976","0.69140625","0.69140625","0.69140625"
"977","0.126953125","0.126953125","0.126953125"
"978","16","16","16"
"979","1.126900315284729e-7","1.126900315284729e-7","1.126900315284729e-7"
"980","0.000335693359375","0.000335693359375","0.000335693359375"
"981","0.69140625","0.69140625","0.69140625"
"982","0.000335693359375","0.000335693359375","0.000335693359375"
"983","8","8","8"
"984","1.126900315284729e-7","1.126900315284729e-7","1.126900315284729e-7"
"985","8","8","8"
"986","0.69140625","0.69140625","0.69140625"
"987","16","16","16"
"988","0.69140625","0.69140625","0.69140625"
"989","0.69140625","0.69140625","0.69140625"
"990","1.2656542480726785e-14","1.2656542480726785e-14","1.2656542480726785e-14"
"991","32","32","32"
"992","0.69140625","0.69140625","0.69140625"
"993","0.000335693359375","0.000335693359375","0.000335693359375"
"994","1.126900315284729e-7","1.126900315284729e-7","1.126900315284729e-7"
"995","0.000335693359375","0.000335693359375","0.000335693359375"
"996","0.69140625","0.69140625","0.69140625"
"997","0.69140625","0.69140625","0.69140625"
"998","0.69140625","0.69140625","0.69140625"
"999","0.69140625","0.69140625","0.69140625"
"1000","1.126900315284729e-7","1.126900315284729e-7","1.126900315284729e-7"
"1001","0.69140625","0.69140625","0.69140625"
"1002","0.69140625","0.69140625","0.69140625"
"1004","0.69140625","0.69140625","0.69140625"
"1005","0.000335693359375","0.000335693359375","0.000335693359375"
"1007","1.126900315284729e-7","1.126900315284729e-7","1.126900315284729e-7"
"1008","0.69140625","0.69140625","0.69140625"
"1009","0.000335693359375","0.000335693359375","0.000335693359375"
"1010","0.0181884765625","0.0181884765625","0.0181884765625"
"1011","0.69140625","0.69140625","0.69140625"
"1012","0.000335693359375","0.000335693359375","0.000335693359375"
"1014","0.69140625","0.69140625","0.69140625"
"1016","0.69140625","0.69140625","0.69140625"
"1017","0.69140625","0.69140625","0.69140625"
"1018","0.69140625","0.69140625","0.69140625"
"1019","8","8","8"
"1020","0.0181884765625","0.0181884765625","0.0181884765625"
"1021","0.000335693359375","0.000335693359375","0.000335693359375"
"1022","3.774403012357652e-11","3.774403012357652e-11","3.774403012357652e-11"
"1023","0.69140625","0.69140625","0.69140625"
"1024","8","8","8"
"1025","0.69140625","0.69140625","0.69140625"
"1026","16","16","16"
"1027","8","8","8"
"1028","0.69140625","0.69140625","0.69140625"
"1029","8","8","8"
"1030","0.69140625","0.69140625","0.69140625"
"1031","0.69140625","0.69140625","0.69140625"
"1032","0.000335693359375","0.000335693359375","0.000335693359375"
"1033","0.0181884765625","0.0181884765625","0.0181884765625"
"1034","0.69140625","0.69140625","0.69140625"
"1036","16","16","16"
"1038","1.126900315284729e-7","1.126900315284729e-7","1.126900315284729e-7"
"1039","0.69140625","0.69140625","0.69140625"
"1040","1.126900315284729e-7","1.126900315284729e-7","1.126900315284729e-7"
"1041","0.000335693359375","0.000335693359375","0.000335693359375"
"1042","4.03125","4.03125","4.03125"
"1043","0.000335693359375","0.000335693359375","0.000335693359375"
"1044","1.126900315284729e-7","1.126900315284729e-7","1.126900315284729e-7"
"1045","8","8","8"
"1046","0.69140625","0.69140625","0.69140625"
"1047","0.0181884765625","0.0181884765625","0.0181884765625"
"1048","0.0181884765625","0.0181884765625","0.0181884765625"
"1049","0.69140625","0.69140625","0.69140625"
"1050","8","8","8"
"1051","0.69140625","0.69140625","0.69140625"
"1052","32","32","32"
"1053","0.000335693359375","0.000335693359375","0.000335693359375"
"1054","0.69140625","0.69140625","0.69140625"
"1055","0.69140625","0.69140625","0.69140625"
"1056","0.69140625","0.69140625","0.69140625"
"1057","1.126900315284729e-7","1.126900315284729e-7","1.126900315284729e-7"
"1058","0.000335693359375","0.000335693359375","0.000335693359375"
"1060","0.69140625","0.69140625","0.69140625"
"1061","32","32","32"
"1062","0.69140625","0.69140625","0.69140625"
"1064","0.69140625","0.69140625","0.69140625"
"1065","0.69140625","0.69140625","0.69140625"
"1066","0.0181884765625","0.0181884765625","0.0181884765625"
"1067","0.69140625","0.69140625","0.69140625"
"1068","0.69140625","0.69140625","0.69140625"
"1069","0.69140625","0.69140625","0.69140625"
"1070","0.000335693359375","0.000335693359375","0.000335693359375"
"1071","0.69140625","0.69140625","0.69140625"
"1072","0.69140625","0.69140625","0.69140625"
"1073","8","8","8"
"1074","0.69140625","0.69140625","0.69140625"
"1075","1.126900315284729e-7","1.126900315284729e-7","1.126900315284729e-7"
"1076","0.0181884765625","0.0181884765625","0.0181884765625"
"1077","1.126900315284729e-7","1.126900315284729e-7","1.126900315284729e-7"
"1078","4.03125","4.03125","4.03125"
"1079","8","8","8"
"1080","0.000335693359375","0.000335693359375","0.000335693359375"
"1081","1.126900315284729e-7","1.126900315284729e-7","1.126900315284729e-7"
"1082","32","32","32"
"1083","0.69140625","0.69140625","0.69140625"
"1084","0.69140625","0.69140625","0.69140625"
"1085","0.000335693359375","0.000335693359375","0.000335693359375"
"1086","0.69140625","0.69140625","0.69140625"
"1087","0.69140625","0.69140625","0.69140625"
"1088","0.000335693359375","0.000335693359375","0.000335693359375"
"1089","0.000335693359375","0.000335693359375","0.000335693359375"
"1090","0.0181884765625","0.0181884765625","0.0181884765625"
"1091","0.69140625","0.69140625","0.69140625"
"1092","0.000006139278411865234","0.000006139278411865234","0.000006139278411865234"
"1093","0.000335693359375","0.000335693359375","0.000335693359375"
"1094","1.126900315284729e-7","1.126900315284729e-7","1.126900315284729e-7"
"1095","0.000335693359375","0.000335693359375","0.000335693359375"
"1096","1.126900315284729e-7","1.126900315284729e-7","1.126900315284729e-7"
"1097","0.69140625","0.69140625","0.69140625"
"1098","0.69140625","0.69140625","0.69140625"
"1099","8","8","8"
"1100","0.000335693359375","0.000335693359375","0.000335693359375"
"1101","8","8","8"
"1102","0.69140625","0.69140625","0.69140625"
"1103","8.307397365570068e-7","8.307397365570068e-7","8.307397365570068e-7"
"1104","0.69140625","0.69140625","0.69140625"
"1105","0.69140625","0.69140625","0.69140625"
"1106","0.000335693359375","0.000335693359375","0.000335693359375"
"1107","8","8","8"
"1109","0.000335693359375","0.000335693359375","0.000335693359375"
"1111","0.69140625","0.69140625","0.69140625"
"1112","0.69140625","0.69140625","0.69140625"
"1113","0.69140625","0.69140625","0.69140625"
"1114","1.126900315284729e-7","1.126900315284729e-7","1.126900315284729e-7"
"1115","0.000335693359375","0.000335693359375","0.000335693359375"
"1116","0.000335693359375","0.000335693359375","0.000335693359375"
"1117","0.69140625","0.69140625","0.69140625"
"1118","0.000335693359375","0.000335693359375","0.000335693359375"
"1119","0.69140625","0.69140625","0.69140625"
"1120","0.69140625","0.69140625","0.69140625"
"1122","0.000335693359375","0.000335693359375","0.000335693359375"
"1124","0.000335693359375","0.000335693359375","0.000335693359375"
"1125","0.000335693359375","0.000335693359375","0.000335693359375"
"1126","16","16","16"
"1127","0.000335693359375","0.000335693359375","0.000335693359375"
"1128","3.774403012357652e-11","3.774403012357652e-11","3.774403012357652e-11"
"1129","0.69140625","0.69140625","0.69140625"
"1130","8","8","8"
"1131","0.000335693359375","0.000335693359375","0.000335693359375"
"1132","0.69140625","0.69140625","0.69140625"
"1133","0.69140625","0.69140625","0.69140625"
"1134","3.774403012357652e-11","3.774403012357652e-11","3.774403012357652e-11"
"1135","0.69140625","0.69140625","0.69140625"
"1136","4.03125","4.03125","4.03125"
"1137","0.69140625","0.69140625","0.69140625"
"1138","0.000335693359375","0.000335693359375","0.000335693359375"
"1139","4.03125","4.03125","4.03125"
"1140","0.0181884765625","0.0181884765625","0.0181884765625"
"1142","0.000335693359375","0.000335693359375","0.000335693359375"
"1143","0.69140625","0.69140625","0.69140625"
"1144","1.126900315284729e-7","1.126900315284729e-7","1.126900315284729e-7"
"1145","0.69140625","0.69140625","0.69140625"
"1146","1.126900315284729e-7","1.126900315284729e-7","1.126900315284729e-7"
"1147","0.69140625","0.69140625","0.69140625"
"1148","0.69140625","0.69140625","0.69140625"
"1149","0.000335693359375","0.000335693359375","0.000335693359375"
"1150","0.69140625","0.69140625","0.69140625"
"1151","0.69140625","0.69140625","0.69140625"
"1152","8","8","8"
"1153","0.69140625","0.69140625","0.69140625"
"1154","0.69140625","0.69140625","0.69140625"
"1155","0.000335693359375","0.000335693359375","0.000335693359375"
"1156","0.69140625","0.69140625","0.69140625"
"1157","0.69140625","0.69140625","0.69140625"
"1158","0.000335693359375","0.000335693359375","0.000335693359375"
"1159","0.69140625","0.69140625","0.69140625"
"1160","9.370282327836321e-14","9.370282327836321e-14","9.370282327836321e-14"
"1161","8","8","8"
"1162","0.69140625","0.69140625","0.69140625"
"1163","0.69140625","0.69140625","0.69140625"
"1164","0.000335693359375","0.000335693359375","0.000335693359375"
"1165","0.69140625","0.69140625","0.69140625"
"1166","1.126900315284729e-7","1.126900315284729e-7","1.126900315284729e-7"
"1167","0.69140625","0.69140625","0.69140625"
"1168","0.69140625","0.69140625","0.69140625"
"1170","1.126900315284729e-7","1.126900315284729e-7","1.126900315284729e-7"
"1171","1.126900315284729e-7","1.126900315284729e-7","1.126900315284729e-7"
"1172","1.126900315284729e-7","1.126900315284729e-7","1.126900315284729e-7"
"1173","0.000006139278411865234","0.000006139278411865234","0.000006139278411865234"
"1174","8","8","8"
"1175","1.126900315284729e-7","1.126900315284729e-7","1.126900315284729e-7"
"1176","8","8","8"
"1177","0.126953125","0.126953125","0.126953125"
"1178","0.000335693359375","0.000335693359375","0.000335693359375"
"1179","0.69140625","0.69140625","0.69140625"
"1180","8","8","8"
"1181","16","16","16"
"1182","0.69140625","0.69140625","0.69140625"
"1183","0.69140625","0.69140625","0.69140625"
"1184","0.69140625","0.69140625","0.69140625"
"1185","8","8","8"
"1186","0.69140625","0.69140625","0.69140625"
"1187","0.000335693359375","0.000335693359375","0.000335693359375"
"1188","3.774403012357652e-11","3.774403012357652e-11","3.774403012357652e-11"
"1189","0.000335693359375","0.000335693359375","0.000335693359375"
"1190","0.69140625","0.69140625","0.69140625"
"1191","0.000335693359375","0.000335693359375","0.000335693359375"
"1193","0.0181884765625","0.0181884765625","0.0181884765625"
"1194","0.69140625","0.69140625","0.69140625"
"1195","0.000335693359375","0.000335693359375","0.000335693359375"
"1197","0.69140625","0.69140625","0.69140625"
"1198","0.69140625","0.69140625","0.69140625"
"1199","0.69140625","0.69140625","0.69140625"
"1200","1.126900315284729e-7","1.126900315284729e-7","1.126900315284729e-7"
"1201","0.000335693359375","0.000335693359375","0.000335693359375"
"1202","8","8","8"
"1203","1.126900315284729e-7","1.126900315284729e-7","1.126900315284729e-7"
"1204","0.69140625","0.69140625","0.69140625"
"1206","0.69140625","0.69140625","0.69140625"
"1207","0.000335693359375","0.000335693359375","0.000335693359375"
"1208","8","8","8"
"1209","0.69140625","0.69140625","0.69140625"
"1211","4.03125","4.03125","4.03125"
"1212","1.126900315284729e-7","1.126900315284729e-7","1.126900315284729e-7"
"1213","0.69140625","0.69140625","0.69140625"
"1214","0.69140625","0.69140625","0.69140625"
"1215","0.69140625","0.69140625","0.69140625"
"1216","0.000335693359375","0.000335693359375","0.000335693359375"
"1217","0.000335693359375","0.000335693359375","0.000335693359375"
"1218","0.69140625","0.69140625","0.69140625"
"1219","1.126900315284729e-7","1.126900315284729e-7","1.126900315284729e-7"
"1220","8","8","8"
"1221","0.0181884765625","0.0181884765625","0.0181884765625"
"1222","0.000335693359375","0.000335693359375","0.000335693359375"
"1223","0.000335693359375","0.000335693359375","0.000335693359375"
"1224","0.000335693359375","0.000335693359375","0.000335693359375"
"1225","1.126900315284729e-7","1.126900315284729e-7","1.126900315284729e-7"
"1226","1.126900315284729e-7","1.126900315284729e-7","1.126900315284729e-7"
"1227","0.0181884765625","0.0181884765625","0.0181884765625"
"1228","0.69140625","0.69140625","0.69140625"
"1229","1.126900315284729e-7","1.126900315284729e-7","1.126900315284729e-7"
"1230","4.03125","4.03125","4.03125"
"1231","0.69140625","0.69140625","0.69140625"
"1232","0.000335693359375","0.000335693359375","0.000335693359375"
"1233","0.69140625","0.69140625","0.69140625"
"1234","1.126900315284729e-7","1.126900315284729e-7","1.126900315284729e-7"
"1235","0.0181884765625","0.0181884765625","0.0181884765625"
"1236","1.126900315284729e-7","1.126900315284729e-7","1.126900315284729e-7"
"1237","0.69140625","0.69140625","0.69140625"
"1238","0.000006139278411865234","0.000006139278411865234","0.000006139278411865234"
"1239","0.000335693359375","0.000335693359375","0.000335693359375"
"1240","8","8","8"
"1241","0.000335693359375","0.000335693359375","0.000335693359375"
"1242","0.000335693359375","0.000335693359375","0.000335693359375"
"1243","0.0181884765625","0.0181884765625","0.0181884765625"
"1244","0.0181884765625","0.0181884765625","0.0181884765625"
"1245","8","8","8"
"1246","0.69140625","0.69140625","0.69140625"
"1247","0.69140625","0.69140625","0.69140625"
"1248","0.0181884765625","0.0181884765625","0.0181884765625"
"1250","16","16","16"
"1251","0.69140625","0.69140625","0.69140625"
"1252","1.126900315284729e-7","1.126900315284729e-7","1.126900315284729e-7"
"1253","0.69140625","0.69140625","0.69140625"
"1254","1.126900315284729e-7","1.126900315284729e-7","1.126900315284729e-7"
"1255","16","16","16"
"1256","0.69140625","0.69140625","0.69140625"
"1257","0.69140625","0.69140625","0.69140625"
"1258","0.0181884765625","0.0181884765625","0.0181884765625"
"1259","1.601387637598654e-28","1.601387637598654e-28","1.601387637598654e-28"
"1260","1.126900315284729e-7","1.126900315284729e-7","1.126900315284729e-7"
"1261","1.126900315284729e-7","1.126900315284729e-7","1.126900315284729e-7"
"1262","16","16","16"
"1263","0.000006139278411865234","0.000006139278411865234","0.000006139278411865234"
"1264","0.000335693359375","0.000335693359375","0.000335693359375"
"1265","0.0181884765625","0.0181884765625","0.0181884765625"
"1266","8","8","8"
"1267","0.69140625","0.69140625","0.69140625"
"1268","0.000335693359375","0.000335693359375","0.000335693359375"
"1269","8","8","8"
"1270","8","8","8"
"1271","0.000335693359375","0.000335693359375","0.000335693359375"
"1272","0.69140625","0.69140625","0.69140625"
"1273","0.69140625","0.69140625","0.69140625"
"1274","0.000335693359375","0.000335693359375","0.000335693359375"
"1276","0.000335693359375","0.000335693359375","0.000335693359375"
"1277","0.000335693359375","0.000335693359375","0.000335693359375"
"1278","0.69140625","0.69140625","0.69140625"
"1279","0.000335693359375","0.000335693359375","0.000335693359375"
"1280","0.0181884765625","0.0181884765625","0.0181884765625"
"1281","8","8","8"
"1282","0.69140625","0.69140625","0.69140625"
"1283","4.03125","4.03125","4.03125"
"1284","2.125","2.125","2.125"
"1285","0.69140625","0.69140625","0.69140625"
"1286","1.126900315284729e-7","1.126900315284729e-7","1.126900315284729e-7"
"1287","0.69140625","0.69140625","0.69140625"
"1288","0.69140625","0.69140625","0.69140625"
"1289","16","16","16"
"1290","0.000335693359375","0.000335693359375","0.000335693359375"
"1291","0.69140625","0.69140625","0.69140625"
"1292","0.69140625","0.69140625","0.69140625"
"1293","16","16","16"
"1294","16","16","16"
"1295","0.69140625","0.69140625","0.69140625"
"1296","1.2656542480726785e-14","1.2656542480726785e-14","1.2656542480726785e-14"
"1297","1.126900315284729e-7","1.126900315284729e-7","1.126900315284729e-7"
"1298","0.69140625","0.69140625","0.69140625"
"1299","0.000335693359375","0.000335693359375","0.000335693359375"
"1300","4.03125","4.03125","4.03125"
"1301","0.69140625","0.69140625","0.69140625"
"1302","1.126900315284729e-7","1.126900315284729e-7","1.126900315284729e-7"
"1303","0.69140625","0.69140625","0.69140625"
"1304","1.126900315284729e-7","1.126900315284729e-7","1.126900315284729e-7"
"1305","0.000335693359375","0.000335693359375","0.000335693359375"
"1306","0.69140625","0.69140625","0.69140625"
"1307","0.69140625","0.69140625","0.69140625"
"1308","0.000335693359375","0.000335693359375","0.000335693359375"
"1309","8","8","8"
"1310","0.69140625","0.69140625","0.69140625"
"1311","0.69140625","0.69140625","0.69140625"
"1312","8","8","8"
"1313","0.69140625","0.69140625","0.69140625"
"1314","0.69140625","0.69140625","0.69140625"
"1315","0.000335693359375","0.000335693359375","0.000335693359375"
"1316","0.69140625","0.69140625","0.69140625"
"1317","4.03125","4.03125","4.03125"
"1318","0.000335693359375","0.000335693359375","0.000335693359375"
"1319","0.000335693359375","0.000335693359375","0.000335693359375"
"1320","0.69140625","0.69140625","0.69140625"
"1321","0.69140625","0.69140625","0.69140625"
"1322","8","8","8"
"1323","4.03125","4.03125","4.03125"
"1324","0.000335693359375","0.000335693359375","0.000335693359375"
"1325","1.2656542480726785e-14","1.2656542480726785e-14","1.2656542480726785e-14"
"1326","0.69140625","0.69140625","0.69140625"
"1327","0.69140625","0.69140625","0.69140625"
"1328","0.000335693359375","0.000335693359375","0.000335693359375"
"1329","0.69140625","0.69140625","0.69140625"
"1330","0.69140625","0.69140625","0.69140625"
"1331","0.000335693359375","0.000335693359375","0.000335693359375"
"1332","0.000335693359375","0.000335693359375","0.000335693359375"
"1333","1.2656542480726785e-14","1.2656542480726785e-14","1.2656542480726785e-14"
"1334","0.69140625","0.69140625","0.69140625"
"1337","0.000335693359375","0.000335693359375","0.000335693359375"
"1338","1.2656542480726785e-14","1.2656542480726785e-14","1.2656542480726785e-14"
"1339","0.69140625","0.69140625","0.69140625"
"1340","0.000335693359375","0.000335693359375","0.000335693359375"
"1341","0.69140625","0.69140625","0.69140625"
"1342","0.69140625","0.69140625","0.69140625"
"1343","0.69140625","0.69140625","0.69140625"
"1344","0.69140625","0.69140625","0.69140625"
"1346","4.03125","4.03125","4.03125"
"1348","0.69140625","0.69140625","0.69140625"
"1349","0.0181884765625","0.0181884765625","0.0181884765625"
"1350","0.0181884765625","0.0181884765625","0.0181884765625"
"1351","1.126900315284729e-7","1.126900315284729e-7","1.126900315284729e-7"
"1352","4.03125","4.03125","4.03125"
"1353","8","8","8"
"1354","0.000006139278411865234","0.000006139278411865234","0.000006139278411865234"
"1356","0.69140625","0.69140625","0.69140625"
"1357","3.774403012357652e-11","3.774403012357652e-11","3.774403012357652e-11"
"1358","0.0181884765625","0.0181884765625","0.0181884765625"
"1359","1.126900315284729e-7","1.126900315284729e-7","1.126900315284729e-7"
"1360","4.03125","4.03125","4.03125"
"1361","0.69140625","0.69140625","0.69140625"
"1362","16","16","16"
"1363","0.000335693359375","0.000335693359375","0.000335693359375"
"1364","0.000335693359375","0.000335693359375","0.000335693359375"
"1365","0.69140625","0.69140625","0.69140625"
"1366","0.69140625","0.69140625","0.69140625"
"1367","16","16","16"
"1368","0.69140625","0.69140625","0.69140625"
"1369","0.69140625","0.69140625","0.69140625"
"1370","0.000335693359375","0.000335693359375","0.000335693359375"
"1371","0.69140625","0.69140625","0.69140625"
"1372","16","16","16"
"1373","1.126900315284729e-7","1.126900315284729e-7","1.126900315284729e-7"
"1375","16","16","16"
"1376","0.69140625","0.69140625","0.69140625"
"1377","0.69140625","0.69140625","0.69140625"
"1378","8","8","8"
"1379","0.0181884765625","0.0181884765625","0.0181884765625"
"1380","0.69140625","0.69140625","0.69140625"
"1381","1.126900315284729e-7","1.126900315284729e-7","1.126900315284729e-7"
"1382","0.69140625","0.69140625","0.69140625"
"1383","0.69140625","0.69140625","0.69140625"
"1384","0.000335693359375","0.000335693359375","0.000335693359375"
"1385","12","12","12"
"1386","0.000335693359375","0.000335693359375","0.000335693359375"
"1388","0.69140625","0.69140625","0.69140625"
"1389","0.69140625","0.69140625","0.69140625"
"1390","0.69140625","0.69140625","0.69140625"
"1391","0.69140625","0.69140625","0.69140625"
"1392","0.69140625","0.69140625","0.69140625"
"1393","0.69140625","0.69140625","0.69140625"
"1394","0.0181884765625","0.0181884765625","0.0181884765625"
"1395","3.774403012357652e-11","3.774403012357652e-11","3.774403012357652e-11"
"1396","0.69140625","0.69140625","0.69140625"
"1397","0.69140625","0.69140625","0.69140625"
"1398","1.126900315284729e-7","1.126900315284729e-7","1.126900315284729e-7"
"1399","0.000335693359375","0.000335693359375","0.000335693359375"
"1400","0.0181884765625","0.0181884765625","0.0181884765625"
"1401","0.000335693359375","0.000335693359375","0.000335693359375"
"1402","0.0181884765625","0.0181884765625","0.0181884765625"
"1403","0.0181884765625","0.0181884765625","0.0181884765625"
"1404","0.000335693359375","0.000335693359375","0.000335693359375"
"1405","0.000335693359375","0.000335693359375","0.000335693359375"
"1406","8","8","8"
"1407","0.69140625","0.69140625","0.69140625"
"1408","4.03125","4.03125","4.03125"
"1409","0.69140625","0.69140625","0.69140625"
"1410","8","8","8"
"1412","0.69140625","0.69140625","0.69140625"
"1413","16","16","16"
"1414","0.69140625","0.69140625","0.69140625"
"1415","1.2656542480726785e-14","1.2656542480726785e-14","1.2656542480726785e-14"
"1416","0.69140625","0.69140625","0.69140625"
"1417","0.0181884765625","0.0181884765625","0.0181884765625"
"1418","16","16","16"
"1419","8","8","8"
"1420","1.126900315284729e-7","1.126900315284729e-7","1.126900315284729e-7"
"1421","1.126900315284729e-7","1.126900315284729e-7","1.126900315284729e-7"
"1422","0.0181884765625","0.0181884765625","0.0181884765625"
"1423","0.69140625","0.69140625","0.69140625"
"1424","4.03125","4.03125","4.03125"
"1425","0.69140625","0.69140625","0.69140625"
"1426","0.69140625","0.69140625","0.69140625"
"1427","0.000335693359375","0.000335693359375","0.000335693359375"
"1428","0.000335693359375","0.000335693359375","0.000335693359375"
"1429","0.69140625","0.69140625","0.69140625"
"1430","0.69140625","0.69140625","0.69140625"
"1431","0.000335693359375","0.000335693359375","0.000335693359375"
"1432","0.000335693359375","0.000335693359375","0.000335693359375"
"1433","0.69140625","0.69140625","0.69140625"
"1434","8","8","8"
"1435","2.125","2.125","2.125"
"1436","0.69140625","0.69140625","0.69140625"
"1437","1.126900315284729e-7","1.126900315284729e-7","1.126900315284729e-7"
"1438","6","6","6"
"1440","0.000335693359375","0.000335693359375","0.000335693359375"
"1441","0.69140625","0.69140625","0.69140625"
"1442","0.69140625","0.69140625","0.69140625"
"1443","0.69140625","0.69140625","0.69140625"
"1444","8","8","8"
"1445","8","8","8"
"1446","1.126900315284729e-7","1.126900315284729e-7","1.126900315284729e-7"
"1447","0.69140625","0.69140625","0.69140625"
"1448","0.000335693359375","0.000335693359375","0.000335693359375"
"1449","4.03125","4.03125","4.03125"
"1450","0.69140625","0.69140625","0.69140625"
"1451","8","8","8"
"1452","4.03125","4.03125","4.03125"
"1453","8","8","8"
"1454","0.000335693359375","0.000335693359375","0.000335693359375"
"1455","0.69140625","0.69140625","0.69140625"
"1456","0.000335693359375","0.000335693359375","0.000335693359375"
"1457","0.000335693359375","0.000335693359375","0.000335693359375"
"1458","0.69140625","0.69140625","0.69140625"
"1459","0.69140625","0.69140625","0.69140625"
"1460","16","16","16"
"1461","4.03125","4.03125","4.03125"
"1464","0.69140625","0.69140625","0.69140625"
"1465","0.000006139278411865234","0.000006139278411865234","0.000006139278411865234"
"1466","0.69140625","0.69140625","0.69140625"
"1467","0.69140625","0.69140625","0.69140625"
"1468","0.69140625","0.69140625","0.69140625"
"1470","4.03125","4.03125","4.03125"
"1471","1.126900315284729e-7","1.126900315284729e-7","1.126900315284729e-7"
"1472","0.69140625","0.69140625","0.69140625"
"1473","0.69140625","0.69140625","0.69140625"
"1474","0.69140625","0.69140625","0.69140625"
"1475","2.125","2.125","2.125"
"1476","8","8","8"
"1477","8","8","8"
"1479","1.126900315284729e-7","1.126900315284729e-7","1.126900315284729e-7"
"1480","1.126900315284729e-7","1.126900315284729e-7","1.126900315284729e-7"
"1481","0.69140625","0.69140625","0.69140625"
"1482","16","16","16"
"1483","0.69140625","0.69140625","0.69140625"
"1484","1.2656542480726785e-14","1.2656542480726785e-14","1.2656542480726785e-14"
"1485","8","8","8"
"1486","0.000335693359375","0.000335693359375","0.000335693359375"
"1487","0.000006139278411865234","0.000006139278411865234","0.000006139278411865234"
"1488","0.69140625","0.69140625","0.69140625"
"1489","0.69140625","0.69140625","0.69140625"
"1490","0.69140625","0.69140625","0.69140625"
"1491","4.03125","4.03125","4.03125"
"1492","1.126900315284729e-7","1.126900315284729e-7","1.126900315284729e-7"
"1493","16","16","16"
"1494","0.000335693359375","0.000335693359375","0.000335693359375"
"1495","0.000335693359375","0.000335693359375","0.000335693359375"
"1496","8","8","8"
"1497","0.000335693359375","0.000335693359375","0.000335693359375"
"1498","0.69140625","0.69140625","0.69140625"
"1499","4.03125","4.03125","4.03125"
"1500","1.126900315284729e-7","1.126900315284729e-7","1.126900315284729e-7"
"1501","0.000335693359375","0.000335693359375","0.000335693359375"
"1502","1.2656542480726785e-14","1.2656542480726785e-14","1.2656542480726785e-14"
"1503","0.000335693359375","0.000335693359375","0.000335693359375"
"1504","0.69140625","0.69140625","0.69140625"
"1505","0.0181884765625","0.0181884765625","0.0181884765625"
"1507","16","16","16"
"1508","1.126900315284729e-7","1.126900315284729e-7","1.126900315284729e-7"
"1509","0.69140625","0.69140625","0.69140625"
"1510","0.69140625","0.69140625","0.69140625"
"1511","0.69140625","0.69140625","0.69140625"
"1512","8","8","8"
"1514","0.69140625","0.69140625","0.69140625"
"1516","0.000335693359375","0.000335693359375","0.000335693359375"
"1517","8","8","8"
"1518","0.000335693359375","0.000335693359375","0.000335693359375"
"1519","0.69140625","0.69140625","0.69140625"
"1520","0.69140625","0.69140625","0.69140625"
"1521","0.000335693359375","0.000335693359375","0.000335693359375"
"1522","0.69140625","0.69140625","0.69140625"
"1523","0.000335693359375","0.000335693359375","0.000335693359375"
"1524","0.000006139278411865234","0.000006139278411865234","0.000006139278411865234"
"1525","0.69140625","0.69140625","0.69140625"
"1526","0.69140625","0.69140625","0.69140625"
"1527","8","8","8"
"1528","16","16","16"
"1529","1.126900315284729e-7","1.126900315284729e-7","1.126900315284729e-7"
"1531","1.126900315284729e-7","1.126900315284729e-7","1.126900315284729e-7"
"1532","0.000335693359375","0.000335693359375","0.000335693359375"
"1533","8","8","8"
"1534","0.69140625","0.69140625","0.69140625"
"1535","0.69140625","0.69140625","0.69140625"
"1536","0.000335693359375","0.000335693359375","0.000335693359375"
"1537","1.126900315284729e-7","1.126900315284729e-7","1.126900315284729e-7"
"1539","8","8","8"
"1540","0.69140625","0.69140625","0.69140625"
"1541","16","16","16"
"1542","0.000335693359375","0.000335693359375","0.000335693359375"
"1543","1.126900315284729e-7","1.126900315284729e-7","1.126900315284729e-7"
"1544","0.000335693359375","0.000335693359375","0.000335693359375"
"1545","12","12","12"
"1546","0.69140625","0.69140625","0.69140625"
"1547","1.126900315284729e-7","1.126900315284729e-7","1.126900315284729e-7"
"1548","1.126900315284729e-7","1.126900315284729e-7","1.126900315284729e-7"
"1549","0.000335693359375","0.000335693359375","0.000335693359375"
"1550","0.000335693359375","0.000335693359375","0.000335693359375"
"1551","8.307397365570068e-7","8.307397365570068e-7","8.307397365570068e-7"
"1552","0.69140625","0.69140625","0.69140625"
"1553","0.69140625","0.69140625","0.69140625"
"1554","1.126900315284729e-7","1.126900315284729e-7","1.126900315284729e-7"
"1555","0.69140625","0.69140625","0.69140625"
"1556","8","8","8"
"1557","16","16","16"
"1558","8","8","8"
"1559","0.69140625","0.69140625","0.69140625"
"1560","32","32","32"
"1561","1.126900315284729e-7","1.126900315284729e-7","1.126900315284729e-7"
"1562","0.000335693359375","0.000335693359375","0.000335693359375"
"1563","1.126900315284729e-7","1.126900315284729e-7","1.126900315284729e-7"
"1564","0.69140625","0.69140625","0.69140625"
"1565","0.0181884765625","0.0181884765625","0.0181884765625"
"1566","0.69140625","0.69140625","0.69140625"
"1567","0.69140625","0.69140625","0.69140625"
"1568","0.69140625","0.69140625","0.69140625"
"1569","0.0181884765625","0.0181884765625","0.0181884765625"
"1570","0.0181884765625","0.0181884765625","0.0181884765625"
"1572","1.126900315284729e-7","1.126900315284729e-7","1.126900315284729e-7"
"1573","1.126900315284729e-7","1.126900315284729e-7","1.126900315284729e-7"
"1574","8","8","8"
"1575","8","8","8"
"1576","1.126900315284729e-7","1.126900315284729e-7","1.126900315284729e-7"
"1577","1.126900315284729e-7","1.126900315284729e-7","1.126900315284729e-7"
"1578","0.000335693359375","0.000335693359375","0.000335693359375"
"1580","1.126900315284729e-7","1.126900315284729e-7","1.126900315284729e-7"
"1582","0.69140625","0.69140625","0.69140625"
"1583","0.69140625","0.69140625","0.69140625"
"1584","0.000335693359375","0.000335693359375","0.000335693359375"
"1585","0.0181884765625","0.0181884765625","0.0181884765625"
"1586","1.126900315284729e-7","1.126900315284729e-7","1.126900315284729e-7"
"1587","0.69140625","0.69140625","0.69140625"
"1588","0.69140625","0.69140625","0.69140625"
"1589","0.000335693359375","0.000335693359375","0.000335693359375"
"1591","1.126900315284729e-7","1.126900315284729e-7","1.126900315284729e-7"
"1592","4.03125","4.03125","4.03125"
"1594","8","8","8"
"1595","0.69140625","0.69140625","0.69140625"
"1596","0.69140625","0.69140625","0.69140625"
"1598","0.69140625","0.69140625","0.69140625"
"1599","0.000335693359375","0.000335693359375","0.000335693359375"
"1600","0.69140625","0.69140625","0.69140625"
"1601","8","8","8"
"1602","0.000335693359375","0.000335693359375","0.000335693359375"
"1603","0.69140625","0.69140625","0.69140625"
"1604","8","8","8"
"1605","0.69140625","0.69140625","0.69140625"
"1606","0.000335693359375","0.000335693359375","0.000335693359375"
"1607","1.2656542480726785e-14","1.2656542480726785e-14","1.2656542480726785e-14"
"1608","0.69140625","0.69140625","0.69140625"
"1609","0.69140625","0.69140625","0.69140625"
"1610","0.000006139278411865234","0.000006139278411865234","0.000006139278411865234"
"1611","16","16","16"
"1612","0.69140625","0.69140625","0.69140625"
"1613","8","8","8"
"1614","8","8","8"
"1615","8","8","8"
"1616","0.69140625","0.69140625","0.69140625"
"1617","0.0181884765625","0.0181884765625","0.0181884765625"
"1618","0.69140625","0.69140625","0.69140625"
"1619","0.000335693359375","0.000335693359375","0.000335693359375"
"1620","0.69140625","0.69140625","0.69140625"
"1621","0.69140625","0.69140625","0.69140625"
"1622","0.69140625","0.69140625","0.69140625"
"1623","0.000335693359375","0.000335693359375","0.000335693359375"
"1624","0.000335693359375","0.000335693359375","0.000335693359375"
"1626","0.69140625","0.69140625","0.69140625"
"1627","0.69140625","0.69140625","0.69140625"
"1628","8","8","8"
"1629","4.03125","4.03125","4.03125"
"1630","0.000335693359375","0.000335693359375","0.000335693359375"
"1631","0.69140625","0.69140625","0.69140625"
"1632","1.126900315284729e-7","1.126900315284729e-7","1.126900315284729e-7"
"1633","8","8","8"
"1634","0.69140625","0.69140625","0.69140625"
"1635","16","16","16"
"1636","0.69140625","0.69140625","0.69140625"
"1637","0.000335693359375","0.000335693359375","0.000335693359375"
"1638","0.69140625","0.69140625","0.69140625"
"1639","16","16","16"
"1640","0.69140625","0.69140625","0.69140625"
"1641","0.000335693359375","0.000335693359375","0.000335693359375"
"1642","0.69140625","0.69140625","0.69140625"
"1643","0.69140625","0.69140625","0.69140625"
"1644","8","8","8"
"1645","8","8","8"
"1646","0.69140625","0.69140625","0.69140625"
"1647","0.0181884765625","0.0181884765625","0.0181884765625"
"1648","6.927791673660977e-13","6.927791673660977e-13","6.927791673660977e-13"
"1649","8","8","8"
"1650","4.03125","4.03125","4.03125"
"1651","1.126900315284729e-7","1.126900315284729e-7","1.126900315284729e-7"
"1652","8","8","8"
"1653","0.69140625","0.69140625","0.69140625"
"1654","0.69140625","0.69140625","0.69140625"
"1655","0.000335693359375","0.000335693359375","0.000335693359375"
"1656","0.69140625","0.69140625","0.69140625"
"1657","0.000335693359375","0.000335693359375","0.000335693359375"
"1658","0.69140625","0.69140625","0.69140625"
"1659","0.69140625","0.69140625","0.69140625"
"1660","8","8","8"
"1661","0.000335693359375","0.000335693359375","0.000335693359375"
"1662","8","8","8"
"1663","0.69140625","0.69140625","0.69140625"
"1664","0.0181884765625","0.0181884765625","0.0181884765625"
"1665","8","8","8"
"1666","0.000335693359375","0.000335693359375","0.000335693359375"
"1667","0.000335693359375","0.000335693359375","0.000335693359375"
"1669","1.126900315284729e-7","1.126900315284729e-7","1.126900315284729e-7"
"1670","0.69140625","0.69140625","0.69140625"
"1671","0.0181884765625","0.0181884765625","0.0181884765625"
"1672","0.69140625","0.69140625","0.69140625"
"1673","6","6","6"
"1674","8","8","8"
"1675","8","8","8"
"1676","8","8","8"
"1677","0.000006139278411865234","0.000006139278411865234","0.000006139278411865234"
"1678","1.126900315284729e-7","1.126900315284729e-7","1.126900315284729e-7"
"1679","0.0181884765625","0.0181884765625","0.0181884765625"
"1680","6","6","6"
"1681","0.000335693359375","0.000335693359375","0.000335693359375"
"1682","0.000335693359375","0.000335693359375","0.000335693359375"
"1683","8","8","8"
"1684","0.000335693359375","0.000335693359375","0.000335693359375"
"1685","0.69140625","0.69140625","0.69140625"
"1686","0.000335693359375","0.000335693359375","0.000335693359375"
"1688","0.69140625","0.69140625","0.69140625"
"1689","0.000335693359375","0.000335693359375","0.000335693359375"
"1690","8","8","8"
"1691","0.69140625","0.69140625","0.69140625"
"1692","0.000335693359375","0.000335693359375","0.000335693359375"
"1693","0.69140625","0.69140625","0.69140625"
"1694","16","16","16"
"1695","1.126900315284729e-7","1.126900315284729e-7","1.126900315284729e-7"
"1696","0.000335693359375","0.000335693359375","0.000335693359375"
"1697","0.69140625","0.69140625","0.69140625"
"1698","0.69140625","0.69140625","0.69140625"
"1700","8","8","8"
"1701","0.0181884765625","0.0181884765625","0.0181884765625"
"1702","8","8","8"
"1703","0.0181884765625","0.0181884765625","0.0181884765625"
"1704","8","8","8"
"1705","1.126900315284729e-7","1.126900315284729e-7","1.126900315284729e-7"
"1706","0.69140625","0.69140625","0.69140625"
"1707","0.69140625","0.69140625","0.69140625"
"1709","0.000335693359375","0.000335693359375","0.000335693359375"
"1710","1.126900315284729e-7","1.126900315284729e-7","1.126900315284729e-7"
"1711","0.000335693359375","0.000335693359375","0.000335693359375"
"1712","1.126900315284729e-7","1.126900315284729e-7","1.126900315284729e-7"
"1713","0.69140625","0.69140625","0.69140625"
"1714","0.69140625","0.69140625","0.69140625"
"1715","0.000335693359375","0.000335693359375","0.000335693359375"
"1716","0.69140625","0.69140625","0.69140625"
"1717","0.69140625","0.69140625","0.69140625"
"1718","4.03125","4.03125","4.03125"
"1719","0.69140625","0.69140625","0.69140625"
"1720","0.69140625","0.69140625","0.69140625"
"1721","0.69140625","0.69140625","0.69140625"
"1722","1.126900315284729e-7","1.126900315284729e-7","1.126900315284729e-7"
"1723","0.000335693359375","0.000335693359375","0.000335693359375"
"1724","0.000335693359375","0.000335693359375","0.000335693359375"
"1725","16","16","16"
"1726","8","8","8"
"1727","8","8","8"
"1728","0.69140625","0.69140625","0.69140625"
"1729","0.69140625","0.69140625","0.69140625"
"1730","0.002471923828125","0.002471923828125","0.002471923828125"
"1731","0.000335693359375","0.000335693359375","0.000335693359375"
"1732","0.69140625","0.69140625","0.69140625"
"1733","0.69140625","0.69140625","0.69140625"
"1734","0.69140625","0.69140625","0.69140625"
"1735","0.69140625","0.69140625","0.69140625"
"1736","0.69140625","0.69140625","0.69140625"
"1737","1.126900315284729e-7","1.126900315284729e-7","1.126900315284729e-7"
"1738","8","8","8"
"1740","0.69140625","0.69140625","0.69140625"
"1741","0.000335693359375","0.000335693359375","0.000335693359375"
"1742","0.69140625","0.69140625","0.69140625"
"1743","0.69140625","0.69140625","0.69140625"
"1744","0.69140625","0.69140625","0.69140625"
"1746","0.0181884765625","0.0181884765625","0.0181884765625"
"1747","0.69140625","0.69140625","0.69140625"
"1748","4.03125","4.03125","4.03125"
"1749","0.000335693359375","0.000335693359375","0.000335693359375"
"1750","1.126900315284729e-7","1.126900315284729e-7","1.126900315284729e-7"
"1751","0.69140625","0.69140625","0.69140625"
"1752","0.69140625","0.69140625","0.69140625"
"1753","0.69140625","0.69140625","0.69140625"
"1754","0.69140625","0.69140625","0.69140625"
"1755","16","16","16"
"1756","0.69140625","0.69140625","0.69140625"
"1757","0.000335693359375","0.000335693359375","0.000335693359375"
"1758","0.69140625","0.69140625","0.69140625"
"1759","0.69140625","0.69140625","0.69140625"
"1760","0.69140625","0.69140625","0.69140625"
"1761","8","8","8"
"1762","0.69140625","0.69140625","0.69140625"
"1763","0.69140625","0.69140625","0.69140625"
"1765","0.69140625","0.69140625","0.69140625"
"1767","0.69140625","0.69140625","0.69140625"
"1768","0.69140625","0.69140625","0.69140625"
"1769","8","8","8"
"1770","0.69140625","0.69140625","0.69140625"
"1771","0.69140625","0.69140625","0.69140625"
"1772","16","16","16"
"1773","32","32","32"
"1774","0.0181884765625","0.0181884765625","0.0181884765625"
"1775","0.000335693359375","0.000335693359375","0.000335693359375"
"1776","1.126900315284729e-7","1.126900315284729e-7","1.126900315284729e-7"
"1777","0.000335693359375","0.000335693359375","0.000335693359375"
"1778","0.0181884765625","0.0181884765625","0.0181884765625"
"1779","8","8","8"
"1780","0.69140625","0.69140625","0.69140625"
"1781","0.000335693359375","0.000335693359375","0.000335693359375"
"1782","0.69140625","0.69140625","0.69140625"
"1783","0.69140625","0.69140625","0.69140625"
"1785","0.69140625","0.69140625","0.69140625"
"1786","0.69140625","0.69140625","0.69140625"
"1787","0.69140625","0.69140625","0.69140625"
"1788","0.69140625","0.69140625","0.69140625"
"1790","0.69140625","0.69140625","0.69140625"
"1791","0.69140625","0.69140625","0.69140625"
"1792","1.126900315284729e-7","1.126900315284729e-7","1.126900315284729e-7"
"1793","0.69140625","0.69140625","0.69140625"
"1794","0.69140625","0.69140625","0.69140625"
"1795","0.69140625","0.69140625","0.69140625"
"1796","0.0181884765625","0.0181884765625","0.0181884765625"
"1797","0.69140625","0.69140625","0.69140625"
"1798","0.69140625","0.69140625","0.69140625"
"1799","0.69140625","0.69140625","0.69140625"
"1800","0.69140625","0.69140625","0.69140625"
"1801","1.126900315284729e-7","1.126900315284729e-7","1.126900315284729e-7"
"1802","8","8","8"
"1803","0.69140625","0.69140625","0.69140625"
"1804","0.69140625","0.69140625","0.69140625"
"1805","0.69140625","0.69140625","0.69140625"
"1806","0.69140625","0.69140625","0.69140625"
"1807","16","16","16"
"1808","2.125","2.125","2.125"
"1809","8","8","8"
"1810","1.126900315284729e-7","1.126900315284729e-7","1.126900315284729e-7"
"1811","0.69140625","0.69140625","0.69140625"
"1812","16","16","16"
"1813","1.126900315284729e-7","1.126900315284729e-7","1.126900315284729e-7"
"1814","0.69140625","0.69140625","0.69140625"
"1815","0.69140625","0.69140625","0.69140625"
"1816","0.69140625","0.69140625","0.69140625"
"1817","0.69140625","0.69140625","0.69140625"
"1819","0.69140625","0.69140625","0.69140625"
"1820","0.000335693359375","0.000335693359375","0.000335693359375"
"1821","0.000335693359375","0.000335693359375","0.000335693359375"
"1822","0.69140625","0.69140625","0.69140625"
"1823","0.69140625","0.69140625","0.69140625"
"1824","0.69140625","0.69140625","0.69140625"
"1825","0.69140625","0.69140625","0.69140625"
"1826","0.69140625","0.69140625","0.69140625"
"1827","0.69140625","0.69140625","0.69140625"
"1828","2.125","2.125","2.125"
"1829","0.69140625","0.69140625","0.69140625"
"1830","0.69140625","0.69140625","0.69140625"
"1831","16","16","16"
"1832","16","16","16"
"1833","0.69140625","0.69140625","0.69140625"
"1834","0.69140625","0.69140625","0.69140625"
"1835","0.69140625","0.69140625","0.69140625"
"1836","0.69140625","0.69140625","0.69140625"
"1837","0.69140625","0.69140625","0.69140625"
"1838","0.69140625","0.69140625","0.69140625"
"1839","0.69140625","0.69140625","0.69140625"
"1840","0.69140625","0.69140625","0.69140625"
"1841","0.69140625","0.69140625","0.69140625"
"1842","1.2656542480726785e-14","1.2656542480726785e-14","1.2656542480726785e-14"
"1843","0.69140625","0.69140625","0.69140625"
"1844","8","8","8"
"1845","0.69140625","0.69140625","0.69140625"
"1846","0.69140625","0.69140625","0.69140625"
"1849","0.69140625","0.69140625","0.69140625"
"1850","0.69140625","0.69140625","0.69140625"
"1851","8","8","8"
"1852","0.69140625","0.69140625","0.69140625"
"1853","0.69140625","0.69140625","0.69140625"
"1854","0.69140625","0.69140625","0.69140625"
"1855","16","16","16"
"1856","0.69140625","0.69140625","0.69140625"
"1857","0.69140625","0.69140625","0.69140625"
"1858","0.126953125","0.126953125","0.126953125"
"1859","0.69140625","0.69140625","0.69140625"
"1860","0.69140625","0.69140625","0.69140625"
"1861","0.69140625","0.69140625","0.69140625"
"1862","8","8","8"
"1864","0.000335693359375","0.000335693359375","0.000335693359375"
"1865","0.000335693359375","0.000335693359375","0.000335693359375"
"1866","4.03125","4.03125","4.03125"
"1867","0.69140625","0.69140625","0.69140625"
"1868","1.126900315284729e-7","1.126900315284729e-7","1.126900315284729e-7"
"1869","4.03125","4.03125","4.03125"
"1870","4.03125","4.03125","4.03125"
"1871","0.69140625","0.69140625","0.69140625"
"1872","8","8","8"
"1873","0.000335693359375","0.000335693359375","0.000335693359375"
"1874","4.03125","4.03125","4.03125"
"1875","0.69140625","0.69140625","0.69140625"
"1876","0.000335693359375","0.000335693359375","0.000335693359375"
"1877","8","8","8"
"1878","0.000335693359375","0.000335693359375","0.000335693359375"
"1879","0.69140625","0.69140625","0.69140625"
"1880","0.69140625","0.69140625","0.69140625"
"1881","0.0181884765625","0.0181884765625","0.0181884765625"
"1882","0.69140625","0.69140625","0.69140625"
"1883","0.69140625","0.69140625","0.69140625"
"1884","0.000006139278411865234","0.000006139278411865234","0.000006139278411865234"
"1885","0.000335693359375","0.000335693359375","0.000335693359375"
"1886","8","8","8"
"1887","16","16","16"
"1888","0.69140625","0.69140625","0.69140625"
"1889","1.126900315284729e-7","1.126900315284729e-7","1.126900315284729e-7"
"1890","16","16","16"
"1891","16","16","16"
"1892","1.126900315284729e-7","1.126900315284729e-7","1.126900315284729e-7"
"1893","8","8","8"
"1894","0.69140625","0.69140625","0.69140625"
"1895","0.0181884765625","0.0181884765625","0.0181884765625"
"1896","3.774403012357652e-11","3.774403012357652e-11","3.774403012357652e-11"
"1897","0.69140625","0.69140625","0.69140625"
"1898","0.69140625","0.69140625","0.69140625"
"1899","0.69140625","0.69140625","0.69140625"
"1900","0.000335693359375","0.000335693359375","0.000335693359375"
"1901","0.000335693359375","0.000335693359375","0.000335693359375"
"1902","0.69140625","0.69140625","0.69140625"
"1903","0.000335693359375","0.000335693359375","0.000335693359375"
"1904","0.69140625","0.69140625","0.69140625"
"1905","0.0181884765625","0.0181884765625","0.0181884765625"
"1906","0.69140625","0.69140625","0.69140625"
"1907","16","16","16"
"1908","4.03125","4.03125","4.03125"
"1909","8","8","8"
"1910","0.000335693359375","0.000335693359375","0.000335693359375"
"1911","0.000335693359375","0.000335693359375","0.000335693359375"
"1912","4.03125","4.03125","4.03125"
"1913","0.69140625","0.69140625","0.69140625"
"1914","4.03125","4.03125","4.03125"
"1915","0.000335693359375","0.000335693359375","0.000335693359375"
"1916","1.126900315284729e-7","1.126900315284729e-7","1.126900315284729e-7"
"1918","8","8","8"
"1919","0.69140625","0.69140625","0.69140625"
"1920","0.000335693359375","0.000335693359375","0.000335693359375"
"1921","0.0181884765625","0.0181884765625","0.0181884765625"
"1923","0.69140625","0.69140625","0.69140625"
"1924","0.69140625","0.69140625","0.69140625"
"1925","8","8","8"
"1926","0.000335693359375","0.000335693359375","0.000335693359375"
"1927","0.69140625","0.69140625","0.69140625"
"1928","0.126953125","0.126953125","0.126953125"
"1929","0.69140625","0.69140625","0.69140625"
"1930","3.774403012357652e-11","3.774403012357652e-11","3.774403012357652e-11"
"1932","0.69140625","0.69140625","0.69140625"
"1933","16","16","16"
"1934","0.000335693359375","0.000335693359375","0.000335693359375"
"1935","0.69140625","0.69140625","0.69140625"
"1936","0.69140625","0.69140625","0.69140625"
"1937","3.774403012357652e-11","3.774403012357652e-11","3.774403012357652e-11"
"1938","0.69140625","0.69140625","0.69140625"
"1939","0.69140625","0.69140625","0.69140625"
"1940","0.69140625","0.69140625","0.69140625"
"1941","0.69140625","0.69140625","0.69140625"
"1942","0.0181884765625","0.0181884765625","0.0181884765625"
"1943","0.000335693359375","0.000335693359375","0.000335693359375"
"1944","1.2656542480726785e-14","1.2656542480726785e-14","1.2656542480726785e-14"
"1945","0.000335693359375","0.000335693359375","0.000335693359375"
"1946","0.0181884765625","0.0181884765625","0.0181884765625"
"1947","0.000335693359375","0.000335693359375","0.000335693359375"
"1948","0.69140625","0.69140625","0.69140625"
"1949","1.2656542480726785e-14","1.2656542480726785e-14","1.2656542480726785e-14"
"1950","0.000006139278411865234","0.000006139278411865234","0.000006139278411865234"
"1951","0.000335693359375","0.000335693359375","0.000335693359375"
"1952","4.03125","4.03125","4.03125"
"1953","0.0181884765625","0.0181884765625","0.0181884765625"
"1954","4.03125","4.03125","4.03125"
"1955","0.69140625","0.69140625","0.69140625"
"1956","8","8","8"
"1957","0.69140625","0.69140625","0.69140625"
"1959","0.69140625","0.69140625","0.69140625"
"1960","8","8","8"
"1961","8","8","8"
"1962","0.126953125","0.126953125","0.126953125"
"1963","0.000335693359375","0.000335693359375","0.000335693359375"
"1964","0.69140625","0.69140625","0.69140625"
"1965","0.000335693359375","0.000335693359375","0.000335693359375"
"1966","8","8","8"
"1967","16","16","16"
"1968","0.69140625","0.69140625","0.69140625"
"1969","12","12","12"
"1970","0.69140625","0.69140625","0.69140625"
"1971","4.03125","4.03125","4.03125"
"1972","0.69140625","0.69140625","0.69140625"
"1973","0.69140625","0.69140625","0.69140625"
"1974","0.0181884765625","0.0181884765625","0.0181884765625"
"1975","1.126900315284729e-7","1.126900315284729e-7","1.126900315284729e-7"
"1977","0.69140625","0.69140625","0.69140625"
"1978","0.000335693359375","0.000335693359375","0.000335693359375"
"1979","0.000335693359375","0.000335693359375","0.000335693359375"
"1980","0.0181884765625","0.0181884765625","0.0181884765625"
"1981","0.69140625","0.69140625","0.69140625"
"1982","0.69140625","0.69140625","0.69140625"
"1983","1.126900315284729e-7","1.126900315284729e-7","1.126900315284729e-7"
"1984","0.69140625","0.69140625","0.69140625"
"1985","0.0181884765625","0.0181884765625","0.0181884765625"
"1986","0.69140625","0.69140625","0.69140625"
"1987","0.69140625","0.69140625","0.69140625"
"1988","0.69140625","0.69140625","0.69140625"
"1989","0.69140625","0.69140625","0.69140625"
"1990","0.0181884765625","0.0181884765625","0.0181884765625"
"1991","0.69140625","0.69140625","0.69140625"
"1992","0.69140625","0.69140625","0.69140625"
"1993","0.0181884765625","0.0181884765625","0.0181884765625"
"1994","1.126900315284729e-7","1.126900315284729e-7","1.126900315284729e-7"
"1995","0.69140625","0.69140625","0.69140625"
"1996","0.69140625","0.69140625","0.69140625"
"1997","0.000335693359375","0.000335693359375","0.000335693359375"
"1998","0.69140625","0.69140625","0.69140625"
"1999","0.69140625","0.69140625","0.69140625"
"2000","0.69140625","0.69140625","0.69140625"
"2001","4.03125","4.03125","4.03125"
"2002","0.69140625","0.69140625","0.69140625"
"2003","0.69140625","0.69140625","0.69140625"
"2004","0.69140625","0.69140625","0.69140625"
"2005","0.69140625","0.69140625","0.69140625"
"2006","0.69140625","0.69140625","0.69140625"
"2007","0.69140625","0.69140625","0.69140625"
"2008","0.69140625","0.69140625","0.69140625"
"2009","0.69140625","0.69140625","0.69140625"
"2010","0.69140625","0.69140625","0.69140625"
"2011","0.69140625","0.69140625","0.69140625"
"2012","0.000335693359375","0.000335693359375","0.000335693359375"
"2013","8","8","8"
"2014","16","16","16"
"2015","0.000335693359375","0.000335693359375","0.000335693359375"
"2016","16","16","16"
"2017","0.69140625","0.69140625","0.69140625"
"2019","16","16","16"
"2020","0.69140625","0.69140625","0.69140625"
"2021","1.126900315284729e-7","1.126900315284729e-7","1.126900315284729e-7"
"2023","0.69140625","0.69140625","0.69140625"
"2024","0.69140625","0.69140625","0.69140625"
"2025","0.69140625","0.69140625","0.69140625"
"2026","0.69140625","0.69140625","0.69140625"
"2027","0.000335693359375","0.000335693359375","0.000335693359375"
"2028","16","16","16"
"2029","8","8","8"
"2030","0.000335693359375","0.000335693359375","0.000335693359375"
"2031","0.69140625","0.69140625","0.69140625"
"2032","0.69140625","0.69140625","0.69140625"
"2033","32","32","32"
"2034","0.69140625","0.69140625","0.69140625"
"2035","0.000335693359375","0.000335693359375","0.000335693359375"
"2036","0.69140625","0.69140625","0.69140625"
"2037","0.000335693359375","0.000335693359375","0.000335693359375"
"2038","1.126900315284729e-7","1.126900315284729e-7","1.126900315284729e-7"
"2039","0.000335693359375","0.000335693359375","0.000335693359375"
"2040","0.69140625","0.69140625","0.69140625"
"2041","0.000335693359375","0.000335693359375","0.000335693359375"
"2042","1.601387637598654e-28","1.601387637598654e-28","1.601387637598654e-28"
"2043","0.69140625","0.69140625","0.69140625"
"2044","8","8","8"
"2045","0.000335693359375","0.000335693359375","0.000335693359375"
"2046","0.000335693359375","0.000335693359375","0.000335693359375"
"2047","16","16","16"
"2048","0.000335693359375","0.000335693359375","0.000335693359375"
"2049","0.69140625","0.69140625","0.69140625"
"2050","0.69140625","0.69140625","0.69140625"
"2051","8","8","8"
"2052","0.000335693359375","0.000335693359375","0.000335693359375"
"2054","2.125","2.125","2.125"
"2055","1.126900315284729e-7","1.126900315284729e-7","1.126900315284729e-7"
"2056","0.69140625","0.69140625","0.69140625"
"2057","0.69140625","0.69140625","0.69140625"
"2058","8","8","8"
"2059","0.000335693359375","0.000335693359375","0.000335693359375"
"2060","0.69140625","0.69140625","0.69140625"
"2061","0.0181884765625","0.0181884765625","0.0181884765625"
"2062","0.0181884765625","0.0181884765625","0.0181884765625"
"2063","1.2656542480726785e-14","1.2656542480726785e-14","1.2656542480726785e-14"
"2064","0.0181884765625","0.0181884765625","0.0181884765625"
"2065","8","8","8"
"2066","0.69140625","0.69140625","0.69140625"
"2067","0.69140625","0.69140625","0.69140625"
"2068","0.69140625","0.69140625","0.69140625"
"2070","0.69140625","0.69140625","0.69140625"
"2071","0.000335693359375","0.000335693359375","0.000335693359375"
"2072","0.69140625","0.69140625","0.69140625"
"2073","0.69140625","0.69140625","0.69140625"
"2074","0.69140625","0.69140625","0.69140625"
"2076","0.69140625","0.69140625","0.69140625"
"2077","0.000335693359375","0.000335693359375","0.000335693359375"
"2078","6","6","6"
"2079","0.002471923828125","0.002471923828125","0.002471923828125"
"2080","0.69140625","0.69140625","0.69140625"
"2081","0.69140625","0.69140625","0.69140625"
"2082","4.03125","4.03125","4.03125"
"2084","0.69140625","0.69140625","0.69140625"
"2085","0.69140625","0.69140625","0.69140625"
"2086","0.69140625","0.69140625","0.69140625"
"2087","0.69140625","0.69140625","0.69140625"
"2088","1.126900315284729e-7","1.126900315284729e-7","1.126900315284729e-7"
"2089","0.69140625","0.69140625","0.69140625"
"2090","0.69140625","0.69140625","0.69140625"
"2092","1.126900315284729e-7","1.126900315284729e-7","1.126900315284729e-7"
"2093","0.000335693359375","0.000335693359375","0.000335693359375"
"2094","8","8","8"
"2095","16","16","16"
"2096","0.000335693359375","0.000335693359375","0.000335693359375"
"2097","6.927791673660977e-13","6.927791673660977e-13","6.927791673660977e-13"
"2098","8","8","8"
"2099","0.69140625","0.69140625","0.69140625"
"2100","8","8","8"
"2101","0.69140625","0.69140625","0.69140625"
"2102","0.0181884765625","0.0181884765625","0.0181884765625"
"2103","1.126900315284729e-7","1.126900315284729e-7","1.126900315284729e-7"
"2104","8","8","8"
"2105","0.69140625","0.69140625","0.69140625"
"2106","1.126900315284729e-7","1.126900315284729e-7","1.126900315284729e-7"
"2107","0.69140625","0.69140625","0.69140625"
"2108","0.000335693359375","0.000335693359375","0.000335693359375"
"2109","1.126900315284729e-7","1.126900315284729e-7","1.126900315284729e-7"
"2110","0.69140625","0.69140625","0.69140625"
"2111","1.126900315284729e-7","1.126900315284729e-7","1.126900315284729e-7"
"2112","0.000335693359375","0.000335693359375","0.000335693359375"
"2115","0.69140625","0.69140625","0.69140625"
"2116","0.0181884765625","0.0181884765625","0.0181884765625"
"2117","8","8","8"
"2118","0.69140625","0.69140625","0.69140625"
"2119","0.000335693359375","0.000335693359375","0.000335693359375"
"2120","16","16","16"
"2121","1.126900315284729e-7","1.126900315284729e-7","1.126900315284729e-7"
"2122","0.000335693359375","0.000335693359375","0.000335693359375"
"2123","0.69140625","0.69140625","0.69140625"
"2124","0.69140625","0.69140625","0.69140625"
"2125","0.000335693359375","0.000335693359375","0.000335693359375"
"2126","16","16","16"
"2127","8","8","8"
"2129","0.000335693359375","0.000335693359375","0.000335693359375"
"2130","0.69140625","0.69140625","0.69140625"
"2131","0.69140625","0.69140625","0.69140625"
"2133","0.000006139278411865234","0.000006139278411865234","0.000006139278411865234"
"2134","16","16","16"
"2135","0.000335693359375","0.000335693359375","0.000335693359375"
"2136","0.002471923828125","0.002471923828125","0.002471923828125"
"2137","0.69140625","0.69140625","0.69140625"
"2138","8","8","8"
"2140","4.03125","4.03125","4.03125"
"2141","0.69140625","0.69140625","0.69140625"
"2142","0.69140625","0.69140625","0.69140625"
"2143","1.126900315284729e-7","1.126900315284729e-7","1.126900315284729e-7"
"2144","0.000335693359375","0.000335693359375","0.000335693359375"
"2145","8","8","8"
"2146","0.69140625","0.69140625","0.69140625"
"2147","1.126900315284729e-7","1.126900315284729e-7","1.126900315284729e-7"
"2148","8","8","8"
"2149","0.69140625","0.69140625","0.69140625"
"2150","0.69140625","0.69140625","0.69140625"
"2151","0.000335693359375","0.000335693359375","0.000335693359375"
"2152","8","8","8"
"2153","0.69140625","0.69140625","0.69140625"
"2154","0.000335693359375","0.000335693359375","0.000335693359375"
"2155","1.126900315284729e-7","1.126900315284729e-7","1.126900315284729e-7"
"2156","4.03125","4.03125","4.03125"
"2157","0.69140625","0.69140625","0.69140625"
"2158","0.69140625","0.69140625","0.69140625"
"2159","1.126900315284729e-7","1.126900315284729e-7","1.126900315284729e-7"
"2160","8","8","8"
"2161","8","8","8"
"2162","0.0181884765625","0.0181884765625","0.0181884765625"
"2163","8","8","8"
"2164","8","8","8"
"2165","0.69140625","0.69140625","0.69140625"
"2166","1.126900315284729e-7","1.126900315284729e-7","1.126900315284729e-7"
"2167","0.69140625","0.69140625","0.69140625"
"2168","0.69140625","0.69140625","0.69140625"
"2169","0.69140625","0.69140625","0.69140625"
"2170","0.69140625","0.69140625","0.69140625"
"2171","0.69140625","0.69140625","0.69140625"
"2172","0.69140625","0.69140625","0.69140625"
"2173","0.69140625","0.69140625","0.69140625"
"2174","8","8","8"
"2175","0.69140625","0.69140625","0.69140625"
"2176","0.69140625","0.69140625","0.69140625"
"2177","0.69140625","0.69140625","0.69140625"
"2178","0.69140625","0.69140625","0.69140625"
"2179","8","8","8"
"2180","0.000335693359375","0.000335693359375","0.000335693359375"
"2181","0.69140625","0.69140625","0.69140625"
"2182","0.69140625","0.69140625","0.69140625"
"2183","8","8","8"
"2184","0.69140625","0.69140625","0.69140625"
"2185","8","8","8"
"2186","8","8","8"
"2187","0.000335693359375","0.000335693359375","0.000335693359375"
"2188","16","16","16"
"2189","3.774403012357652e-11","3.774403012357652e-11","3.774403012357652e-11"
"2190","0.69140625","0.69140625","0.69140625"
"2191","2.125","2.125","2.125"
"2192","0.69140625","0.69140625","0.69140625"
"2193","0.000335693359375","0.000335693359375","0.000335693359375"
"2194","0.000335693359375","0.000335693359375","0.000335693359375"
"2195","0.000335693359375","0.000335693359375","0.000335693359375"
"2196","0.69140625","0.69140625","0.69140625"
"2197","0.69140625","0.69140625","0.69140625"
"2198","0.002471923828125","0.002471923828125","0.002471923828125"
"2199","4.03125","4.03125","4.03125"
"2200","0.000335693359375","0.000335693359375","0.000335693359375"
"2201","8","8","8"
"2202","0.69140625","0.69140625","0.69140625"
"2203","1.126900315284729e-7","1.126900315284729e-7","1.126900315284729e-7"
"2204","0.69140625","0.69140625","0.69140625"
"2205","0.69140625","0.69140625","0.69140625"
"2206","0.69140625","0.69140625","0.69140625"
"2207","0.000335693359375","0.000335693359375","0.000335693359375"
"2208","0.000335693359375","0.000335693359375","0.000335693359375"
"2209","8","8","8"
"2210","0.000335693359375","0.000335693359375","0.000335693359375"
"2211","0.126953125","0.126953125","0.126953125"
"2212","0.000006139278411865234","0.000006139278411865234","0.000006139278411865234"
"2213","0.000335693359375","0.000335693359375","0.000335693359375"
"2214","4.03125","4.03125","4.03125"
"2215","0.000335693359375","0.000335693359375","0.000335693359375"
"2216","0.69140625","0.69140625","0.69140625"
"2217","0.69140625","0.69140625","0.69140625"
"2218","8","8","8"
"2219","0.69140625","0.69140625","0.69140625"
"2220","0.000335693359375","0.000335693359375","0.000335693359375"
"2221","0.69140625","0.69140625","0.69140625"
"2222","1.126900315284729e-7","1.126900315284729e-7","1.126900315284729e-7"
"2223","1.126900315284729e-7","1.126900315284729e-7","1.126900315284729e-7"
"2225","0.69140625","0.69140625","0.69140625"
"2226","8","8","8"
"2227","0.69140625","0.69140625","0.69140625"
"2228","0.000335693359375","0.000335693359375","0.000335693359375"
"2229","0.126953125","0.126953125","0.126953125"
"2230","0.000335693359375","0.000335693359375","0.000335693359375"
"2231","0.0181884765625","0.0181884765625","0.0181884765625"
"2232","8","8","8"
"2233","0.0181884765625","0.0181884765625","0.0181884765625"
"2234","0.126953125","0.126953125","0.126953125"
"2235","0.69140625","0.69140625","0.69140625"
"2236","0.69140625","0.69140625","0.69140625"
"2237","0.69140625","0.69140625","0.69140625"
"2238","0.000335693359375","0.000335693359375","0.000335693359375"
"2240","0.0181884765625","0.0181884765625","0.0181884765625"
"2241","3.774403012357652e-11","3.774403012357652e-11","3.774403012357652e-11"
"2242","0.69140625","0.69140625","0.69140625"
"2243","8","8","8"
"2244","0.69140625","0.69140625","0.69140625"
"2245","0.000335693359375","0.000335693359375","0.000335693359375"
"2246","16","16","16"
"2247","1.126900315284729e-7","1.126900315284729e-7","1.126900315284729e-7"
"2248","0.0181884765625","0.0181884765625","0.0181884765625"
"2249","0.000006139278411865234","0.000006139278411865234","0.000006139278411865234"
"2251","0.69140625","0.69140625","0.69140625"
"2252","0.69140625","0.69140625","0.69140625"
"2255","0.69140625","0.69140625","0.69140625"
"2257","16","16","16"
"2258","0.000335693359375","0.000335693359375","0.000335693359375"
"2259","1.126900315284729e-7","1.126900315284729e-7","1.126900315284729e-7"
"2260","0.000335693359375","0.000335693359375","0.000335693359375"
"2261","1.126900315284729e-7","1.126900315284729e-7","1.126900315284729e-7"
"2262","0.69140625","0.69140625","0.69140625"
"2263","0.0181884765625","0.0181884765625","0.0181884765625"
"2264","0.69140625","0.69140625","0.69140625"
"2265","0.69140625","0.69140625","0.69140625"
"2266","0.000335693359375","0.000335693359375","0.000335693359375"
"2267","0.000335693359375","0.000335693359375","0.000335693359375"
"2268","4.03125","4.03125","4.03125"
"2269","8","8","8"
"2270","0.69140625","0.69140625","0.69140625"
"2271","4.03125","4.03125","4.03125"
"2272","8","8","8"
"2273","16","16","16"
"2274","0.0181884765625","0.0181884765625","0.0181884765625"
"2275","8","8","8"
"2276","0.69140625","0.69140625","0.69140625"
"2277","0.69140625","0.69140625","0.69140625"
"2278","8","8","8"
"2279","0.000006139278411865234","0.000006139278411865234","0.000006139278411865234"
"2280","0.69140625","0.69140625","0.69140625"
"2281","0.000335693359375","0.000335693359375","0.000335693359375"
"2282","0.69140625","0.69140625","0.69140625"
"2283","0.69140625","0.69140625","0.69140625"
"2284","0.69140625","0.69140625","0.69140625"
"2285","0.69140625","0.69140625","0.69140625"
"2286","1.126900315284729e-7","1.126900315284729e-7","1.126900315284729e-7"
"2287","8","8","8"
"2288","0.69140625","0.69140625","0.69140625"
"2289","0.000335693359375","0.000335693359375","0.000335693359375"
"2290","0.0181884765625","0.0181884765625","0.0181884765625"
"2291","0.69140625","0.69140625","0.69140625"
"2292","0.69140625","0.69140625","0.69140625"
"2293","0.69140625","0.69140625","0.69140625"
"2294","0.69140625","0.69140625","0.69140625"
"2295","0.69140625","0.69140625","0.69140625"
"2296","0.69140625","0.69140625","0.69140625"
"2297","0.69140625","0.69140625","0.69140625"
"2299","0.69140625","0.69140625","0.69140625"
"2300","0.0181884765625","0.0181884765625","0.0181884765625"
"2301","0.69140625","0.69140625","0.69140625"
"2302","1.126900315284729e-7","1.126900315284729e-7","1.126900315284729e-7"
"2303","0.000335693359375","0.000335693359375","0.000335693359375"
"2304","0.69140625","0.69140625","0.69140625"
"2305","0.69140625","0.69140625","0.69140625"
"2308","0.000335693359375","0.000335693359375","0.000335693359375"
"2309","0.69140625","0.69140625","0.69140625"
"2310","1.2656542480726785e-14","1.2656542480726785e-14","1.2656542480726785e-14"
"2311","0.000335693359375","0.000335693359375","0.000335693359375"
"2313","8","8","8"
"2314","8","8","8"
"2315","0.69140625","0.69140625","0.69140625"
"2316","4.03125","4.03125","4.03125"
"2317","8","8","8"
"2318","0.69140625","0.69140625","0.69140625"
"2319","0.000335693359375","0.000335693359375","0.000335693359375"
"2320","0.000335693359375","0.000335693359375","0.000335693359375"
"2321","8","8","8"
"2322","0.000335693359375","0.000335693359375","0.000335693359375"
"2324","0.002471923828125","0.002471923828125","0.002471923828125"
"2325","0.000335693359375","0.000335693359375","0.000335693359375"
"2326","0.69140625","0.69140625","0.69140625"
"2327","8","8","8"
"2328","0.000335693359375","0.000335693359375","0.000335693359375"
"2329","0.000335693359375","0.000335693359375","0.000335693359375"
"2330","0.000335693359375","0.000335693359375","0.000335693359375"
"2331","0.69140625","0.69140625","0.69140625"
"2332","0.69140625","0.69140625","0.69140625"
"2333","0.69140625","0.69140625","0.69140625"
"2334","16","16","16"
"2335","3.774403012357652e-11","3.774403012357652e-11","3.774403012357652e-11"
"2336","0.000335693359375","0.000335693359375","0.000335693359375"
"2337","0.000335693359375","0.000335693359375","0.000335693359375"
"2338","0.69140625","0.69140625","0.69140625"
"2339","1.126900315284729e-7","1.126900315284729e-7","1.126900315284729e-7"
"2340","1.126900315284729e-7","1.126900315284729e-7","1.126900315284729e-7"
"2341","0.69140625","0.69140625","0.69140625"
"2342","0.69140625","0.69140625","0.69140625"
"2343","8","8","8"
"2344","0.69140625","0.69140625","0.69140625"
"2345","0.69140625","0.69140625","0.69140625"
"2346","0.000335693359375","0.000335693359375","0.000335693359375"
"2347","8","8","8"
"2348","0.69140625","0.69140625","0.69140625"
"2349","1.126900315284729e-7","1.126900315284729e-7","1.126900315284729e-7"
"2350","0.000335693359375","0.000335693359375","0.000335693359375"
"2351","24","24","24"
"2352","1.126900315284729e-7","1.126900315284729e-7","1.126900315284729e-7"
"2353","0.69140625","0.69140625","0.69140625"
"2354","0.69140625","0.69140625","0.69140625"
"2355","4.03125","4.03125","4.03125"
"2356","0.69140625","0.69140625","0.69140625"
"2357","0.69140625","0.69140625","0.69140625"
"2358","0.0181884765625","0.0181884765625","0.0181884765625"
"2359","0.69140625","0.69140625","0.69140625"
"2360","8","8","8"
"2361","0.69140625","0.69140625","0.69140625"
"2362","0.69140625","0.69140625","0.69140625"
"2363","0.69140625","0.69140625","0.69140625"
"2364","0.000335693359375","0.000335693359375","0.000335693359375"
"2365","0.0181884765625","0.0181884765625","0.0181884765625"
"2366","0.000006139278411865234","0.000006139278411865234","0.000006139278411865234"
"2368","0.000335693359375","0.000335693359375","0.000335693359375"
"2369","4.03125","4.03125","4.03125"
"2370","0.000335693359375","0.000335693359375","0.000335693359375"
"2371","0.000335693359375","0.000335693359375","0.000335693359375"
"2372","0.0181884765625","0.0181884765625","0.0181884765625"
"2373","0.0181884765625","0.0181884765625","0.0181884765625"
"2374","0.69140625","0.69140625","0.69140625"
"2375","0.69140625","0.69140625","0.69140625"
"2376","0.69140625","0.69140625","0.69140625"
"2377","0.000335693359375","0.000335693359375","0.000335693359375"
"2378","8","8","8"
"2379","0.000335693359375","0.000335693359375","0.000335693359375"
"2380","3.774403012357652e-11","3.774403012357652e-11","3.774403012357652e-11"
"2381","8","8","8"
"2382","0.000335693359375","0.000335693359375","0.000335693359375"
"2383","0.69140625","0.69140625","0.69140625"
"2384","0.69140625","0.69140625","0.69140625"
"2385","0.000335693359375","0.000335693359375","0.000335693359375"
"2386","0.69140625","0.69140625","0.69140625"
"2387","0.000006139278411865234","0.000006139278411865234","0.000006139278411865234"
"2388","0.000335693359375","0.000335693359375","0.000335693359375"
"2389","8","8","8"
"2390","0.000335693359375","0.000335693359375","0.000335693359375"
"2392","0.002471923828125","0.002471923828125","0.002471923828125"
"2393","8","8","8"
"2394","0.69140625","0.69140625","0.69140625"
"2395","0.000335693359375","0.000335693359375","0.000335693359375"
"2396","0.000335693359375","0.000335693359375","0.000335693359375"
"2397","16","16","16"
"2398","0.69140625","0.69140625","0.69140625"
"2399","0.69140625","0.69140625","0.69140625"
"2400","8","8","8"
"2401","1.126900315284729e-7","1.126900315284729e-7","1.126900315284729e-7"
"2402","0.69140625","0.69140625","0.69140625"
"2403","0.000335693359375","0.000335693359375","0.000335693359375"
"2404","0.69140625","0.69140625","0.69140625"
"2405","12","12","12"
"2406","0.000335693359375","0.000335693359375","0.000335693359375"
"2407","4.03125","4.03125","4.03125"
"2408","32","32","32"
"2409","0.69140625","0.69140625","0.69140625"
"2410","8","8","8"
"2411","8","8","8"
"2412","0.69140625","0.69140625","0.69140625"
"2413","4.03125","4.03125","4.03125"
"2414","0.69140625","0.69140625","0.69140625"
"2415","0.000335693359375","0.000335693359375","0.000335693359375"
"2416","0.000335693359375","0.000335693359375","0.000335693359375"
"2417","0.000335693359375","0.000335693359375","0.000335693359375"
"2418","0.69140625","0.69140625","0.69140625"
"2419","0.0181884765625","0.0181884765625","0.0181884765625"
"2420","0.69140625","0.69140625","0.69140625"
"2421","0.000335693359375","0.000335693359375","0.000335693359375"
"2422","0.69140625","0.69140625","0.69140625"
"2423","0.69140625","0.69140625","0.69140625"
"2424","1.126900315284729e-7","1.126900315284729e-7","1.126900315284729e-7"
"2425","0.002471923828125","0.002471923828125","0.002471923828125"
"2426","0.000335693359375","0.000335693359375","0.000335693359375"
"2427","0.0181884765625","0.0181884765625","0.0181884765625"
"2428","4.03125","4.03125","4.03125"
"2429","0.69140625","0.69140625","0.69140625"
"2430","0.0181884765625","0.0181884765625","0.0181884765625"
"2431","16","16","16"
"2432","0.69140625","0.69140625","0.69140625"
"2433","0.000335693359375","0.000335693359375","0.000335693359375"
"2434","0.69140625","0.69140625","0.69140625"
"2435","0.69140625","0.69140625","0.69140625"
"2436","0.69140625","0.69140625","0.69140625"
"2437","0.0181884765625","0.0181884765625","0.0181884765625"
"2438","0.0181884765625","0.0181884765625","0.0181884765625"
"2439","16","16","16"
"2440","0.000335693359375","0.000335693359375","0.000335693359375"
"2441","0.69140625","0.69140625","0.69140625"
"2442","0.000335693359375","0.000335693359375","0.000335693359375"
"2443","0.000335693359375","0.000335693359375","0.000335693359375"
"2444","8","8","8"
"2445","0.69140625","0.69140625","0.69140625"
"2447","0.69140625","0.69140625","0.69140625"
"2448","0.69140625","0.69140625","0.69140625"
"2449","0.000335693359375","0.000335693359375","0.000335693359375"
"2450","0.69140625","0.69140625","0.69140625"
"2451","1.126900315284729e-7","1.126900315284729e-7","1.126900315284729e-7"
"2452","1.126900315284729e-7","1.126900315284729e-7","1.126900315284729e-7"
"2453","1.126900315284729e-7","1.126900315284729e-7","1.126900315284729e-7"
"2454","0.69140625","0.69140625","0.69140625"
"2455","0.69140625","0.69140625","0.69140625"
"2456","16","16","16"
"2457","0.000335693359375","0.000335693359375","0.000335693359375"
"2458","0.000335693359375","0.000335693359375","0.000335693359375"
"2459","0.69140625","0.69140625","0.69140625"
"2460","0.69140625","0.69140625","0.69140625"
"2461","0.69140625","0.69140625","0.69140625"
"2462","8","8","8"
"2463","0.000335693359375","0.000335693359375","0.000335693359375"
"2464","0.0181884765625","0.0181884765625","0.0181884765625"
"2465","0.0181884765625","0.0181884765625","0.0181884765625"
"2466","0.69140625","0.69140625","0.69140625"
"2467","0.000335693359375","0.000335693359375","0.000335693359375"
"2469","8.307397365570068e-7","8.307397365570068e-7","8.307397365570068e-7"
"2470","0.69140625","0.69140625","0.69140625"
"2471","0.69140625","0.69140625","0.69140625"
"2472","0.69140625","0.69140625","0.69140625"
"2473","8","8","8"
"2474","16","16","16"
"2475","0.0181884765625","0.0181884765625","0.0181884765625"
"2476","0.69140625","0.69140625","0.69140625"
"2477","0.69140625","0.69140625","0.69140625"
"2478","0.69140625","0.69140625","0.69140625"
"2479","1.126900315284729e-7","1.126900315284729e-7","1.126900315284729e-7"
"2480","0.69140625","0.69140625","0.69140625"
"2481","0.69140625","0.69140625","0.69140625"
"2482","0.000335693359375","0.000335693359375","0.000335693359375"
"2483","0.69140625","0.69140625","0.69140625"
"2484","4.03125","4.03125","4.03125"
"2485","1.126900315284729e-7","1.126900315284729e-7","1.126900315284729e-7"
"2486","0.69140625","0.69140625","0.69140625"
"2487","0.69140625","0.69140625","0.69140625"
"2488","0.0181884765625","0.0181884765625","0.0181884765625"
"2490","1.126900315284729e-7","1.126900315284729e-7","1.126900315284729e-7"
"2491","0.69140625","0.69140625","0.69140625"
"2492","16","16","16"
"2493","0.000335693359375","0.000335693359375","0.000335693359375"
"2494","0.000335693359375","0.000335693359375","0.000335693359375"
"2495","8","8","8"
"2496","0.69140625","0.69140625","0.69140625"
"2497","8","8","8"
"2498","0.69140625","0.69140625","0.69140625"
"2499","0.69140625","0.69140625","0.69140625"
"2500","16","16","16"
"2501","0.000335693359375","0.000335693359375","0.000335693359375"
"2502","0.69140625","0.69140625","0.69140625"
"2503","0.69140625","0.69140625","0.69140625"
"2504","16","16","16"
"2505","1.126900315284729e-7","1.126900315284729e-7","1.126900315284729e-7"
"2506","4.03125","4.03125","4.03125"
"2507","16","16","16"
"2508","8","8","8"
"2509","0.69140625","0.69140625","0.69140625"
"2510","0.000335693359375","0.000335693359375","0.000335693359375"
"2511","0.69140625","0.69140625","0.69140625"
"2514","0.000335693359375","0.000335693359375","0.000335693359375"
"2515","0.69140625","0.69140625","0.69140625"
"2516","2.125","2.125","2.125"
"2517","8","8","8"
"2518","0.0181884765625","0.0181884765625","0.0181884765625"
"2519","1.126900315284729e-7","1.126900315284729e-7","1.126900315284729e-7"
"2520","0.69140625","0.69140625","0.69140625"
"2521","0.000335693359375","0.000335693359375","0.000335693359375"
"2522","0.69140625","0.69140625","0.69140625"
"2523","0.69140625","0.69140625","0.69140625"
"2524","4.03125","4.03125","4.03125"
"2525","8","8","8"
"2526","16","16","16"
"2527","0.69140625","0.69140625","0.69140625"
"2528","0.69140625","0.69140625","0.69140625"
"2529","0.69140625","0.69140625","0.69140625"
"2530","8","8","8"
"2531","0.000335693359375","0.000335693359375","0.000335693359375"
"2532","0.69140625","0.69140625","0.69140625"
"2533","1.126900315284729e-7","1.126900315284729e-7","1.126900315284729e-7"
"2534","8","8","8"
"2535","0.69140625","0.69140625","0.69140625"
"2536","0.69140625","0.69140625","0.69140625"
"2537","0.69140625","0.69140625","0.69140625"
"2538","8","8","8"
"2539","1.126900315284729e-7","1.126900315284729e-7","1.126900315284729e-7"
"2540","0.69140625","0.69140625","0.69140625"
"2541","0.000335693359375","0.000335693359375","0.000335693359375"
"2542","0.69140625","0.69140625","0.69140625"
"2543","1.126900315284729e-7","1.126900315284729e-7","1.126900315284729e-7"
"2544","1.126900315284729e-7","1.126900315284729e-7","1.126900315284729e-7"
"2545","0.69140625","0.69140625","0.69140625"
"2546","0.69140625","0.69140625","0.69140625"
"2547","0.000335693359375","0.000335693359375","0.000335693359375"
"2548","4.03125","4.03125","4.03125"
"2549","1.126900315284729e-7","1.126900315284729e-7","1.126900315284729e-7"
"2550","0.69140625","0.69140625","0.69140625"
"2551","0.000335693359375","0.000335693359375","0.000335693359375"
"2552","0.0181884765625","0.0181884765625","0.0181884765625"
"2553","0.69140625","0.69140625","0.69140625"
"2554","8","8","8"
"2555","8","8","8"
"2556","1.2656542480726785e-14","1.2656542480726785e-14","1.2656542480726785e-14"
"2557","4.03125","4.03125","4.03125"
"2558","0.69140625","0.69140625","0.69140625"
"2559","0.69140625","0.69140625","0.69140625"
"2560","1.126900315284729e-7","1.126900315284729e-7","1.126900315284729e-7"
"2561","0.0181884765625","0.0181884765625","0.0181884765625"
"2562","0.69140625","0.69140625","0.69140625"
"2563","0.69140625","0.69140625","0.69140625"
"2564","0.000335693359375","0.000335693359375","0.000335693359375"
"2565","0.69140625","0.69140625","0.69140625"
"2566","16","16","16"
"2567","16","16","16"
"2568","0.69140625","0.69140625","0.69140625"
"2569","16","16","16"
"2570","4.03125","4.03125","4.03125"
"2571","0.69140625","0.69140625","0.69140625"
"2572","0.69140625","0.69140625","0.69140625"
"2573","0.69140625","0.69140625","0.69140625"
"2574","0.69140625","0.69140625","0.69140625"
"2575","0.69140625","0.69140625","0.69140625"
"2576","16","16","16"
"2577","0.69140625","0.69140625","0.69140625"
"2578","0.002471923828125","0.002471923828125","0.002471923828125"
"2579","0.69140625","0.69140625","0.69140625"
"2580","0.69140625","0.69140625","0.69140625"
"2581","2.7830537874251604e-10","2.7830537874251604e-10","2.7830537874251604e-10"
"2582","8.307397365570068e-7","8.307397365570068e-7","8.307397365570068e-7"
"2583","0.000335693359375","0.000335693359375","0.000335693359375"
"2584","0.69140625","0.69140625","0.69140625"
"2585","8","8","8"
"2586","0.69140625","0.69140625","0.69140625"
"2587","1.126900315284729e-7","1.126900315284729e-7","1.126900315284729e-7"
"2588","0.69140625","0.69140625","0.69140625"
"2589","0.69140625","0.69140625","0.69140625"
"2590","0.69140625","0.69140625","0.69140625"
"2591","1.2656542480726785e-14","1.2656542480726785e-14","1.2656542480726785e-14"
"2592","0.69140625","0.69140625","0.69140625"
"2593","4.03125","4.03125","4.03125"
"2594","4.03125","4.03125","4.03125"
"2598","0.126953125","0.126953125","0.126953125"
"2599","0.69140625","0.69140625","0.69140625"
"2600","0.69140625","0.69140625","0.69140625"
"2601","0.000335693359375","0.000335693359375","0.000335693359375"
"2602","0.69140625","0.69140625","0.69140625"
"2603","8","8","8"
"2604","0.000335693359375","0.000335693359375","0.000335693359375"
"2606","0.000335693359375","0.000335693359375","0.000335693359375"
"2607","0.000335693359375","0.000335693359375","0.000335693359375"
"2608","0.69140625","0.69140625","0.69140625"
"2609","0.69140625","0.69140625","0.69140625"
"2610","8","8","8"
"2611","16","16","16"
"2612","0.69140625","0.69140625","0.69140625"
"2613","0.000335693359375","0.000335693359375","0.000335693359375"
"2615","1.126900315284729e-7","1.126900315284729e-7","1.126900315284729e-7"
"2616","0.000335693359375","0.000335693359375","0.000335693359375"
"2617","0.69140625","0.69140625","0.69140625"
"2618","0.69140625","0.69140625","0.69140625"
"2619","0.69140625","0.69140625","0.69140625"
"2620","0.000335693359375","0.000335693359375","0.000335693359375"
"2621","8","8","8"
"2622","0.69140625","0.69140625","0.69140625"
"2623","1.126900315284729e-7","1.126900315284729e-7","1.126900315284729e-7"
"2624","1.126900315284729e-7","1.126900315284729e-7","1.126900315284729e-7"
"2625","8","8","8"
"2626","0.69140625","0.69140625","0.69140625"
"2627","0.69140625","0.69140625","0.69140625"
"2628","4.03125","4.03125","4.03125"
"2629","0.000335693359375","0.000335693359375","0.000335693359375"
"2630","1.126900315284729e-7","1.126900315284729e-7","1.126900315284729e-7"
"2631","16","16","16"
"2632","16","16","16"
"2633","16","16","16"
"2634","1.126900315284729e-7","1.126900315284729e-7","1.126900315284729e-7"
"2635","0.69140625","0.69140625","0.69140625"
"2636","8","8","8"
"2637","0.69140625","0.69140625","0.69140625"
"2638","12","12","12"
"2639","0.69140625","0.69140625","0.69140625"
"2640","0.000335693359375","0.000335693359375","0.000335693359375"
"2641","0.69140625","0.69140625","0.69140625"
"2643","0.69140625","0.69140625","0.69140625"
"2644","0.000006139278411865234","0.000006139278411865234","0.000006139278411865234"
"2645","4.03125","4.03125","4.03125"
"2646","12","12","12"
"2647","1.126900315284729e-7","1.126900315284729e-7","1.126900315284729e-7"
"2649","1.126900315284729e-7","1.126900315284729e-7","1.126900315284729e-7"
"2650","0.69140625","0.69140625","0.69140625"
"2651","1.126900315284729e-7","1.126900315284729e-7","1.126900315284729e-7"
"2653","0.69140625","0.69140625","0.69140625"
"2654","0.69140625","0.69140625","0.69140625"
"2655","0.69140625","0.69140625","0.69140625"
"2656","0.69140625","0.69140625","0.69140625"
"2657","0.69140625","0.69140625","0.69140625"
"2658","0.69140625","0.69140625","0.69140625"
"2659","0.69140625","0.69140625","0.69140625"
"2660","8","8","8"
"2661","16","16","16"
"2662","1.126900315284729e-7","1.126900315284729e-7","1.126900315284729e-7"
"2663","1.2656542480726785e-14","1.2656542480726785e-14","1.2656542480726785e-14"
"2664","0.69140625","0.69140625","0.69140625"
"2665","0.69140625","0.69140625","0.69140625"
"2666","1.126900315284729e-7","1.126900315284729e-7","1.126900315284729e-7"
"2667","4.03125","4.03125","4.03125"
"2669","0.69140625","0.69140625","0.69140625"
"2670","0.0181884765625","0.0181884765625","0.0181884765625"
"2671","0.0181884765625","0.0181884765625","0.0181884765625"
"2672","0.69140625","0.69140625","0.69140625"
"2673","0.000335693359375","0.000335693359375","0.000335693359375"
"2674","0.69140625","0.69140625","0.69140625"
"2675","0.000335693359375","0.000335693359375","0.000335693359375"
"2676","0.000335693359375","0.000335693359375","0.000335693359375"
"2678","8","8","8"
"2679","0.0181884765625","0.0181884765625","0.0181884765625"
"2680","1.126900315284729e-7","1.126900315284729e-7","1.126900315284729e-7"
"2681","4.03125","4.03125","4.03125"
"2682","8","8","8"
"2683","1.126900315284729e-7","1.126900315284729e-7","1.126900315284729e-7"
"2684","0.69140625","0.69140625","0.69140625"
"2685","0.69140625","0.69140625","0.69140625"
"2686","0.0181884765625","0.0181884765625","0.0181884765625"
"2687","0.69140625","0.69140625","0.69140625"
"2688","0.69140625","0.69140625","0.69140625"
"2689","0.0181884765625","0.0181884765625","0.0181884765625"
"2690","0.69140625","0.69140625","0.69140625"
"2692","0.0181884765625","0.0181884765625","0.0181884765625"
"2693","0.69140625","0.69140625","0.69140625"
"2694","8","8","8"
"2695","0.000335693359375","0.000335693359375","0.000335693359375"
"2696","4.03125","4.03125","4.03125"
"2697","0.69140625","0.69140625","0.69140625"
"2698","0.000335693359375","0.000335693359375","0.000335693359375"
"2699","0.69140625","0.69140625","0.69140625"
"2700","0.69140625","0.69140625","0.69140625"
"2701","1.126900315284729e-7","1.126900315284729e-7","1.126900315284729e-7"
"2702","0.000335693359375","0.000335693359375","0.000335693359375"
"2703","0.69140625","0.69140625","0.69140625"
"2704","1.126900315284729e-7","1.126900315284729e-7","1.126900315284729e-7"
"2705","8","8","8"
"2706","0.69140625","0.69140625","0.69140625"
"2707","4.03125","4.03125","4.03125"
"2708","8","8","8"
"2709","0.000335693359375","0.000335693359375","0.000335693359375"
"2710","1.126900315284729e-7","1.126900315284729e-7","1.126900315284729e-7"
"2711","0.69140625","0.69140625","0.69140625"
"2712","0.69140625","0.69140625","0.69140625"
"2713","0.69140625","0.69140625","0.69140625"
"2714","0.0181884765625","0.0181884765625","0.0181884765625"
"2715","0.000335693359375","0.000335693359375","0.000335693359375"
"2716","4.03125","4.03125","4.03125"
"2717","1.2656542480726785e-14","1.2656542480726785e-14","1.2656542480726785e-14"
"2718","0.0181884765625","0.0181884765625","0.0181884765625"
"2719","2.125","2.125","2.125"
"2720","1.126900315284729e-7","1.126900315284729e-7","1.126900315284729e-7"
"2721","0.69140625","0.69140625","0.69140625"
"2722","4.03125","4.03125","4.03125"
"2723","0.69140625","0.69140625","0.69140625"
"2725","0.69140625","0.69140625","0.69140625"
"2726","0.000335693359375","0.000335693359375","0.000335693359375"
"2727","0.69140625","0.69140625","0.69140625"
"2728","16","16","16"
"2729","0.000335693359375","0.000335693359375","0.000335693359375"
"2730","3.774403012357652e-11","3.774403012357652e-11","3.774403012357652e-11"
"2731","0.0181884765625","0.0181884765625","0.0181884765625"
"2732","0.69140625","0.69140625","0.69140625"
"2733","0.0181884765625","0.0181884765625","0.0181884765625"
"2734","0.000335693359375","0.000335693359375","0.000335693359375"
"2735","0.69140625","0.69140625","0.69140625"
"2736","0.69140625","0.69140625","0.69140625"
"2737","0.0181884765625","0.0181884765625","0.0181884765625"
"2738","0.69140625","0.69140625","0.69140625"
"2739","0.69140625","0.69140625","0.69140625"
"2740","0.69140625","0.69140625","0.69140625"
"2741","0.69140625","0.69140625","0.69140625"
"2742","0.69140625","0.69140625","0.69140625"
"2743","0.69140625","0.69140625","0.69140625"
"2744","0.69140625","0.69140625","0.69140625"
"2745","16","16","16"
"2747","16","16","16"
"2748","1.126900315284729e-7","1.126900315284729e-7","1.126900315284729e-7"
"2749","6","6","6"
"2750","0.69140625","0.69140625","0.69140625"
"2751","0.69140625","0.69140625","0.69140625"
"2752","0.0181884765625","0.0181884765625","0.0181884765625"
"2753","0.69140625","0.69140625","0.69140625"
"2754","0.69140625","0.69140625","0.69140625"
"2755","0.69140625","0.69140625","0.69140625"
"2756","8","8","8"
"2757","16","16","16"
"2758","1.126900315284729e-7","1.126900315284729e-7","1.126900315284729e-7"
"2759","0.69140625","0.69140625","0.69140625"
"2760","0.69140625","0.69140625","0.69140625"
"2761","0.69140625","0.69140625","0.69140625"
"2762","0.69140625","0.69140625","0.69140625"
"2763","1.126900315284729e-7","1.126900315284729e-7","1.126900315284729e-7"
"2764","4.03125","4.03125","4.03125"
"2765","1.2656542480726785e-14","1.2656542480726785e-14","1.2656542480726785e-14"
"2766","0.69140625","0.69140625","0.69140625"
"2767","1.2656542480726785e-14","1.2656542480726785e-14","1.2656542480726785e-14"
"2768","8","8","8"
"2769","8","8","8"
"2770","0.000335693359375","0.000335693359375","0.000335693359375"
"2771","0.69140625","0.69140625","0.69140625"
"2772","0.69140625","0.69140625","0.69140625"
"2773","0.69140625","0.69140625","0.69140625"
"2774","0.0181884765625","0.0181884765625","0.0181884765625"
"2775","0.69140625","0.69140625","0.69140625"
"2776","0.69140625","0.69140625","0.69140625"
"2777","1.126900315284729e-7","1.126900315284729e-7","1.126900315284729e-7"
"2778","1.126900315284729e-7","1.126900315284729e-7","1.126900315284729e-7"
"2779","0.69140625","0.69140625","0.69140625"
"2780","0.000335693359375","0.000335693359375","0.000335693359375"
"2781","8","8","8"
"2782","0.69140625","0.69140625","0.69140625"
"2783","0.69140625","0.69140625","0.69140625"
"2784","1.126900315284729e-7","1.126900315284729e-7","1.126900315284729e-7"
"2785","4.03125","4.03125","4.03125"
"2787","0.000335693359375","0.000335693359375","0.000335693359375"
"2788","16","16","16"
"2789","8","8","8"
"2790","0.000335693359375","0.000335693359375","0.000335693359375"
"2791","0.69140625","0.69140625","0.69140625"
"2792","0.000335693359375","0.000335693359375","0.000335693359375"
"2793","0.69140625","0.69140625","0.69140625"
"2794","0.126953125","0.126953125","0.126953125"
"2795","16","16","16"
"2796","8","8","8"
"2797","0.69140625","0.69140625","0.69140625"
"2798","0.0181884765625","0.0181884765625","0.0181884765625"
"2799","32","32","32"
"2800","0.69140625","0.69140625","0.69140625"
"2801","0.000335693359375","0.000335693359375","0.000335693359375"
"2802","4.03125","4.03125","4.03125"
"2803","0.69140625","0.69140625","0.69140625"
"2804","4.03125","4.03125","4.03125"
"2806","0.002471923828125","0.002471923828125","0.002471923828125"
"2807","8","8","8"
"2808","0.69140625","0.69140625","0.69140625"
"2809","4.03125","4.03125","4.03125"
"2810","0.69140625","0.69140625","0.69140625"
"2811","16","16","16"
"2812","0.69140625","0.69140625","0.69140625"
"2813","0.69140625","0.69140625","0.69140625"
"2814","0.69140625","0.69140625","0.69140625"
"2815","16","16","16"
"2816","0.000006139278411865234","0.000006139278411865234","0.000006139278411865234"
"2817","4.03125","4.03125","4.03125"
"2818","0.000006139278411865234","0.000006139278411865234","0.000006139278411865234"
"2819","0.69140625","0.69140625","0.69140625"
"2820","1.126900315284729e-7","1.126900315284729e-7","1.126900315284729e-7"
"2821","1.126900315284729e-7","1.126900315284729e-7","1.126900315284729e-7"
"2822","0.000335693359375","0.000335693359375","0.000335693359375"
"2823","0.69140625","0.69140625","0.69140625"
"2824","0.000335693359375","0.000335693359375","0.000335693359375"
"2825","1.126900315284729e-7","1.126900315284729e-7","1.126900315284729e-7"
"2826","16","16","16"
"2827","0.69140625","0.69140625","0.69140625"
"2828","0.69140625","0.69140625","0.69140625"
"2829","0.000335693359375","0.000335693359375","0.000335693359375"
"2830","0.69140625","0.69140625","0.69140625"
"2832","4.03125","4.03125","4.03125"
"2833","16","16","16"
"2834","0.69140625","0.69140625","0.69140625"
"2835","0.69140625","0.69140625","0.69140625"
"2836","0.69140625","0.69140625","0.69140625"
"2837","8","8","8"
"2838","4.03125","4.03125","4.03125"
"2839","0.69140625","0.69140625","0.69140625"
"2840","8","8","8"
"2841","8","8","8"
"2842","0.69140625","0.69140625","0.69140625"
"2843","0.69140625","0.69140625","0.69140625"
"2844","0.0181884765625","0.0181884765625","0.0181884765625"
"2845","1.126900315284729e-7","1.126900315284729e-7","1.126900315284729e-7"
"2846","8","8","8"
"2847","0.69140625","0.69140625","0.69140625"
"2848","0.69140625","0.69140625","0.69140625"
"2849","0.000335693359375","0.000335693359375","0.000335693359375"
"2850","0.69140625","0.69140625","0.69140625"
"2851","0.0181884765625","0.0181884765625","0.0181884765625"
"2852","0.69140625","0.69140625","0.69140625"
"2853","0.69140625","0.69140625","0.69140625"
"2854","3.774403012357652e-11","3.774403012357652e-11","3.774403012357652e-11"
"2855","16","16","16"
"2856","16","16","16"
"2857","3.774403012357652e-11","3.774403012357652e-11","3.774403012357652e-11"
"2858","0.69140625","0.69140625","0.69140625"
"2859","4.03125","4.03125","4.03125"
"2860","8","8","8"
"2862","8","8","8"
"2863","8","8","8"
"2864","16","16","16"
"2865","8.307397365570068e-7","8.307397365570068e-7","8.307397365570068e-7"
"2866","0.000335693359375","0.000335693359375","0.000335693359375"
"2867","1.126900315284729e-7","1.126900315284729e-7","1.126900315284729e-7"
"2868","0.000335693359375","0.000335693359375","0.000335693359375"
"2869","0.69140625","0.69140625","0.69140625"
"2870","0.0181884765625","0.0181884765625","0.0181884765625"
"2871","8","8","8"
"2872","4.03125","4.03125","4.03125"
"2873","1.126900315284729e-7","1.126900315284729e-7","1.126900315284729e-7"
"2874","1.126900315284729e-7","1.126900315284729e-7","1.126900315284729e-7"
"2875","0.69140625","0.69140625","0.69140625"
"2876","1.126900315284729e-7","1.126900315284729e-7","1.126900315284729e-7"
"2877","0.69140625","0.69140625","0.69140625"
"2879","4.03125","4.03125","4.03125"
"2880","0.000335693359375","0.000335693359375","0.000335693359375"
"2881","0.69140625","0.69140625","0.69140625"
"2882","0.000335693359375","0.000335693359375","0.000335693359375"
"2884","0.000335693359375","0.000335693359375","0.000335693359375"
"2885","16","16","16"
"2886","0.69140625","0.69140625","0.69140625"
"2887","0.69140625","0.69140625","0.69140625"
"2888","4.03125","4.03125","4.03125"
"2889","0.000335693359375","0.000335693359375","0.000335693359375"
"2890","1.126900315284729e-7","1.126900315284729e-7","1.126900315284729e-7"
"2891","0.69140625","0.69140625","0.69140625"
"2892","0.69140625","0.69140625","0.69140625"
"2893","0.000335693359375","0.000335693359375","0.000335693359375"
"2894","0.002471923828125","0.002471923828125","0.002471923828125"
"2895","0.0181884765625","0.0181884765625","0.0181884765625"
"2896","0.69140625","0.69140625","0.69140625"
"2898","0.69140625","0.69140625","0.69140625"
"2899","0.0181884765625","0.0181884765625","0.0181884765625"
"2900","0.69140625","0.69140625","0.69140625"
"2901","0.69140625","0.69140625","0.69140625"
"2902","0.000335693359375","0.000335693359375","0.000335693359375"
"2903","1.126900315284729e-7","1.126900315284729e-7","1.126900315284729e-7"
"2904","0.0181884765625","0.0181884765625","0.0181884765625"
"2905","0.000335693359375","0.000335693359375","0.000335693359375"
"2906","8","8","8"
"2907","8","8","8"
"2908","0.69140625","0.69140625","0.69140625"
"2909","0.000335693359375","0.000335693359375","0.000335693359375"
"2910","0.126953125","0.126953125","0.126953125"
"2911","0.000335693359375","0.000335693359375","0.000335693359375"
"2912","4.03125","4.03125","4.03125"
"2913","0.69140625","0.69140625","0.69140625"
"2914","0.69140625","0.69140625","0.69140625"
"2916","1.126900315284729e-7","1.126900315284729e-7","1.126900315284729e-7"
"2917","8","8","8"
"2918","0.69140625","0.69140625","0.69140625"
"2920","0.69140625","0.69140625","0.69140625"
"2921","0.000335693359375","0.000335693359375","0.000335693359375"
"2922","0.69140625","0.69140625","0.69140625"
"2923","0.69140625","0.69140625","0.69140625"
"2924","8","8","8"
"2925","8","8","8"
"2926","0.0181884765625","0.0181884765625","0.0181884765625"
"2927","0.69140625","0.69140625","0.69140625"
"2928","0.69140625","0.69140625","0.69140625"
"2929","0.000335693359375","0.000335693359375","0.000335693359375"
"2930","8","8","8"
"2931","0.69140625","0.69140625","0.69140625"
"2932","0.69140625","0.69140625","0.69140625"
"2933","1.126900315284729e-7","1.126900315284729e-7","1.126900315284729e-7"
"2937","8","8","8"
"2938","2.125","2.125","2.125"
"2939","0.69140625","0.69140625","0.69140625"
"2940","0.69140625","0.69140625","0.69140625"
"2941","0.000335693359375","0.000335693359375","0.000335693359375"
"2942","0.69140625","0.69140625","0.69140625"
"2943","0.000335693359375","0.000335693359375","0.000335693359375"
"2944","0.0181884765625","0.0181884765625","0.0181884765625"
"2945","0.000335693359375","0.000335693359375","0.000335693359375"
"2946","8","8","8"
"2947","8","8","8"
"2948","0.0181884765625","0.0181884765625","0.0181884765625"
"2949","0.69140625","0.69140625","0.69140625"
"2950","1.126900315284729e-7","1.126900315284729e-7","1.126900315284729e-7"
"2951","0.69140625","0.69140625","0.69140625"
"2952","0.69140625","0.69140625","0.69140625"
"2953","0.000335693359375","0.000335693359375","0.000335693359375"
"2954","8","8","8"
"2955","0.000006139278411865234","0.000006139278411865234","0.000006139278411865234"
"2956","8","8","8"
"2957","0.000335693359375","0.000335693359375","0.000335693359375"
"2958","0.69140625","0.69140625","0.69140625"
"2959","1.126900315284729e-7","1.126900315284729e-7","1.126900315284729e-7"
"2960","0.69140625","0.69140625","0.69140625"
"2961","0.69140625","0.69140625","0.69140625"
"2962","0.000335693359375","0.000335693359375","0.000335693359375"
"2963","1.126900315284729e-7","1.126900315284729e-7","1.126900315284729e-7"
"2964","1.2656542480726785e-14","1.2656542480726785e-14","1.2656542480726785e-14"
"2965","0.000335693359375","0.000335693359375","0.000335693359375"
"2966","0.69140625","0.69140625","0.69140625"
"2967","0.000006139278411865234","0.000006139278411865234","0.000006139278411865234"
"2968","0.000335693359375","0.000335693359375","0.000335693359375"
"2969","0.69140625","0.69140625","0.69140625"
"2970","0.69140625","0.69140625","0.69140625"
"2971","0.69140625","0.69140625","0.69140625"
"2972","16","16","16"
"2973","0.0181884765625","0.0181884765625","0.0181884765625"
"2974","0.69140625","0.69140625","0.69140625"
"2975","0.0181884765625","0.0181884765625","0.0181884765625"
"2976","0.000335693359375","0.000335693359375","0.000335693359375"
"2977","0.0181884765625","0.0181884765625","0.0181884765625"
"2978","1.126900315284729e-7","1.126900315284729e-7","1.126900315284729e-7"
"2979","0.000006139278411865234","0.000006139278411865234","0.000006139278411865234"
"2980","0.69140625","0.69140625","0.69140625"
"2981","0.000335693359375","0.000335693359375","0.000335693359375"
"2982","0.000335693359375","0.000335693359375","0.000335693359375"
"2983","0.69140625","0.69140625","0.69140625"
"2984","16","16","16"
"2985","0.69140625","0.69140625","0.69140625"
"2986","0.69140625","0.69140625","0.69140625"
"2987","0.000335693359375","0.000335693359375","0.000335693359375"
"2988","0.69140625","0.69140625","0.69140625"
"2989","0.69140625","0.69140625","0.69140625"
"2990","0.69140625","0.69140625","0.69140625"
"2991","16","16","16"
"2992","0.69140625","0.69140625","0.69140625"
"2993","0.69140625","0.69140625","0.69140625"
"2994","0.000335693359375","0.000335693359375","0.000335693359375"
"2995","8","8","8"
"2996","0.000335693359375","0.000335693359375","0.000335693359375"
"2997","0.69140625","0.69140625","0.69140625"
"2998","0.000335693359375","0.000335693359375","0.000335693359375"
"2999","0.69140625","0.69140625","0.69140625"
"3000","0.0181884765625","0.0181884765625","0.0181884765625"
"3001","0.002471923828125","0.002471923828125","0.002471923828125"
"3003","0.000335693359375","0.000335693359375","0.000335693359375"
"3004","0.69140625","0.69140625","0.69140625"
"3005","1.126900315284729e-7","1.126900315284729e-7","1.126900315284729e-7"
"3007","0.000006139278411865234","0.000006139278411865234","0.000006139278411865234"
"3008","1.126900315284729e-7","1.126900315284729e-7","1.126900315284729e-7"
"3009","16","16","16"
"3010","0.000335693359375","0.000335693359375","0.000335693359375"
"3011","0.69140625","0.69140625","0.69140625"
"3012","8","8","8"
"3013","0.002471923828125","0.002471923828125","0.002471923828125"
"3014","0.000335693359375","0.000335693359375","0.000335693359375"
"3015","0.000335693359375","0.000335693359375","0.000335693359375"
"3016","0.69140625","0.69140625","0.69140625"
"3017","0.000335693359375","0.000335693359375","0.000335693359375"
"3018","4.03125","4.03125","4.03125"
"3019","0.0181884765625","0.0181884765625","0.0181884765625"
"3022","0.69140625","0.69140625","0.69140625"
"3023","0.69140625","0.69140625","0.69140625"
"3024","1.126900315284729e-7","1.126900315284729e-7","1.126900315284729e-7"
"3025","0.0181884765625","0.0181884765625","0.0181884765625"
"3026","4.03125","4.03125","4.03125"
"3027","8","8","8"
"3028","0.69140625","0.69140625","0.69140625"
"3029","0.69140625","0.69140625","0.69140625"
"3030","0.69140625","0.69140625","0.69140625"
"3031","0.69140625","0.69140625","0.69140625"
"3032","0.69140625","0.69140625","0.69140625"
"3033","0.69140625","0.69140625","0.69140625"
"3034","0.69140625","0.69140625","0.69140625"
"3035","0.69140625","0.69140625","0.69140625"
"3036","8","8","8"
"3037","0.69140625","0.69140625","0.69140625"
"3038","4.03125","4.03125","4.03125"
"3039","0.69140625","0.69140625","0.69140625"
"3040","0.69140625","0.69140625","0.69140625"
"3041","0.69140625","0.69140625","0.69140625"
"3042","16","16","16"
"3043","0.0181884765625","0.0181884765625","0.0181884765625"
"3044","1.126900315284729e-7","1.126900315284729e-7","1.126900315284729e-7"
"3045","0.69140625","0.69140625","0.69140625"
"3046","0.69140625","0.69140625","0.69140625"
"3047","0.69140625","0.69140625","0.69140625"
"3048","0.69140625","0.69140625","0.69140625"
"3049","0.0181884765625","0.0181884765625","0.0181884765625"
"3051","0.126953125","0.126953125","0.126953125"
"3052","8","8","8"
"3053","3.774403012357652e-11","3.774403012357652e-11","3.774403012357652e-11"
"3054","8","8","8"
"3055","0.000335693359375","0.000335693359375","0.000335693359375"
"3056","0.126953125","0.126953125","0.126953125"
"3057","0.000335693359375","0.000335693359375","0.000335693359375"
"3058","0.69140625","0.69140625","0.69140625"
"3059","0.0181884765625","0.0181884765625","0.0181884765625"
"3060","8","8","8"
"3061","0.69140625","0.69140625","0.69140625"
"3062","0.69140625","0.69140625","0.69140625"
"3063","0.000335693359375","0.000335693359375","0.000335693359375"
"3064","0.0181884765625","0.0181884765625","0.0181884765625"
"3065","0.69140625","0.69140625","0.69140625"
"3066","0.0181884765625","0.0181884765625","0.0181884765625"
"3067","0.69140625","0.69140625","0.69140625"
"3068","0.000335693359375","0.000335693359375","0.000335693359375"
"3069","0.69140625","0.69140625","0.69140625"
"3070","0.000335693359375","0.000335693359375","0.000335693359375"
"3071","0.69140625","0.69140625","0.69140625"
"3072","0.000335693359375","0.000335693359375","0.000335693359375"
"3073","0.000335693359375","0.000335693359375","0.000335693359375"
"3074","0.69140625","0.69140625","0.69140625"
"3075","0.000006139278411865234","0.000006139278411865234","0.000006139278411865234"
"3077","0.000335693359375","0.000335693359375","0.000335693359375"
"3078","16","16","16"
"3080","2.125","2.125","2.125"
"3081","0.69140625","0.69140625","0.69140625"
"3083","0.69140625","0.69140625","0.69140625"
"3084","0.69140625","0.69140625","0.69140625"
"3085","16","16","16"
"3086","8","8","8"
"3087","0.69140625","0.69140625","0.69140625"
"3088","0.000335693359375","0.000335693359375","0.000335693359375"
"3089","0.69140625","0.69140625","0.69140625"
"3090","0.69140625","0.69140625","0.69140625"
"3091","0.69140625","0.69140625","0.69140625"
"3092","0.000335693359375","0.000335693359375","0.000335693359375"
"3093","0.69140625","0.69140625","0.69140625"
"3094","0.69140625","0.69140625","0.69140625"
"3095","16","16","16"
"3096","8","8","8"
"3097","0.69140625","0.69140625","0.69140625"
"3098","0.69140625","0.69140625","0.69140625"
"3099","0.000335693359375","0.000335693359375","0.000335693359375"
"3100","0.69140625","0.69140625","0.69140625"
"3101","4.03125","4.03125","4.03125"
"3102","16","16","16"
"3103","3.774403012357652e-11","3.774403012357652e-11","3.774403012357652e-11"
"3104","8","8","8"
"3105","0.69140625","0.69140625","0.69140625"
"3106","8","8","8"
"3107","8","8","8"
"3108","0.69140625","0.69140625","0.69140625"
"3109","0.69140625","0.69140625","0.69140625"
"3110","0.69140625","0.69140625","0.69140625"
"3111","0.0181884765625","0.0181884765625","0.0181884765625"
"3112","0.000335693359375","0.000335693359375","0.000335693359375"
"3113","0.69140625","0.69140625","0.69140625"
"3114","4.03125","4.03125","4.03125"
"3115","0.000335693359375","0.000335693359375","0.000335693359375"
"3117","3.774403012357652e-11","3.774403012357652e-11","3.774403012357652e-11"
"3118","8","8","8"
"3119","8","8","8"
"3120","0.69140625","0.69140625","0.69140625"
"3121","0.0181884765625","0.0181884765625","0.0181884765625"
"3122","0.69140625","0.69140625","0.69140625"
"3123","8","8","8"
"3124","0.002471923828125","0.002471923828125","0.002471923828125"
"3125","0.69140625","0.69140625","0.69140625"
"3126","0.69140625","0.69140625","0.69140625"
"3127","1.126900315284729e-7","1.126900315284729e-7","1.126900315284729e-7"
"3128","0.69140625","0.69140625","0.69140625"
"3129","4.03125","4.03125","4.03125"
"3130","8","8","8"
"3131","1.126900315284729e-7","1.126900315284729e-7","1.126900315284729e-7"
"3132","0.69140625","0.69140625","0.69140625"
"3133","0.69140625","0.69140625","0.69140625"
"3134","0.69140625","0.69140625","0.69140625"
"3135","0.69140625","0.69140625","0.69140625"
"3136","0.69140625","0.69140625","0.69140625"
"3137","0.69140625","0.69140625","0.69140625"
"3138","0.69140625","0.69140625","0.69140625"
"3139","0.0181884765625","0.0181884765625","0.0181884765625"
"3141","0.69140625","0.69140625","0.69140625"
"3142","0.69140625","0.69140625","0.69140625"
"3143","1.126900315284729e-7","1.126900315284729e-7","1.126900315284729e-7"
"3144","0.69140625","0.69140625","0.69140625"
"3145","0.69140625","0.69140625","0.69140625"
"3146","0.000335693359375","0.000335693359375","0.000335693359375"
"3147","2.125","2.125","2.125"
"3148","16","16","16"
"3149","1.126900315284729e-7","1.126900315284729e-7","1.126900315284729e-7"
"3150","0.69140625","0.69140625","0.69140625"
"3151","0.000335693359375","0.000335693359375","0.000335693359375"
"3152","0.0181884765625","0.0181884765625","0.0181884765625"
"3153","0.000335693359375","0.000335693359375","0.000335693359375"
"3154","16","16","16"
"3155","4.03125","4.03125","4.03125"
"3156","0.0181884765625","0.0181884765625","0.0181884765625"
"3157","0.69140625","0.69140625","0.69140625"
"3158","8","8","8"
"3159","0.000335693359375","0.000335693359375","0.000335693359375"
"3160","0.000335693359375","0.000335693359375","0.000335693359375"
"3161","8","8","8"
"3162","0.000335693359375","0.000335693359375","0.000335693359375"
"3163","0.000335693359375","0.000335693359375","0.000335693359375"
"3166","6.927791673660977e-13","6.927791673660977e-13","6.927791673660977e-13"
"3167","1.126900315284729e-7","1.126900315284729e-7","1.126900315284729e-7"
"3168","1.126900315284729e-7","1.126900315284729e-7","1.126900315284729e-7"
"3169","0.69140625","0.69140625","0.69140625"
"3170","0.69140625","0.69140625","0.69140625"
"3171","0.69140625","0.69140625","0.69140625"
"3172","16","16","16"
"3173","0.69140625","0.69140625","0.69140625"
"3174","0.69140625","0.69140625","0.69140625"
"3175","0.000335693359375","0.000335693359375","0.000335693359375"
"3176","0.69140625","0.69140625","0.69140625"
"3177","0.69140625","0.69140625","0.69140625"
"3178","0.69140625","0.69140625","0.69140625"
"3179","4.03125","4.03125","4.03125"
"3180","16","16","16"
"3181","0.69140625","0.69140625","0.69140625"
"3182","8","8","8"
"3184","0.69140625","0.69140625","0.69140625"
"3185","12","12","12"
"3186","16","16","16"
"3187","32","32","32"
"3188","0.0181884765625","0.0181884765625","0.0181884765625"
"3189","0.69140625","0.69140625","0.69140625"
"3190","0.000006139278411865234","0.000006139278411865234","0.000006139278411865234"
"3191","0.0181884765625","0.0181884765625","0.0181884765625"
"3192","0.69140625","0.69140625","0.69140625"
"3193","0.69140625","0.69140625","0.69140625"
"3194","0.69140625","0.69140625","0.69140625"
"3195","0.69140625","0.69140625","0.69140625"
"3196","8","8","8"
"3197","0.000006139278411865234","0.000006139278411865234","0.000006139278411865234"
"3198","0.000335693359375","0.000335693359375","0.000335693359375"
"3199","0.000335693359375","0.000335693359375","0.000335693359375"
"3200","3.774403012357652e-11","3.774403012357652e-11","3.774403012357652e-11"
"3201","8","8","8"
"3202","0.69140625","0.69140625","0.69140625"
"3203","0.69140625","0.69140625","0.69140625"
"3204","0.69140625","0.69140625","0.69140625"
"3205","8","8","8"
"3206","0.000335693359375","0.000335693359375","0.000335693359375"
"3207","0.69140625","0.69140625","0.69140625"
"3208","8","8","8"
"3209","1.126900315284729e-7","1.126900315284729e-7","1.126900315284729e-7"
"3210","1.2656542480726785e-14","1.2656542480726785e-14","1.2656542480726785e-14"
"3211","8","8","8"
"3212","0.000006139278411865234","0.000006139278411865234","0.000006139278411865234"
"3213","4.03125","4.03125","4.03125"
"3214","0.69140625","0.69140625","0.69140625"
"3215","0.69140625","0.69140625","0.69140625"
"3217","8","8","8"
"3218","0.69140625","0.69140625","0.69140625"
"3219","0.0181884765625","0.0181884765625","0.0181884765625"
"3220","0.69140625","0.69140625","0.69140625"
"3221","0.000335693359375","0.000335693359375","0.000335693359375"
"3223","0.000335693359375","0.000335693359375","0.000335693359375"
"3224","0.69140625","0.69140625","0.69140625"
"3225","8","8","8"
"3226","4.03125","4.03125","4.03125"
"3227","1.2656542480726785e-14","1.2656542480726785e-14","1.2656542480726785e-14"
"3228","0.69140625","0.69140625","0.69140625"
"3229","1.126900315284729e-7","1.126900315284729e-7","1.126900315284729e-7"
"3230","0.0181884765625","0.0181884765625","0.0181884765625"
"3231","0.69140625","0.69140625","0.69140625"
"3232","0.69140625","0.69140625","0.69140625"
"3233","0.69140625","0.69140625","0.69140625"
"3234","0.69140625","0.69140625","0.69140625"
"3235","0.69140625","0.69140625","0.69140625"
"3236","1.126900315284729e-7","1.126900315284729e-7","1.126900315284729e-7"
"3237","0.69140625","0.69140625","0.69140625"
"3238","16","16","16"
"3239","0.69140625","0.69140625","0.69140625"
"3240","0.000335693359375","0.000335693359375","0.000335693359375"
"3241","0.002471923828125","0.002471923828125","0.002471923828125"
"3242","0.000335693359375","0.000335693359375","0.000335693359375"
"3243","0.69140625","0.69140625","0.69140625"
"3244","1.126900315284729e-7","1.126900315284729e-7","1.126900315284729e-7"
"3246","1.126900315284729e-7","1.126900315284729e-7","1.126900315284729e-7"
"3247","0.69140625","0.69140625","0.69140625"
"3248","0.000335693359375","0.000335693359375","0.000335693359375"
"3249","0.000335693359375","0.000335693359375","0.000335693359375"
"3250","0.69140625","0.69140625","0.69140625"
"3251","16","16","16"
"3252","0.69140625","0.69140625","0.69140625"
"3253","0.69140625","0.69140625","0.69140625"
"3254","0.69140625","0.69140625","0.69140625"
"3255","0.69140625","0.69140625","0.69140625"
"3256","1.126900315284729e-7","1.126900315284729e-7","1.126900315284729e-7"
"3257","0.0181884765625","0.0181884765625","0.0181884765625"
"3258","0.69140625","0.69140625","0.69140625"
"3259","0.002471923828125","0.002471923828125","0.002471923828125"
"3260","0.69140625","0.69140625","0.69140625"
"3261","0.69140625","0.69140625","0.69140625"
"3262","0.69140625","0.69140625","0.69140625"
"3263","0.0181884765625","0.0181884765625","0.0181884765625"
"3264","0.0181884765625","0.0181884765625","0.0181884765625"
"3265","0.000335693359375","0.000335693359375","0.000335693359375"
"3266","1.126900315284729e-7","1.126900315284729e-7","1.126900315284729e-7"
"3267","8","8","8"
"3268","8","8","8"
"3269","0.69140625","0.69140625","0.69140625"
"3270","0.69140625","0.69140625","0.69140625"
"3271","0.0181884765625","0.0181884765625","0.0181884765625"
"3272","0.000335693359375","0.000335693359375","0.000335693359375"
"3273","0.69140625","0.69140625","0.69140625"
"3274","8","8","8"
"3275","0.69140625","0.69140625","0.69140625"
"3276","0.69140625","0.69140625","0.69140625"
"3277","0.69140625","0.69140625","0.69140625"
"3279","0.0181884765625","0.0181884765625","0.0181884765625"
"3280","0.69140625","0.69140625","0.69140625"
"3281","8","8","8"
"3282","0.69140625","0.69140625","0.69140625"
"3283","8","8","8"
"3284","0.0181884765625","0.0181884765625","0.0181884765625"
"3285","0.69140625","0.69140625","0.69140625"
"3286","0.69140625","0.69140625","0.69140625"
"3287","0.000335693359375","0.000335693359375","0.000335693359375"
"3288","0.000335693359375","0.000335693359375","0.000335693359375"
"3289","0.69140625","0.69140625","0.69140625"
"3290","1.126900315284729e-7","1.126900315284729e-7","1.126900315284729e-7"
"3291","0.0181884765625","0.0181884765625","0.0181884765625"
"3292","0.002471923828125","0.002471923828125","0.002471923828125"
"3293","0.69140625","0.69140625","0.69140625"
"3294","16","16","16"
"3295","0.69140625","0.69140625","0.69140625"
"3296","0.000335693359375","0.000335693359375","0.000335693359375"
"3297","0.69140625","0.69140625","0.69140625"
"3298","0.000335693359375","0.000335693359375","0.000335693359375"
"3299","0.69140625","0.69140625","0.69140625"
"3300","0.0181884765625","0.0181884765625","0.0181884765625"
"3301","4.03125","4.03125","4.03125"
"3302","0.000006139278411865234","0.000006139278411865234","0.000006139278411865234"
"3303","0.69140625","0.69140625","0.69140625"
"3304","0.69140625","0.69140625","0.69140625"
"3305","0.69140625","0.69140625","0.69140625"
"3306","0.69140625","0.69140625","0.69140625"
"3307","0.69140625","0.69140625","0.69140625"
"3308","1.126900315284729e-7","1.126900315284729e-7","1.126900315284729e-7"
"3309","0.69140625","0.69140625","0.69140625"
"3310","0.69140625","0.69140625","0.69140625"
"3311","0.69140625","0.69140625","0.69140625"
"3312","0.69140625","0.69140625","0.69140625"
"3313","0.69140625","0.69140625","0.69140625"
"3315","4.03125","4.03125","4.03125"
"3316","0.000335693359375","0.000335693359375","0.000335693359375"
"3317","8","8","8"
"3318","8","8","8"
"3319","0.69140625","0.69140625","0.69140625"
"3320","0.69140625","0.69140625","0.69140625"
"3321","2.125","2.125","2.125"
"3322","4.03125","4.03125","4.03125"
"3323","0.69140625","0.69140625","0.69140625"
"3324","0.0181884765625","0.0181884765625","0.0181884765625"
"3325","0.69140625","0.69140625","0.69140625"
"3326","8","8","8"
"3327","0.0181884765625","0.0181884765625","0.0181884765625"
"3328","0.69140625","0.69140625","0.69140625"
"3330","0.000335693359375","0.000335693359375","0.000335693359375"
"3331","0.69140625","0.69140625","0.69140625"
"3332","0.69140625","0.69140625","0.69140625"
"3333","0.69140625","0.69140625","0.69140625"
"3335","0.0181884765625","0.0181884765625","0.0181884765625"
"3336","0.000335693359375","0.000335693359375","0.000335693359375"
"3337","8","8","8"
"3338","0.69140625","0.69140625","0.69140625"
"3340","16","16","16"
"3341","8","8","8"
"3342","0.0181884765625","0.0181884765625","0.0181884765625"
"3343","1.126900315284729e-7","1.126900315284729e-7","1.126900315284729e-7"
"3344","8","8","8"
"3345","8","8","8"
"3346","0.69140625","0.69140625","0.69140625"
"3347","0.69140625","0.69140625","0.69140625"
"3349","0.69140625","0.69140625","0.69140625"
"3351","0.000335693359375","0.000335693359375","0.000335693359375"
"3352","0.69140625","0.69140625","0.69140625"
"3353","0.69140625","0.69140625","0.69140625"
"3354","1.126900315284729e-7","1.126900315284729e-7","1.126900315284729e-7"
"3356","8","8","8"
"3357","0.69140625","0.69140625","0.69140625"
"3358","0.69140625","0.69140625","0.69140625"
"3359","0.0181884765625","0.0181884765625","0.0181884765625"
"3360","1.2656542480726785e-14","1.2656542480726785e-14","1.2656542480726785e-14"
"3362","0.000006139278411865234","0.000006139278411865234","0.000006139278411865234"
"3363","4.03125","4.03125","4.03125"
"3364","1.126900315284729e-7","1.126900315284729e-7","1.126900315284729e-7"
"3365","0.000335693359375","0.000335693359375","0.000335693359375"
"3366","0.69140625","0.69140625","0.69140625"
"3367","0.69140625","0.69140625","0.69140625"
"3368","0.000335693359375","0.000335693359375","0.000335693359375"
"3369","4.03125","4.03125","4.03125"
"3370","0.69140625","0.69140625","0.69140625"
"3371","0.0181884765625","0.0181884765625","0.0181884765625"
"3372","1.2656542480726785e-14","1.2656542480726785e-14","1.2656542480726785e-14"
"3373","0.69140625","0.69140625","0.69140625"
"3374","1.126900315284729e-7","1.126900315284729e-7","1.126900315284729e-7"
"3375","0.69140625","0.69140625","0.69140625"
"3376","8","8","8"
"3377","0.69140625","0.69140625","0.69140625"
"3378","0.69140625","0.69140625","0.69140625"
"3379","8","8","8"
"3380","0.69140625","0.69140625","0.69140625"
"3381","8","8","8"
"3382","16","16","16"
"3383","0.69140625","0.69140625","0.69140625"
"3385","8","8","8"
"3387","0.000335693359375","0.000335693359375","0.000335693359375"
"3388","0.69140625","0.69140625","0.69140625"
"3389","0.000335693359375","0.000335693359375","0.000335693359375"
"3390","8","8","8"
"3391","0.69140625","0.69140625","0.69140625"
"3392","0.0181884765625","0.0181884765625","0.0181884765625"
"3393","0.69140625","0.69140625","0.69140625"
"3394","0.000335693359375","0.000335693359375","0.000335693359375"
"3396","0.69140625","0.69140625","0.69140625"
"3397","0.69140625","0.69140625","0.69140625"
"3398","8","8","8"
"3399","0.000335693359375","0.000335693359375","0.000335693359375"
"3400","0.69140625","0.69140625","0.69140625"
"3401","0.69140625","0.69140625","0.69140625"
"3402","1.126900315284729e-7","1.126900315284729e-7","1.126900315284729e-7"
"3403","16","16","16"
"3404","0.0181884765625","0.0181884765625","0.0181884765625"
"3405","0.000335693359375","0.000335693359375","0.000335693359375"
"3406","0.0181884765625","0.0181884765625","0.0181884765625"
"3407","1.126900315284729e-7","1.126900315284729e-7","1.126900315284729e-7"
"3408","0.000335693359375","0.000335693359375","0.000335693359375"
"3409","0.000335693359375","0.000335693359375","0.000335693359375"
"3410","0.69140625","0.69140625","0.69140625"
"3413","8","8","8"
"3414","0.126953125","0.126953125","0.126953125"
"3416","0.000335693359375","0.000335693359375","0.000335693359375"
"3417","1.126900315284729e-7","1.126900315284729e-7","1.126900315284729e-7"
"3418","0.69140625","0.69140625","0.69140625"
"3419","0.69140625","0.69140625","0.69140625"
"3421","0.69140625","0.69140625","0.69140625"
"3422","0.69140625","0.69140625","0.69140625"
"3423","0.000335693359375","0.000335693359375","0.000335693359375"
"3424","4.03125","4.03125","4.03125"
"3425","1.126900315284729e-7","1.126900315284729e-7","1.126900315284729e-7"
"3426","0.126953125","0.126953125","0.126953125"
"3427","0.69140625","0.69140625","0.69140625"
"3428","0.69140625","0.69140625","0.69140625"
"3429","8","8","8"
"3430","1.126900315284729e-7","1.126900315284729e-7","1.126900315284729e-7"
"3431","0.69140625","0.69140625","0.69140625"
"3432","4.03125","4.03125","4.03125"
"3433","0.0181884765625","0.0181884765625","0.0181884765625"
"3434","16","16","16"
"3435","0.0181884765625","0.0181884765625","0.0181884765625"
"3436","16","16","16"
"3437","0.69140625","0.69140625","0.69140625"
"3438","1.126900315284729e-7","1.126900315284729e-7","1.126900315284729e-7"
"3439","0.69140625","0.69140625","0.69140625"
"3440","0.000335693359375","0.000335693359375","0.000335693359375"
"3441","0.69140625","0.69140625","0.69140625"
"3442","0.69140625","0.69140625","0.69140625"
"3443","0.69140625","0.69140625","0.69140625"
"3444","8","8","8"
"3446","8","8","8"
"3447","0.69140625","0.69140625","0.69140625"
"3448","0.69140625","0.69140625","0.69140625"
"3449","0.69140625","0.69140625","0.69140625"
"3450","1.126900315284729e-7","1.126900315284729e-7","1.126900315284729e-7"
"3451","0.69140625","0.69140625","0.69140625"
"3452","0.69140625","0.69140625","0.69140625"
"3453","0.000335693359375","0.000335693359375","0.000335693359375"
"3455","0.69140625","0.69140625","0.69140625"
"3456","4.03125","4.03125","4.03125"
"3457","0.126953125","0.126953125","0.126953125"
"3458","0.000335693359375","0.000335693359375","0.000335693359375"
"3459","0.002471923828125","0.002471923828125","0.002471923828125"
"3460","0.000335693359375","0.000335693359375","0.000335693359375"
"3461","0.69140625","0.69140625","0.69140625"
"3462","0.69140625","0.69140625","0.69140625"
"3463","0.69140625","0.69140625","0.69140625"
"3464","0.69140625","0.69140625","0.69140625"
"3465","0.0181884765625","0.0181884765625","0.0181884765625"
"3466","4.03125","4.03125","4.03125"
"3467","0.69140625","0.69140625","0.69140625"
"3468","8","8","8"
"3469","0.0181884765625","0.0181884765625","0.0181884765625"
"3470","0.000335693359375","0.000335693359375","0.000335693359375"
"3471","0.69140625","0.69140625","0.69140625"
"3472","16","16","16"
"3473","8","8","8"
"3474","4.03125","4.03125","4.03125"
"3475","4.03125","4.03125","4.03125"
"3476","0.69140625","0.69140625","0.69140625"
"3477","0.69140625","0.69140625","0.69140625"
"3478","4.03125","4.03125","4.03125"
"3479","0.69140625","0.69140625","0.69140625"
"3480","8","8","8"
"3481","0.69140625","0.69140625","0.69140625"
"3482","0.69140625","0.69140625","0.69140625"
"3483","0.69140625","0.69140625","0.69140625"
"3484","0.69140625","0.69140625","0.69140625"
"3485","0.000335693359375","0.000335693359375","0.000335693359375"
"3486","0.69140625","0.69140625","0.69140625"
"3487","1.126900315284729e-7","1.126900315284729e-7","1.126900315284729e-7"
"3488","0.69140625","0.69140625","0.69140625"
"3489","0.000335693359375","0.000335693359375","0.000335693359375"
"3490","0.69140625","0.69140625","0.69140625"
"3492","4.03125","4.03125","4.03125"
"3493","0.000006139278411865234","0.000006139278411865234","0.000006139278411865234"
"3494","0.69140625","0.69140625","0.69140625"
"3495","0.69140625","0.69140625","0.69140625"
"3496","1.126900315284729e-7","1.126900315284729e-7","1.126900315284729e-7"
"3497","0.69140625","0.69140625","0.69140625"
"3498","1.126900315284729e-7","1.126900315284729e-7","1.126900315284729e-7"
"3500","4.03125","4.03125","4.03125"
"3501","4.03125","4.03125","4.03125"
"3503","0.000335693359375","0.000335693359375","0.000335693359375"
"3504","0.000335693359375","0.000335693359375","0.000335693359375"
"3506","0.69140625","0.69140625","0.69140625"
"3507","0.69140625","0.69140625","0.69140625"
"3508","2.125","2.125","2.125"
"3509","0.000335693359375","0.000335693359375","0.000335693359375"
"3510","0.69140625","0.69140625","0.69140625"
"3511","0.69140625","0.69140625","0.69140625"
"3512","1.2656542480726785e-14","1.2656542480726785e-14","1.2656542480726785e-14"
"3513","0.0181884765625","0.0181884765625","0.0181884765625"
"3514","1.126900315284729e-7","1.126900315284729e-7","1.126900315284729e-7"
"3515","8","8","8"
"3516","1.2656542480726785e-14","1.2656542480726785e-14","1.2656542480726785e-14"
"3517","1.126900315284729e-7","1.126900315284729e-7","1.126900315284729e-7"
"3518","0.69140625","0.69140625","0.69140625"
"3519","4.03125","4.03125","4.03125"
"3520","1.525040715932846e-8","1.525040715932846e-8","1.525040715932846e-8"
"3521","0.000335693359375","0.000335693359375","0.000335693359375"
"3522","0.0181884765625","0.0181884765625","0.0181884765625"
"3523","0.000335693359375","0.000335693359375","0.000335693359375"
"3524","0.000335693359375","0.000335693359375","0.000335693359375"
"3525","0.000335693359375","0.000335693359375","0.000335693359375"
"3526","0.69140625","0.69140625","0.69140625"
"3527","0.69140625","0.69140625","0.69140625"
"3528","0.69140625","0.69140625","0.69140625"
"3529","0.000335693359375","0.000335693359375","0.000335693359375"
"3530","0.000335693359375","0.000335693359375","0.000335693359375"
"3531","2.066371962428093e-9","2.066371962428093e-9","2.066371962428093e-9"
"3532","0.0181884765625","0.0181884765625","0.0181884765625"
"3533","1.2656542480726785e-14","1.2656542480726785e-14","1.2656542480726785e-14"
"3534","1.126900315284729e-7","1.126900315284729e-7","1.126900315284729e-7"
"3535","0.69140625","0.69140625","0.69140625"
"3536","0.126953125","0.126953125","0.126953125"
"3537","0.69140625","0.69140625","0.69140625"
"3538","0.69140625","0.69140625","0.69140625"
"3539","0.69140625","0.69140625","0.69140625"
"3541","0.000006139278411865234","0.000006139278411865234","0.000006139278411865234"
"3542","0.69140625","0.69140625","0.69140625"
"3543","0.69140625","0.69140625","0.69140625"
"3544","0.69140625","0.69140625","0.69140625"
"3545","0.69140625","0.69140625","0.69140625"
"3546","0.000335693359375","0.000335693359375","0.000335693359375"
"3547","1.126900315284729e-7","1.126900315284729e-7","1.126900315284729e-7"
"3548","3.774403012357652e-11","3.774403012357652e-11","3.774403012357652e-11"
"3549","0.69140625","0.69140625","0.69140625"
"3550","8","8","8"
"3551","8","8","8"
"3552","1.126900315284729e-7","1.126900315284729e-7","1.126900315284729e-7"
"3553","0.69140625","0.69140625","0.69140625"
"3554","0.69140625","0.69140625","0.69140625"
"3555","0.69140625","0.69140625","0.69140625"
"3556","1.2656542480726785e-14","1.2656542480726785e-14","1.2656542480726785e-14"
"3557","0.69140625","0.69140625","0.69140625"
"3558","0.69140625","0.69140625","0.69140625"
"3560","8","8","8"
"3561","0.69140625","0.69140625","0.69140625"
"3562","0.69140625","0.69140625","0.69140625"
"3563","0.000335693359375","0.000335693359375","0.000335693359375"
"3564","2.125","2.125","2.125"
"3565","0.69140625","0.69140625","0.69140625"
"3566","0.000335693359375","0.000335693359375","0.000335693359375"
"3567","1.126900315284729e-7","1.126900315284729e-7","1.126900315284729e-7"
"3568","0.002471923828125","0.002471923828125","0.002471923828125"
"3569","0.000335693359375","0.000335693359375","0.000335693359375"
"3570","0.69140625","0.69140625","0.69140625"
"3571","0.69140625","0.69140625","0.69140625"
"3572","0.69140625","0.69140625","0.69140625"
"3573","0.000335693359375","0.000335693359375","0.000335693359375"
"3574","0.0181884765625","0.0181884765625","0.0181884765625"
"3575","8","8","8"
"3576","4.03125","4.03125","4.03125"
"3577","0.000006139278411865234","0.000006139278411865234","0.000006139278411865234"
"3578","0.69140625","0.69140625","0.69140625"
"3579","24","24","24"
"3580","1.2656542480726785e-14","1.2656542480726785e-14","1.2656542480726785e-14"
"3581","0.69140625","0.69140625","0.69140625"
"3582","1.126900315284729e-7","1.126900315284729e-7","1.126900315284729e-7"
"3583","32","32","32"
"3584","0.000335693359375","0.000335693359375","0.000335693359375"
"3585","0.69140625","0.69140625","0.69140625"
"3586","0.69140625","0.69140625","0.69140625"
"3587","0.69140625","0.69140625","0.69140625"
"3588","0.69140625","0.69140625","0.69140625"
"3589","0.69140625","0.69140625","0.69140625"
"3590","0.000335693359375","0.000335693359375","0.000335693359375"
"3591","0.69140625","0.69140625","0.69140625"
"3592","1.601387637598654e-28","1.601387637598654e-28","1.601387637598654e-28"
"3593","0.0181884765625","0.0181884765625","0.0181884765625"
"3594","0.69140625","0.69140625","0.69140625"
"3595","0.000335693359375","0.000335693359375","0.000335693359375"
"3596","0.69140625","0.69140625","0.69140625"
"3597","0.69140625","0.69140625","0.69140625"
"3598","4.03125","4.03125","4.03125"
"3599","8","8","8"
"3600","0.69140625","0.69140625","0.69140625"
"3601","8","8","8"
"3602","16","16","16"
"3603","1.126900315284729e-7","1.126900315284729e-7","1.126900315284729e-7"
"3604","0.69140625","0.69140625","0.69140625"
"3605","0.69140625","0.69140625","0.69140625"
"3606","8","8","8"
"3607","0.69140625","0.69140625","0.69140625"
"3608","0.126953125","0.126953125","0.126953125"
"3609","0.69140625","0.69140625","0.69140625"
"3610","0.69140625","0.69140625","0.69140625"
"3611","0.000335693359375","0.000335693359375","0.000335693359375"
"3612","0.69140625","0.69140625","0.69140625"
"3613","1.126900315284729e-7","1.126900315284729e-7","1.126900315284729e-7"
"3614","0.69140625","0.69140625","0.69140625"
"3615","0.69140625","0.69140625","0.69140625"
"3616","0.000335693359375","0.000335693359375","0.000335693359375"
"3618","0.000335693359375","0.000335693359375","0.000335693359375"
"3619","1.126900315284729e-7","1.126900315284729e-7","1.126900315284729e-7"
"3620","0.69140625","0.69140625","0.69140625"
"3621","0.69140625","0.69140625","0.69140625"
"3622","1.126900315284729e-7","1.126900315284729e-7","1.126900315284729e-7"
"3623","0.69140625","0.69140625","0.69140625"
"3624","0.69140625","0.69140625","0.69140625"
"3626","3.774403012357652e-11","3.774403012357652e-11","3.774403012357652e-11"
"3628","0.69140625","0.69140625","0.69140625"
"3629","8","8","8"
"3630","0.002471923828125","0.002471923828125","0.002471923828125"
"3631","0.69140625","0.69140625","0.69140625"
"3632","16","16","16"
"3633","0.000335693359375","0.000335693359375","0.000335693359375"
"3634","0.69140625","0.69140625","0.69140625"
"3635","0.000335693359375","0.000335693359375","0.000335693359375"
"3636","0.69140625","0.69140625","0.69140625"
"3637","4.03125","4.03125","4.03125"
"3638","0.000335693359375","0.000335693359375","0.000335693359375"
"3639","16","16","16"
"3640","0.69140625","0.69140625","0.69140625"
"3641","0.69140625","0.69140625","0.69140625"
"3642","0.000335693359375","0.000335693359375","0.000335693359375"
"3643","0.000335693359375","0.000335693359375","0.000335693359375"
"3644","0.000335693359375","0.000335693359375","0.000335693359375"
"3645","1.126900315284729e-7","1.126900315284729e-7","1.126900315284729e-7"
"3646","0.69140625","0.69140625","0.69140625"
"3647","0.0181884765625","0.0181884765625","0.0181884765625"
"3648","0.69140625","0.69140625","0.69140625"
"3649","0.69140625","0.69140625","0.69140625"
"3650","0.000335693359375","0.000335693359375","0.000335693359375"
"3651","0.000335693359375","0.000335693359375","0.000335693359375"
"3652","0.000335693359375","0.000335693359375","0.000335693359375"
"3653","0.69140625","0.69140625","0.69140625"
"3654","16","16","16"
"3655","8","8","8"
"3656","0.69140625","0.69140625","0.69140625"
"3657","0.69140625","0.69140625","0.69140625"
"3658","0.000335693359375","0.000335693359375","0.000335693359375"
"3659","0.69140625","0.69140625","0.69140625"
"3660","0.0181884765625","0.0181884765625","0.0181884765625"
"3661","8","8","8"
"3662","4.03125","4.03125","4.03125"
"3663","0.0181884765625","0.0181884765625","0.0181884765625"
"3664","0.000335693359375","0.000335693359375","0.000335693359375"
"3665","16","16","16"
"3666","0.69140625","0.69140625","0.69140625"
"3667","0.69140625","0.69140625","0.69140625"
"3668","0.69140625","0.69140625","0.69140625"
"3669","0.69140625","0.69140625","0.69140625"
"3670","8","8","8"
"3671","16","16","16"
"3672","1.126900315284729e-7","1.126900315284729e-7","1.126900315284729e-7"
"3673","0.69140625","0.69140625","0.69140625"
"3674","0.69140625","0.69140625","0.69140625"
"3675","0.000335693359375","0.000335693359375","0.000335693359375"
"3676","0.69140625","0.69140625","0.69140625"
"3677","0.69140625","0.69140625","0.69140625"
"3678","0.000335693359375","0.000335693359375","0.000335693359375"
"3679","0.000335693359375","0.000335693359375","0.000335693359375"
"3680","0.69140625","0.69140625","0.69140625"
"3681","0.69140625","0.69140625","0.69140625"
"3682","0.0181884765625","0.0181884765625","0.0181884765625"
"3683","16","16","16"
"3685","0.69140625","0.69140625","0.69140625"
"3686","0.000335693359375","0.000335693359375","0.000335693359375"
"3687","0.69140625","0.69140625","0.69140625"
"3688","0.69140625","0.69140625","0.69140625"
"3689","2.125","2.125","2.125"
"3690","0.69140625","0.69140625","0.69140625"
"3691","0.69140625","0.69140625","0.69140625"
"3692","4.03125","4.03125","4.03125"
"3693","0.0181884765625","0.0181884765625","0.0181884765625"
"3694","0.69140625","0.69140625","0.69140625"
"3695","0.69140625","0.69140625","0.69140625"
"3696","1.126900315284729e-7","1.126900315284729e-7","1.126900315284729e-7"
"3697","0.69140625","0.69140625","0.69140625"
"3698","0.69140625","0.69140625","0.69140625"
"3699","0.126953125","0.126953125","0.126953125"
"3700","0.69140625","0.69140625","0.69140625"
"3701","0.69140625","0.69140625","0.69140625"
"3703","0.69140625","0.69140625","0.69140625"
"3704","0.69140625","0.69140625","0.69140625"
"3705","0.000335693359375","0.000335693359375","0.000335693359375"
"3706","0.000335693359375","0.000335693359375","0.000335693359375"
"3707","0.69140625","0.69140625","0.69140625"
"3708","0.69140625","0.69140625","0.69140625"
"3709","4.03125","4.03125","4.03125"
"3710","0.69140625","0.69140625","0.69140625"
"3711","0.000335693359375","0.000335693359375","0.000335693359375"
"3713","0.69140625","0.69140625","0.69140625"
"3714","0.69140625","0.69140625","0.69140625"
"3715","0.69140625","0.69140625","0.69140625"
"3717","1.126900315284729e-7","1.126900315284729e-7","1.126900315284729e-7"
"3718","0.69140625","0.69140625","0.69140625"
"3719","0.126953125","0.126953125","0.126953125"
"3720","0.69140625","0.69140625","0.69140625"
"3721","0.000335693359375","0.000335693359375","0.000335693359375"
"3722","8","8","8"
"3723","0.69140625","0.69140625","0.69140625"
"3724","0.69140625","0.69140625","0.69140625"
"3725","8","8","8"
"3726","8","8","8"
"3727","0.69140625","0.69140625","0.69140625"
"3728","0.000335693359375","0.000335693359375","0.000335693359375"
"3729","0.000335693359375","0.000335693359375","0.000335693359375"
"3730","0.0181884765625","0.0181884765625","0.0181884765625"
"3732","0.000335693359375","0.000335693359375","0.000335693359375"
"3733","8","8","8"
"3734","8","8","8"
"3735","0.000335693359375","0.000335693359375","0.000335693359375"
"3736","0.69140625","0.69140625","0.69140625"
"3737","0.000335693359375","0.000335693359375","0.000335693359375"
"3738","0.69140625","0.69140625","0.69140625"
"3739","0.000335693359375","0.000335693359375","0.000335693359375"
"3740","0.69140625","0.69140625","0.69140625"
"3741","0.69140625","0.69140625","0.69140625"
"3742","4.03125","4.03125","4.03125"
"3743","1.126900315284729e-7","1.126900315284729e-7","1.126900315284729e-7"
"3744","0.69140625","0.69140625","0.69140625"
"3745","0.69140625","0.69140625","0.69140625"
"3746","0.69140625","0.69140625","0.69140625"
"3747","0.0181884765625","0.0181884765625","0.0181884765625"
"3748","8","8","8"
"3749","0.69140625","0.69140625","0.69140625"
"3750","0.000335693359375","0.000335693359375","0.000335693359375"
"3751","16","16","16"
"3752","0.69140625","0.69140625","0.69140625"
"3753","0.69140625","0.69140625","0.69140625"
"3754","0.69140625","0.69140625","0.69140625"
"3756","0.000335693359375","0.000335693359375","0.000335693359375"
"3757","0.000335693359375","0.000335693359375","0.000335693359375"
"3758","0.000335693359375","0.000335693359375","0.000335693359375"
"3759","1.126900315284729e-7","1.126900315284729e-7","1.126900315284729e-7"
"3760","0.000335693359375","0.000335693359375","0.000335693359375"
"3761","0.0181884765625","0.0181884765625","0.0181884765625"
"3763","16","16","16"
"3764","0.69140625","0.69140625","0.69140625"
"3765","0.69140625","0.69140625","0.69140625"
"3766","8","8","8"
"3767","16","16","16"
"3768","0.000335693359375","0.000335693359375","0.000335693359375"
"3769","0.69140625","0.69140625","0.69140625"
"3770","8","8","8"
"3771","0.69140625","0.69140625","0.69140625"
"3772","0.69140625","0.69140625","0.69140625"
"3773","0.69140625","0.69140625","0.69140625"
"3774","0.69140625","0.69140625","0.69140625"
"3775","0.000335693359375","0.000335693359375","0.000335693359375"
"3776","0.69140625","0.69140625","0.69140625"
"3777","0.000335693359375","0.000335693359375","0.000335693359375"
"3778","8","8","8"
"3779","0.69140625","0.69140625","0.69140625"
"3781","1.126900315284729e-7","1.126900315284729e-7","1.126900315284729e-7"
"3782","6.927791673660977e-13","6.927791673660977e-13","6.927791673660977e-13"
"3783","0.69140625","0.69140625","0.69140625"
"3784","0.69140625","0.69140625","0.69140625"
"3786","8","8","8"
"3787","16","16","16"
"3788","8","8","8"
"3789","3.774403012357652e-11","3.774403012357652e-11","3.774403012357652e-11"
"3790","8","8","8"
"3791","0.69140625","0.69140625","0.69140625"
"3792","0.000335693359375","0.000335693359375","0.000335693359375"
"3793","0.000335693359375","0.000335693359375","0.000335693359375"
"3794","0.69140625","0.69140625","0.69140625"
"3795","0.0181884765625","0.0181884765625","0.0181884765625"
"3796","0.69140625","0.69140625","0.69140625"
"3797","0.000335693359375","0.000335693359375","0.000335693359375"
"3798","0.69140625","0.69140625","0.69140625"
"3799","12","12","12"
"3800","0.69140625","0.69140625","0.69140625"
"3801","8","8","8"
"3802","16","16","16"
"3803","0.69140625","0.69140625","0.69140625"
"3804","16","16","16"
"3806","16","16","16"
"3807","0.69140625","0.69140625","0.69140625"
"3808","8","8","8"
"3809","0.69140625","0.69140625","0.69140625"
"3811","0.000335693359375","0.000335693359375","0.000335693359375"
"3812","0.69140625","0.69140625","0.69140625"
"3813","8","8","8"
"3814","3.774403012357652e-11","3.774403012357652e-11","3.774403012357652e-11"
"3815","0.69140625","0.69140625","0.69140625"
"3816","0.000335693359375","0.000335693359375","0.000335693359375"
"3817","0.69140625","0.69140625","0.69140625"
"3818","0.69140625","0.69140625","0.69140625"
"3819","0.69140625","0.69140625","0.69140625"
"3820","0.69140625","0.69140625","0.69140625"
"3821","0.69140625","0.69140625","0.69140625"
"3822","8","8","8"
"3823","0.69140625","0.69140625","0.69140625"
"3824","1.126900315284729e-7","1.126900315284729e-7","1.126900315284729e-7"
"3825","0.000335693359375","0.000335693359375","0.000335693359375"
"3826","0.69140625","0.69140625","0.69140625"
"3827","8","8","8"
"3828","0.69140625","0.69140625","0.69140625"
"3829","0.0181884765625","0.0181884765625","0.0181884765625"
"3830","0.69140625","0.69140625","0.69140625"
"3831","8","8","8"
"3832","0.69140625","0.69140625","0.69140625"
"3833","0.000335693359375","0.000335693359375","0.000335693359375"
"3834","0.69140625","0.69140625","0.69140625"
"3835","16","16","16"
"3836","0.69140625","0.69140625","0.69140625"
"3837","8","8","8"
"3838","0.69140625","0.69140625","0.69140625"
"3839","0.69140625","0.69140625","0.69140625"
"3840","0.69140625","0.69140625","0.69140625"
"3841","0.0181884765625","0.0181884765625","0.0181884765625"
"3842","0.69140625","0.69140625","0.69140625"
"3844","8","8","8"
"3845","1.126900315284729e-7","1.126900315284729e-7","1.126900315284729e-7"
"3846","0.69140625","0.69140625","0.69140625"
"3847","0.69140625","0.69140625","0.69140625"
"3848","0.69140625","0.69140625","0.69140625"
"3849","16","16","16"
"3850","0.69140625","0.69140625","0.69140625"
"3851","0.69140625","0.69140625","0.69140625"
"3852","0.69140625","0.69140625","0.69140625"
"3853","0.000335693359375","0.000335693359375","0.000335693359375"
"3854","1.126900315284729e-7","1.126900315284729e-7","1.126900315284729e-7"
"3855","1.126900315284729e-7","1.126900315284729e-7","1.126900315284729e-7"
"3856","0.0181884765625","0.0181884765625","0.0181884765625"
"3857","0.69140625","0.69140625","0.69140625"
"3858","0.000335693359375","0.000335693359375","0.000335693359375"
"3859","0.69140625","0.69140625","0.69140625"
"3860","0.69140625","0.69140625","0.69140625"
"3861","8","8","8"
"3862","0.000335693359375","0.000335693359375","0.000335693359375"
"3863","8","8","8"
"3864","0.69140625","0.69140625","0.69140625"
"3865","0.000335693359375","0.000335693359375","0.000335693359375"
"3866","16","16","16"
"3867","0.69140625","0.69140625","0.69140625"
"3868","1.126900315284729e-7","1.126900315284729e-7","1.126900315284729e-7"
"3869","32","32","32"
"3870","16","16","16"
"3871","16","16","16"
"3872","0.69140625","0.69140625","0.69140625"
"3873","0.69140625","0.69140625","0.69140625"
"3874","1.126900315284729e-7","1.126900315284729e-7","1.126900315284729e-7"
"3875","8","8","8"
"3876","0.000335693359375","0.000335693359375","0.000335693359375"
"3877","0.69140625","0.69140625","0.69140625"
"3878","4.03125","4.03125","4.03125"
"3879","0.69140625","0.69140625","0.69140625"
"3881","0.69140625","0.69140625","0.69140625"
"3882","0.0181884765625","0.0181884765625","0.0181884765625"
"3883","0.000335693359375","0.000335693359375","0.000335693359375"
"3885","8","8","8"
"3886","0.69140625","0.69140625","0.69140625"
"3887","0.000335693359375","0.000335693359375","0.000335693359375"
"3889","0.69140625","0.69140625","0.69140625"
"3890","0.69140625","0.69140625","0.69140625"
"3891","0.000335693359375","0.000335693359375","0.000335693359375"
"3892","8","8","8"
"3893","0.000335693359375","0.000335693359375","0.000335693359375"
"3894","0.69140625","0.69140625","0.69140625"
"3895","0.000335693359375","0.000335693359375","0.000335693359375"
"3896","0.69140625","0.69140625","0.69140625"
"3897","8","8","8"
"3898","4.03125","4.03125","4.03125"
"3899","0.69140625","0.69140625","0.69140625"
"3900","0.0181884765625","0.0181884765625","0.0181884765625"
"3901","0.000006139278411865234","0.000006139278411865234","0.000006139278411865234"
"3902","0.69140625","0.69140625","0.69140625"
"3903","0.69140625","0.69140625","0.69140625"
"3904","0.000335693359375","0.000335693359375","0.000335693359375"
"3905","16","16","16"
"3906","1.2656542480726785e-14","1.2656542480726785e-14","1.2656542480726785e-14"
"3907","0.69140625","0.69140625","0.69140625"
"3908","16","16","16"
"3909","0.69140625","0.69140625","0.69140625"
"3910","4.03125","4.03125","4.03125"
"3911","0.69140625","0.69140625","0.69140625"
"3912","0.000335693359375","0.000335693359375","0.000335693359375"
"3913","0.69140625","0.69140625","0.69140625"
"3914","0.69140625","0.69140625","0.69140625"
"3915","0.000006139278411865234","0.000006139278411865234","0.000006139278411865234"
"3917","0.000335693359375","0.000335693359375","0.000335693359375"
"3919","0.69140625","0.69140625","0.69140625"
"3920","0.69140625","0.69140625","0.69140625"
"3921","32","32","32"
"3922","0.69140625","0.69140625","0.69140625"
"3923","0.69140625","0.69140625","0.69140625"
"3924","8","8","8"
"3925","0.69140625","0.69140625","0.69140625"
"3926","0.69140625","0.69140625","0.69140625"
"3927","0.000335693359375","0.000335693359375","0.000335693359375"
"3928","0.69140625","0.69140625","0.69140625"
"3929","0.0181884765625","0.0181884765625","0.0181884765625"
"3930","0.69140625","0.69140625","0.69140625"
"3931","0.69140625","0.69140625","0.69140625"
"3932","4.03125","4.03125","4.03125"
"3933","0.69140625","0.69140625","0.69140625"
"3934","0.69140625","0.69140625","0.69140625"
"3936","0.69140625","0.69140625","0.69140625"
"3937","1.126900315284729e-7","1.126900315284729e-7","1.126900315284729e-7"
"3938","8","8","8"
"3939","8","8","8"
"3940","0.000335693359375","0.000335693359375","0.000335693359375"
"3941","0.000335693359375","0.000335693359375","0.000335693359375"
"3942","0.69140625","0.69140625","0.69140625"
"3943","8","8","8"
"3944","1.126900315284729e-7","1.126900315284729e-7","1.126900315284729e-7"
"3945","0.0181884765625","0.0181884765625","0.0181884765625"
"3946","8","8","8"
"3947","0.000335693359375","0.000335693359375","0.000335693359375"
"3948","4.03125","4.03125","4.03125"
"3949","0.0181884765625","0.0181884765625","0.0181884765625"
"3950","0.000335693359375","0.000335693359375","0.000335693359375"
"3951","4.03125","4.03125","4.03125"
"3952","8","8","8"
"3953","16","16","16"
"3954","0.000335693359375","0.000335693359375","0.000335693359375"
"3955","0.000335693359375","0.000335693359375","0.000335693359375"
"3956","8","8","8"
"3957","0.69140625","0.69140625","0.69140625"
"3958","0.69140625","0.69140625","0.69140625"
"3959","0.69140625","0.69140625","0.69140625"
"3960","0.3125","0.3125","0.3125"
"3961","0.69140625","0.69140625","0.69140625"
"3962","8","8","8"
"3963","0.000335693359375","0.000335693359375","0.000335693359375"
"3965","0.000335693359375","0.000335693359375","0.000335693359375"
"3966","0.000335693359375","0.000335693359375","0.000335693359375"
"3967","0.000335693359375","0.000335693359375","0.000335693359375"
"3968","0.69140625","0.69140625","0.69140625"
"3970","0.69140625","0.69140625","0.69140625"
"3971","0.69140625","0.69140625","0.69140625"
"3972","0.69140625","0.69140625","0.69140625"
"3973","0.126953125","0.126953125","0.126953125"
"3974","0.69140625","0.69140625","0.69140625"
"3975","0.69140625","0.69140625","0.69140625"
"3976","0.126953125","0.126953125","0.126953125"
"3977","0.69140625","0.69140625","0.69140625"
"3978","0.000335693359375","0.000335693359375","0.000335693359375"
"3979","0.000335693359375","0.000335693359375","0.000335693359375"
"3980","16","16","16"
"3981","0.69140625","0.69140625","0.69140625"
"3982","0.69140625","0.69140625","0.69140625"
"3984","16","16","16"
"3985","0.000335693359375","0.000335693359375","0.000335693359375"
"3986","16","16","16"
"3987","16","16","16"
"3988","0.69140625","0.69140625","0.69140625"
"3989","0.0181884765625","0.0181884765625","0.0181884765625"
"3990","0.69140625","0.69140625","0.69140625"
"3991","1.126900315284729e-7","1.126900315284729e-7","1.126900315284729e-7"
"3993","0.000335693359375","0.000335693359375","0.000335693359375"
"3995","0.000335693359375","0.000335693359375","0.000335693359375"
"3996","0.69140625","0.69140625","0.69140625"
"3997","0.69140625","0.69140625","0.69140625"
"3998","0.0181884765625","0.0181884765625","0.0181884765625"
"3999","8","8","8"
"4000","0.69140625","0.69140625","0.69140625"
"4001","16","16","16"
"4002","0.69140625","0.69140625","0.69140625"
"4003","0.69140625","0.69140625","0.69140625"
"4004","0.69140625","0.69140625","0.69140625"
"4005","0.69140625","0.69140625","0.69140625"
"4006","8","8","8"
"4007","8","8","8"
"4008","8","8","8"
"4009","0.69140625","0.69140625","0.69140625"
"4010","0.69140625","0.69140625","0.69140625"
"4011","0.69140625","0.69140625","0.69140625"
"4012","0.000335693359375","0.000335693359375","0.000335693359375"
"4014","0.69140625","0.69140625","0.69140625"
"4015","0.69140625","0.69140625","0.69140625"
"4016","2.125","2.125","2.125"
"4017","0.69140625","0.69140625","0.69140625"
"4018","8","8","8"
"4019","1.126900315284729e-7","1.126900315284729e-7","1.126900315284729e-7"
"4020","0.69140625","0.69140625","0.69140625"
"4021","0.000335693359375","0.000335693359375","0.000335693359375"
"4022","0.69140625","0.69140625","0.69140625"
"4024","0.69140625","0.69140625","0.69140625"
"4025","0.69140625","0.69140625","0.69140625"
"4027","8","8","8"
"4028","8","8","8"
"4029","0.000335693359375","0.000335693359375","0.000335693359375"
"4030","0.69140625","0.69140625","0.69140625"
"4032","4.03125","4.03125","4.03125"
"4033","16","16","16"
"4034","0.69140625","0.69140625","0.69140625"
"4035","0.000335693359375","0.000335693359375","0.000335693359375"
"4036","0.69140625","0.69140625","0.69140625"
"4037","0.000335693359375","0.000335693359375","0.000335693359375"
"4038","1.126900315284729e-7","1.126900315284729e-7","1.126900315284729e-7"
"4039","1.126900315284729e-7","1.126900315284729e-7","1.126900315284729e-7"
"4040","0.0181884765625","0.0181884765625","0.0181884765625"
"4041","0.000335693359375","0.000335693359375","0.000335693359375"
"4042","8","8","8"
"4043","16","16","16"
"4044","8","8","8"
"4045","0.69140625","0.69140625","0.69140625"
"4046","0.000335693359375","0.000335693359375","0.000335693359375"
"4047","8","8","8"
"4048","3.774403012357652e-11","3.774403012357652e-11","3.774403012357652e-11"
"4049","0.69140625","0.69140625","0.69140625"
"4050","0.000335693359375","0.000335693359375","0.000335693359375"
"4051","1.126900315284729e-7","1.126900315284729e-7","1.126900315284729e-7"
"4052","0.0181884765625","0.0181884765625","0.0181884765625"
"4053","0.000335693359375","0.000335693359375","0.000335693359375"
"4054","1.126900315284729e-7","1.126900315284729e-7","1.126900315284729e-7"
"4055","0.000335693359375","0.000335693359375","0.000335693359375"
"4056","0.000335693359375","0.000335693359375","0.000335693359375"
"4057","0.69140625","0.69140625","0.69140625"
"4058","0.69140625","0.69140625","0.69140625"
"4059","0.0181884765625","0.0181884765625","0.0181884765625"
"4060","0.002471923828125","0.002471923828125","0.002471923828125"
"4061","0.000335693359375","0.000335693359375","0.000335693359375"
"4062","0.0181884765625","0.0181884765625","0.0181884765625"
"4063","0.69140625","0.69140625","0.69140625"
"4064","0.000335693359375","0.000335693359375","0.000335693359375"
"4065","16","16","16"
"4066","0.000335693359375","0.000335693359375","0.000335693359375"
"4067","2.125","2.125","2.125"
"4068","8","8","8"
"4069","0.69140625","0.69140625","0.69140625"
"4070","8","8","8"
"4072","16","16","16"
"4073","1.2656542480726785e-14","1.2656542480726785e-14","1.2656542480726785e-14"
"4074","0.69140625","0.69140625","0.69140625"
"4075","0.69140625","0.69140625","0.69140625"
"4076","1.126900315284729e-7","1.126900315284729e-7","1.126900315284729e-7"
"4077","0.69140625","0.69140625","0.69140625"
"4078","1.126900315284729e-7","1.126900315284729e-7","1.126900315284729e-7"
"4079","0.0181884765625","0.0181884765625","0.0181884765625"
"4080","16","16","16"
"4081","0.69140625","0.69140625","0.69140625"
"4082","0.000335693359375","0.000335693359375","0.000335693359375"
"4083","1.126900315284729e-7","1.126900315284729e-7","1.126900315284729e-7"
"4084","0.69140625","0.69140625","0.69140625"
"4085","1.2656542480726785e-14","1.2656542480726785e-14","1.2656542480726785e-14"
"4086","8","8","8"
"4087","0.69140625","0.69140625","0.69140625"
"4088","1.126900315284729e-7","1.126900315284729e-7","1.126900315284729e-7"
"4089","6.927791673660977e-13","6.927791673660977e-13","6.927791673660977e-13"
"4090","1.126900315284729e-7","1.126900315284729e-7","1.126900315284729e-7"
"4091","12","12","12"
"4092","0.000335693359375","0.000335693359375","0.000335693359375"
"4093","0.000335693359375","0.000335693359375","0.000335693359375"
"4094","16","16","16"
"4095","0.000335693359375","0.000335693359375","0.000335693359375"
"4096","16","16","16"
"4097","2.125","2.125","2.125"
"4098","0.69140625","0.69140625","0.69140625"
"4099","32","32","32"
"4100","24","24","24"
"4101","0.69140625","0.69140625","0.69140625"
"4102","2.125","2.125","2.125"
"4103","0.000335693359375","0.000335693359375","0.000335693359375"
"4104","0.69140625","0.69140625","0.69140625"
"4105","0.69140625","0.69140625","0.69140625"
"4106","0.000335693359375","0.000335693359375","0.000335693359375"
"4107","0.000335693359375","0.000335693359375","0.000335693359375"
"4108","1.126900315284729e-7","1.126900315284729e-7","1.126900315284729e-7"
"4109","0.69140625","0.69140625","0.69140625"
"4110","0.69140625","0.69140625","0.69140625"
"4111","0.000335693359375","0.000335693359375","0.000335693359375"
"4112","0.69140625","0.69140625","0.69140625"
"4113","8","8","8"
"4114","0.69140625","0.69140625","0.69140625"
"4115","12","12","12"
"4116","0.69140625","0.69140625","0.69140625"
"4117","1.126900315284729e-7","1.126900315284729e-7","1.126900315284729e-7"
"4118","0.000335693359375","0.000335693359375","0.000335693359375"
"4119","0.69140625","0.69140625","0.69140625"
"4120","1.126900315284729e-7","1.126900315284729e-7","1.126900315284729e-7"
"4121","0.69140625","0.69140625","0.69140625"
"4122","8","8","8"
"4123","8","8","8"
"4124","0.000335693359375","0.000335693359375","0.000335693359375"
"4125","1.2656542480726785e-14","1.2656542480726785e-14","1.2656542480726785e-14"
"4126","0.69140625","0.69140625","0.69140625"
"4127","0.69140625","0.69140625","0.69140625"
"4128","1.126900315284729e-7","1.126900315284729e-7","1.126900315284729e-7"
"4129","1.126900315284729e-7","1.126900315284729e-7","1.126900315284729e-7"
"4130","0.69140625","0.69140625","0.69140625"
"4131","0.69140625","0.69140625","0.69140625"
"4132","8","8","8"
"4133","0.69140625","0.69140625","0.69140625"
"4134","0.000335693359375","0.000335693359375","0.000335693359375"
"4135","0.69140625","0.69140625","0.69140625"
"4136","0.69140625","0.69140625","0.69140625"
"4138","0.69140625","0.69140625","0.69140625"
"4139","8","8","8"
"4140","0.69140625","0.69140625","0.69140625"
"4141","4.03125","4.03125","4.03125"
"4142","0.69140625","0.69140625","0.69140625"
"4143","0.69140625","0.69140625","0.69140625"
"4144","0.69140625","0.69140625","0.69140625"
"4145","8","8","8"
"4146","0.69140625","0.69140625","0.69140625"
"4147","8","8","8"
"4148","0.69140625","0.69140625","0.69140625"
"4149","0.69140625","0.69140625","0.69140625"
"4150","0.69140625","0.69140625","0.69140625"
"4151","0.69140625","0.69140625","0.69140625"
"4152","0.69140625","0.69140625","0.69140625"
"4153","16","16","16"
"4154","16","16","16"
"4155","0.69140625","0.69140625","0.69140625"
"4157","0.69140625","0.69140625","0.69140625"
"4158","8","8","8"
"4159","0.69140625","0.69140625","0.69140625"
"4160","4.03125","4.03125","4.03125"
"4161","0.69140625","0.69140625","0.69140625"
"4162","1.2656542480726785e-14","1.2656542480726785e-14","1.2656542480726785e-14"
"4163","0.69140625","0.69140625","0.69140625"
"4164","0.000335693359375","0.000335693359375","0.000335693359375"
"4165","0.69140625","0.69140625","0.69140625"
"4166","0.000335693359375","0.000335693359375","0.000335693359375"
"4167","0.000335693359375","0.000335693359375","0.000335693359375"
"4168","0.000335693359375","0.000335693359375","0.000335693359375"
"4169","0.0181884765625","0.0181884765625","0.0181884765625"
"4170","0.000335693359375","0.000335693359375","0.000335693359375"
"4171","0.69140625","0.69140625","0.69140625"
"4172","0.69140625","0.69140625","0.69140625"
"4173","0.000335693359375","0.000335693359375","0.000335693359375"
"4174","4.03125","4.03125","4.03125"
"4175","0.69140625","0.69140625","0.69140625"
"4176","4.03125","4.03125","4.03125"
"4177","1.126900315284729e-7","1.126900315284729e-7","1.126900315284729e-7"
"4180","0.000335693359375","0.000335693359375","0.000335693359375"
"4181","8","8","8"
"4182","8","8","8"
"4183","8","8","8"
"4184","16","16","16"
"4185","16","16","16"
"4186","0.69140625","0.69140625","0.69140625"
"4187","0.0181884765625","0.0181884765625","0.0181884765625"
"4188","0.69140625","0.69140625","0.69140625"
"4189","0.69140625","0.69140625","0.69140625"
"4190","1.126900315284729e-7","1.126900315284729e-7","1.126900315284729e-7"
"4192","0.69140625","0.69140625","0.69140625"
"4193","0.69140625","0.69140625","0.69140625"
"4194","0.69140625","0.69140625","0.69140625"
"4195","0.0181884765625","0.0181884765625","0.0181884765625"
"4196","0.69140625","0.69140625","0.69140625"
"4197","1.126900315284729e-7","1.126900315284729e-7","1.126900315284729e-7"
"4198","0.000335693359375","0.000335693359375","0.000335693359375"
"4199","0.69140625","0.69140625","0.69140625"
"4200","0.126953125","0.126953125","0.126953125"
"4201","0.69140625","0.69140625","0.69140625"
"4202","1.2656542480726785e-14","1.2656542480726785e-14","1.2656542480726785e-14"
"4203","0.000335693359375","0.000335693359375","0.000335693359375"
"4204","0.69140625","0.69140625","0.69140625"
"4205","0.69140625","0.69140625","0.69140625"
"4206","0.69140625","0.69140625","0.69140625"
"4208","0.0181884765625","0.0181884765625","0.0181884765625"
"4209","0.69140625","0.69140625","0.69140625"
"4210","1.126900315284729e-7","1.126900315284729e-7","1.126900315284729e-7"
"4211","0.69140625","0.69140625","0.69140625"
"4212","8","8","8"
"4213","0.69140625","0.69140625","0.69140625"
"4214","0.000335693359375","0.000335693359375","0.000335693359375"
"4215","16","16","16"
"4216","8","8","8"
"4217","0.69140625","0.69140625","0.69140625"
"4218","0.000335693359375","0.000335693359375","0.000335693359375"
"4220","0.69140625","0.69140625","0.69140625"
"4222","8","8","8"
"4223","0.69140625","0.69140625","0.69140625"
"4224","0.0181884765625","0.0181884765625","0.0181884765625"
"4225","0.69140625","0.69140625","0.69140625"
"4226","0.69140625","0.69140625","0.69140625"
"4227","8","8","8"
"4228","0.69140625","0.69140625","0.69140625"
"4229","8","8","8"
"4230","0.000335693359375","0.000335693359375","0.000335693359375"
"4231","8","8","8"
"4232","4.03125","4.03125","4.03125"
"4233","0.69140625","0.69140625","0.69140625"
"4234","8","8","8"
"4236","0.69140625","0.69140625","0.69140625"
"4237","0.69140625","0.69140625","0.69140625"
"4238","0.0181884765625","0.0181884765625","0.0181884765625"
"4240","1.126900315284729e-7","1.126900315284729e-7","1.126900315284729e-7"
"4241","8","8","8"
"4242","1.126900315284729e-7","1.126900315284729e-7","1.126900315284729e-7"
"4243","3.046875","3.046875","3.046875"
"4244","0.69140625","0.69140625","0.69140625"
"4245","0.0181884765625","0.0181884765625","0.0181884765625"
"4246","0.69140625","0.69140625","0.69140625"
"4247","16","16","16"
"4248","0.3125","0.3125","0.3125"
"4250","0.69140625","0.69140625","0.69140625"
"4251","32","32","32"
"4252","0.69140625","0.69140625","0.69140625"
"4253","0.69140625","0.69140625","0.69140625"
"4254","0.69140625","0.69140625","0.69140625"
"4255","0.69140625","0.69140625","0.69140625"
"4256","1.2656542480726785e-14","1.2656542480726785e-14","1.2656542480726785e-14"
"4257","8","8","8"
"4258","0.69140625","0.69140625","0.69140625"
"4259","16","16","16"
"4260","1.2656542480726785e-14","1.2656542480726785e-14","1.2656542480726785e-14"
"4261","1.126900315284729e-7","1.126900315284729e-7","1.126900315284729e-7"
"4262","2.125","2.125","2.125"
"4263","0.69140625","0.69140625","0.69140625"
"4264","0.69140625","0.69140625","0.69140625"
"4265","0.000335693359375","0.000335693359375","0.000335693359375"
"4266","0.0181884765625","0.0181884765625","0.0181884765625"
"4267","0.69140625","0.69140625","0.69140625"
"4268","0.000335693359375","0.000335693359375","0.000335693359375"
"4269","8","8","8"
"4270","8","8","8"
"4271","0.69140625","0.69140625","0.69140625"
"4272","8","8","8"
"4273","8","8","8"
"4274","8","8","8"
"4275","0.000335693359375","0.000335693359375","0.000335693359375"
"4276","0.69140625","0.69140625","0.69140625"
"4277","0.69140625","0.69140625","0.69140625"
"4278","16","16","16"
"4279","4.03125","4.03125","4.03125"
"4280","8","8","8"
"4281","0.69140625","0.69140625","0.69140625"
"4282","0.000335693359375","0.000335693359375","0.000335693359375"
"4283","0.69140625","0.69140625","0.69140625"
"4284","0.69140625","0.69140625","0.69140625"
"4285","8.307397365570068e-7","8.307397365570068e-7","8.307397365570068e-7"
"4286","8","8","8"
"4287","0.69140625","0.69140625","0.69140625"
"4288","4.03125","4.03125","4.03125"
"4289","0.69140625","0.69140625","0.69140625"
"4290","0.69140625","0.69140625","0.69140625"
"4291","0.69140625","0.69140625","0.69140625"
"4292","1.126900315284729e-7","1.126900315284729e-7","1.126900315284729e-7"
"4293","8","8","8"
"4295","0.0181884765625","0.0181884765625","0.0181884765625"
"4297","0.000335693359375","0.000335693359375","0.000335693359375"
"4298","0.69140625","0.69140625","0.69140625"
"4299","0.69140625","0.69140625","0.69140625"
"4301","4.03125","4.03125","4.03125"
"4302","8","8","8"
"4303","0.69140625","0.69140625","0.69140625"
"4304","1.126900315284729e-7","1.126900315284729e-7","1.126900315284729e-7"
"4305","8","8","8"
"4307","8","8","8"
"4308","16","16","16"
"4309","0.69140625","0.69140625","0.69140625"
"4310","0.69140625","0.69140625","0.69140625"
"4311","0.000335693359375","0.000335693359375","0.000335693359375"
"4312","0.0181884765625","0.0181884765625","0.0181884765625"
"4313","0.000335693359375","0.000335693359375","0.000335693359375"
"4314","0.69140625","0.69140625","0.69140625"
"4315","0.000335693359375","0.000335693359375","0.000335693359375"
"4316","0.69140625","0.69140625","0.69140625"
"4317","16","16","16"
"4318","0.69140625","0.69140625","0.69140625"
"4319","0.000335693359375","0.000335693359375","0.000335693359375"
"4320","0.69140625","0.69140625","0.69140625"
"4321","0.69140625","0.69140625","0.69140625"
"4322","0.000335693359375","0.000335693359375","0.000335693359375"
"4323","8","8","8"
"4324","3.774403012357652e-11","3.774403012357652e-11","3.774403012357652e-11"
"4325","0.69140625","0.69140625","0.69140625"
"4326","1.126900315284729e-7","1.126900315284729e-7","1.126900315284729e-7"
"4327","16","16","16"
"4328","0.69140625","0.69140625","0.69140625"
"4329","1.126900315284729e-7","1.126900315284729e-7","1.126900315284729e-7"
"4330","16","16","16"
"4331","8","8","8"
"4332","0.69140625","0.69140625","0.69140625"
"4333","0.000335693359375","0.000335693359375","0.000335693359375"
"4334","0.69140625","0.69140625","0.69140625"
"4335","1.126900315284729e-7","1.126900315284729e-7","1.126900315284729e-7"
"4336","0.69140625","0.69140625","0.69140625"
"4337","0.000335693359375","0.000335693359375","0.000335693359375"
"4338","16","16","16"
"4339","8","8","8"
"4340","0.69140625","0.69140625","0.69140625"
"4341","0.69140625","0.69140625","0.69140625"
"4342","0.69140625","0.69140625","0.69140625"
"4343","0.69140625","0.69140625","0.69140625"
"4344","1.126900315284729e-7","1.126900315284729e-7","1.126900315284729e-7"
"4345","4.03125","4.03125","4.03125"
"4346","0.000335693359375","0.000335693359375","0.000335693359375"
"4347","0.000335693359375","0.000335693359375","0.000335693359375"
"4348","0.126953125","0.126953125","0.126953125"
"4349","0.69140625","0.69140625","0.69140625"
"4350","0.000335693359375","0.000335693359375","0.000335693359375"
"4351","0.69140625","0.69140625","0.69140625"
"4352","0.000335693359375","0.000335693359375","0.000335693359375"
"4353","4.03125","4.03125","4.03125"
"4354","0.0181884765625","0.0181884765625","0.0181884765625"
"4355","1.2656542480726785e-14","1.2656542480726785e-14","1.2656542480726785e-14"
"4357","1.2656542480726785e-14","1.2656542480726785e-14","1.2656542480726785e-14"
"4358","0.000335693359375","0.000335693359375","0.000335693359375"
"4359","16","16","16"
"4360","0.000335693359375","0.000335693359375","0.000335693359375"
"4361","4.03125","4.03125","4.03125"
"4362","0.69140625","0.69140625","0.69140625"
"4363","0.0181884765625","0.0181884765625","0.0181884765625"
"4364","8","8","8"
"4365","4.03125","4.03125","4.03125"
"4366","0.000335693359375","0.000335693359375","0.000335693359375"
"4367","0.69140625","0.69140625","0.69140625"
"4368","0.000335693359375","0.000335693359375","0.000335693359375"
"4369","0.69140625","0.69140625","0.69140625"
"4370","0.0181884765625","0.0181884765625","0.0181884765625"
"4371","1.126900315284729e-7","1.126900315284729e-7","1.126900315284729e-7"
"4372","0.69140625","0.69140625","0.69140625"
"4373","8","8","8"
"4374","0.69140625","0.69140625","0.69140625"
"4375","4.03125","4.03125","4.03125"
"4376","0.0181884765625","0.0181884765625","0.0181884765625"
"4377","1.126900315284729e-7","1.126900315284729e-7","1.126900315284729e-7"
"4379","0.69140625","0.69140625","0.69140625"
"4380","0.69140625","0.69140625","0.69140625"
"4381","0.69140625","0.69140625","0.69140625"
"4382","0.69140625","0.69140625","0.69140625"
"4383","0.126953125","0.126953125","0.126953125"
"4384","0.69140625","0.69140625","0.69140625"
"4385","0.000335693359375","0.000335693359375","0.000335693359375"
"4386","0.69140625","0.69140625","0.69140625"
"4387","0.69140625","0.69140625","0.69140625"
"4388","0.126953125","0.126953125","0.126953125"
"4389","0.69140625","0.69140625","0.69140625"
"4390","0.69140625","0.69140625","0.69140625"
"4391","8","8","8"
"4392","0.69140625","0.69140625","0.69140625"
"4393","8","8","8"
"4395","2.125","2.125","2.125"
"4396","0.0181884765625","0.0181884765625","0.0181884765625"
"4397","0.69140625","0.69140625","0.69140625"
"4398","0.69140625","0.69140625","0.69140625"
"4399","0.000335693359375","0.000335693359375","0.000335693359375"
"4400","0.0181884765625","0.0181884765625","0.0181884765625"
"4401","0.0181884765625","0.0181884765625","0.0181884765625"
"4402","0.0181884765625","0.0181884765625","0.0181884765625"
"4403","0.69140625","0.69140625","0.69140625"
"4404","0.69140625","0.69140625","0.69140625"
"4405","1.126900315284729e-7","1.126900315284729e-7","1.126900315284729e-7"
"4406","0.69140625","0.69140625","0.69140625"
"4407","2.125","2.125","2.125"
"4408","0.000335693359375","0.000335693359375","0.000335693359375"
"4409","0.69140625","0.69140625","0.69140625"
"4410","0.69140625","0.69140625","0.69140625"
"4411","0.69140625","0.69140625","0.69140625"
"4412","0.000335693359375","0.000335693359375","0.000335693359375"
"4413","8","8","8"
"4414","0.000335693359375","0.000335693359375","0.000335693359375"
"4415","4.03125","4.03125","4.03125"
"4417","1.126900315284729e-7","1.126900315284729e-7","1.126900315284729e-7"
"4418","0.000335693359375","0.000335693359375","0.000335693359375"
"4419","0.0181884765625","0.0181884765625","0.0181884765625"
"4420","0.69140625","0.69140625","0.69140625"
"4421","0.0181884765625","0.0181884765625","0.0181884765625"
"4422","0.69140625","0.69140625","0.69140625"
"4423","1.126900315284729e-7","1.126900315284729e-7","1.126900315284729e-7"
"4424","32","32","32"
"4425","8","8","8"
"4427","8","8","8"
"4428","8","8","8"
"4429","0.000335693359375","0.000335693359375","0.000335693359375"
"4430","0.69140625","0.69140625","0.69140625"
"4431","0.69140625","0.69140625","0.69140625"
"4432","8","8","8"
"4434","0.69140625","0.69140625","0.69140625"
"4435","0.000335693359375","0.000335693359375","0.000335693359375"
"4436","0.69140625","0.69140625","0.69140625"
"4437","0.69140625","0.69140625","0.69140625"
"4438","0.69140625","0.69140625","0.69140625"
"4439","0.69140625","0.69140625","0.69140625"
"4440","0.69140625","0.69140625","0.69140625"
"4441","8","8","8"
"4442","1.126900315284729e-7","1.126900315284729e-7","1.126900315284729e-7"
"4443","8","8","8"
"4444","0.69140625","0.69140625","0.69140625"
"4445","0.0181884765625","0.0181884765625","0.0181884765625"
"4446","0.000335693359375","0.000335693359375","0.000335693359375"
"4447","0.69140625","0.69140625","0.69140625"
"4448","0.69140625","0.69140625","0.69140625"
"4450","0.69140625","0.69140625","0.69140625"
"4451","0.69140625","0.69140625","0.69140625"
"4452","0.000335693359375","0.000335693359375","0.000335693359375"
"4453","16","16","16"
"4455","16","16","16"
"4456","0.69140625","0.69140625","0.69140625"
"4457","0.69140625","0.69140625","0.69140625"
"4458","0.000335693359375","0.000335693359375","0.000335693359375"
"4459","0.69140625","0.69140625","0.69140625"
"4460","0.000335693359375","0.000335693359375","0.000335693359375"
"4461","0.69140625","0.69140625","0.69140625"
"4462","0.000335693359375","0.000335693359375","0.000335693359375"
"4463","0.69140625","0.69140625","0.69140625"
"4464","0.000335693359375","0.000335693359375","0.000335693359375"
"4465","0.000335693359375","0.000335693359375","0.000335693359375"
"4466","4.03125","4.03125","4.03125"
"4467","1.126900315284729e-7","1.126900315284729e-7","1.126900315284729e-7"
"4468","16","16","16"
"4469","0.69140625","0.69140625","0.69140625"
"4470","0.000335693359375","0.000335693359375","0.000335693359375"
"4471","0.69140625","0.69140625","0.69140625"
"4472","0.69140625","0.69140625","0.69140625"
"4473","8","8","8"
"4474","0.000335693359375","0.000335693359375","0.000335693359375"
"4476","0.69140625","0.69140625","0.69140625"
"4478","0.000335693359375","0.000335693359375","0.000335693359375"
"4479","8","8","8"
"4480","0.000335693359375","0.000335693359375","0.000335693359375"
"4481","1.126900315284729e-7","1.126900315284729e-7","1.126900315284729e-7"
"4482","0.69140625","0.69140625","0.69140625"
"4483","4.03125","4.03125","4.03125"
"4485","0.69140625","0.69140625","0.69140625"
"4486","1.126900315284729e-7","1.126900315284729e-7","1.126900315284729e-7"
"4487","8","8","8"
"4488","0.69140625","0.69140625","0.69140625"
"4489","0.69140625","0.69140625","0.69140625"
"4490","0.69140625","0.69140625","0.69140625"
"4491","0.000335693359375","0.000335693359375","0.000335693359375"
"4492","0.0181884765625","0.0181884765625","0.0181884765625"
"4493","0.69140625","0.69140625","0.69140625"
"4494","0.000335693359375","0.000335693359375","0.000335693359375"
"4495","1.126900315284729e-7","1.126900315284729e-7","1.126900315284729e-7"
"4496","0.69140625","0.69140625","0.69140625"
"4497","16","16","16"
"4499","0.000335693359375","0.000335693359375","0.000335693359375"
"4500","0.69140625","0.69140625","0.69140625"
"4501","4.782137916322191e-25","4.782137916322191e-25","4.782137916322191e-25"
"4502","0.000006139278411865234","0.000006139278411865234","0.000006139278411865234"
"4503","0.69140625","0.69140625","0.69140625"
"4504","8","8","8"
"4505","0.0181884765625","0.0181884765625","0.0181884765625"
"4506","0.69140625","0.69140625","0.69140625"
"4507","0.0181884765625","0.0181884765625","0.0181884765625"
"4508","4.03125","4.03125","4.03125"
"4509","0.69140625","0.69140625","0.69140625"
"4510","8","8","8"
"4511","0.69140625","0.69140625","0.69140625"
"4512","8","8","8"
"4513","0.69140625","0.69140625","0.69140625"
"4515","1.126900315284729e-7","1.126900315284729e-7","1.126900315284729e-7"
"4516","3.774403012357652e-11","3.774403012357652e-11","3.774403012357652e-11"
"4517","1.126900315284729e-7","1.126900315284729e-7","1.126900315284729e-7"
"4518","8","8","8"
"4519","0.69140625","0.69140625","0.69140625"
"4520","0.69140625","0.69140625","0.69140625"
"4521","1.126900315284729e-7","1.126900315284729e-7","1.126900315284729e-7"
"4522","0.000335693359375","0.000335693359375","0.000335693359375"
"4523","0.000335693359375","0.000335693359375","0.000335693359375"
"4524","1.126900315284729e-7","1.126900315284729e-7","1.126900315284729e-7"
"4525","16","16","16"
"4526","0.126953125","0.126953125","0.126953125"
"4527","0.0181884765625","0.0181884765625","0.0181884765625"
"4528","0.69140625","0.69140625","0.69140625"
"4529","1.126900315284729e-7","1.126900315284729e-7","1.126900315284729e-7"
"4530","1.126900315284729e-7","1.126900315284729e-7","1.126900315284729e-7"
"4531","0.69140625","0.69140625","0.69140625"
"4532","0.69140625","0.69140625","0.69140625"
"4533","8","8","8"
"4534","0.69140625","0.69140625","0.69140625"
"4535","1.126900315284729e-7","1.126900315284729e-7","1.126900315284729e-7"
"4538","0.69140625","0.69140625","0.69140625"
"4539","8","8","8"
"4540","0.000335693359375","0.000335693359375","0.000335693359375"
"4541","0.69140625","0.69140625","0.69140625"
"4542","8","8","8"
"4543","0.0181884765625","0.0181884765625","0.0181884765625"
"4544","0.000335693359375","0.000335693359375","0.000335693359375"
"4545","0.69140625","0.69140625","0.69140625"
"4546","0.0181884765625","0.0181884765625","0.0181884765625"
"4547","0.69140625","0.69140625","0.69140625"
"4548","0.69140625","0.69140625","0.69140625"
"4549","3.774403012357652e-11","3.774403012357652e-11","3.774403012357652e-11"
"4550","0.69140625","0.69140625","0.69140625"
"4551","4.03125","4.03125","4.03125"
"4552","0.69140625","0.69140625","0.69140625"
"4553","8","8","8"
"4554","0.69140625","0.69140625","0.69140625"
"4555","1.126900315284729e-7","1.126900315284729e-7","1.126900315284729e-7"
"4557","0.000335693359375","0.000335693359375","0.000335693359375"
"4558","0.002471923828125","0.002471923828125","0.002471923828125"
"4559","4.03125","4.03125","4.03125"
"4560","0.69140625","0.69140625","0.69140625"
"4561","0.69140625","0.69140625","0.69140625"
"4562","16","16","16"
"4563","0.69140625","0.69140625","0.69140625"
"4564","0.69140625","0.69140625","0.69140625"
"4565","4.03125","4.03125","4.03125"
"4566","1.126900315284729e-7","1.126900315284729e-7","1.126900315284729e-7"
"4567","0.000335693359375","0.000335693359375","0.000335693359375"
"4568","0.000335693359375","0.000335693359375","0.000335693359375"
"4569","0.69140625","0.69140625","0.69140625"
"4570","1.2656542480726785e-14","1.2656542480726785e-14","1.2656542480726785e-14"
"4571","16","16","16"
"4572","0.69140625","0.69140625","0.69140625"
"4573","16","16","16"
"4574","1.126900315284729e-7","1.126900315284729e-7","1.126900315284729e-7"
"4575","0.000335693359375","0.000335693359375","0.000335693359375"
"4576","0.69140625","0.69140625","0.69140625"
"4577","0.69140625","0.69140625","0.69140625"
"4578","0.000335693359375","0.000335693359375","0.000335693359375"
"4579","8","8","8"
"4580","8","8","8"
"4581","0.69140625","0.69140625","0.69140625"
"4582","16","16","16"
"4583","0.69140625","0.69140625","0.69140625"
"4584","0.69140625","0.69140625","0.69140625"
"4585","0.69140625","0.69140625","0.69140625"
"4586","0.69140625","0.69140625","0.69140625"
"4587","0.000335693359375","0.000335693359375","0.000335693359375"
"4588","1.126900315284729e-7","1.126900315284729e-7","1.126900315284729e-7"
"4589","16","16","16"
"4591","0.69140625","0.69140625","0.69140625"
"4592","0.69140625","0.69140625","0.69140625"
"4593","0.69140625","0.69140625","0.69140625"
"4594","0.0181884765625","0.0181884765625","0.0181884765625"
"4595","0.0181884765625","0.0181884765625","0.0181884765625"
"4596","0.69140625","0.69140625","0.69140625"
"4597","0.69140625","0.69140625","0.69140625"
"4598","1.126900315284729e-7","1.126900315284729e-7","1.126900315284729e-7"
"4599","0.69140625","0.69140625","0.69140625"
"4600","0.69140625","0.69140625","0.69140625"
"4601","1.126900315284729e-7","1.126900315284729e-7","1.126900315284729e-7"
"4602","1.2656542480726785e-14","1.2656542480726785e-14","1.2656542480726785e-14"
"4603","0.000006139278411865234","0.000006139278411865234","0.000006139278411865234"
"4604","0.69140625","0.69140625","0.69140625"
"4605","0.69140625","0.69140625","0.69140625"
"4606","16","16","16"
"4607","0.000335693359375","0.000335693359375","0.000335693359375"
"4608","0.126953125","0.126953125","0.126953125"
"4609","2.125","2.125","2.125"
"4610","0.69140625","0.69140625","0.69140625"
"4611","0.69140625","0.69140625","0.69140625"
"4612","0.69140625","0.69140625","0.69140625"
"4613","0.69140625","0.69140625","0.69140625"
"4615","0.69140625","0.69140625","0.69140625"
"4616","0.69140625","0.69140625","0.69140625"
"4617","0.69140625","0.69140625","0.69140625"
"4618","1.126900315284729e-7","1.126900315284729e-7","1.126900315284729e-7"
"4619","0.69140625","0.69140625","0.69140625"
"4620","0.69140625","0.69140625","0.69140625"
"4621","0.000335693359375","0.000335693359375","0.000335693359375"
"4622","0.69140625","0.69140625","0.69140625"
"4623","0.69140625","0.69140625","0.69140625"
"4624","0.0181884765625","0.0181884765625","0.0181884765625"
"4625","0.69140625","0.69140625","0.69140625"
"4626","8","8","8"
"4627","0.0181884765625","0.0181884765625","0.0181884765625"
"4628","1.126900315284729e-7","1.126900315284729e-7","1.126900315284729e-7"
"4629","0.69140625","0.69140625","0.69140625"
"4630","8","8","8"
"4631","0.69140625","0.69140625","0.69140625"
"4632","0.69140625","0.69140625","0.69140625"
"4633","0.69140625","0.69140625","0.69140625"
"4634","0.000335693359375","0.000335693359375","0.000335693359375"
"4635","8","8","8"
"4636","0.0181884765625","0.0181884765625","0.0181884765625"
"4637","8","8","8"
"4638","0.69140625","0.69140625","0.69140625"
"4639","0.69140625","0.69140625","0.69140625"
"4640","0.69140625","0.69140625","0.69140625"
"4641","0.000006139278411865234","0.000006139278411865234","0.000006139278411865234"
"4642","8","8","8"
"4643","0.000006139278411865234","0.000006139278411865234","0.000006139278411865234"
"4644","4.03125","4.03125","4.03125"
"4645","0.69140625","0.69140625","0.69140625"
"4646","1.126900315284729e-7","1.126900315284729e-7","1.126900315284729e-7"
"4647","2.125","2.125","2.125"
"4648","0.0181884765625","0.0181884765625","0.0181884765625"
"4649","0.69140625","0.69140625","0.69140625"
"4650","8","8","8"
"4651","0.69140625","0.69140625","0.69140625"
"4652","0.69140625","0.69140625","0.69140625"
"4653","0.69140625","0.69140625","0.69140625"
"4654","0.69140625","0.69140625","0.69140625"
"4655","16","16","16"
"4656","0.000335693359375","0.000335693359375","0.000335693359375"
"4657","16","16","16"
"4658","0.000335693359375","0.000335693359375","0.000335693359375"
"4659","0.69140625","0.69140625","0.69140625"
"4660","0.69140625","0.69140625","0.69140625"
"4661","0.000335693359375","0.000335693359375","0.000335693359375"
"4662","0.69140625","0.69140625","0.69140625"
"4663","0.000335693359375","0.000335693359375","0.000335693359375"
"4664","0.69140625","0.69140625","0.69140625"
"4665","8","8","8"
"4666","0.000335693359375","0.000335693359375","0.000335693359375"
"4667","0.000335693359375","0.000335693359375","0.000335693359375"
"4668","8","8","8"
"4669","0.69140625","0.69140625","0.69140625"
"4670","8","8","8"
"4671","8","8","8"
"4672","0.69140625","0.69140625","0.69140625"
"4673","0.000006139278411865234","0.000006139278411865234","0.000006139278411865234"
"4674","0.000335693359375","0.000335693359375","0.000335693359375"
"4675","0.69140625","0.69140625","0.69140625"
"4676","0.126953125","0.126953125","0.126953125"
"4677","4.03125","4.03125","4.03125"
"4678","0.000335693359375","0.000335693359375","0.000335693359375"
"4679","0.69140625","0.69140625","0.69140625"
"4680","0.000335693359375","0.000335693359375","0.000335693359375"
"4681","0.69140625","0.69140625","0.69140625"
"4682","8","8","8"
"4683","0.0181884765625","0.0181884765625","0.0181884765625"
"4684","0.69140625","0.69140625","0.69140625"
"4685","0.000335693359375","0.000335693359375","0.000335693359375"
"4686","0.69140625","0.69140625","0.69140625"
"4687","4.03125","4.03125","4.03125"
"4688","0.126953125","0.126953125","0.126953125"
"4689","0.0181884765625","0.0181884765625","0.0181884765625"
"4690","1.126900315284729e-7","1.126900315284729e-7","1.126900315284729e-7"
"4691","1.126900315284729e-7","1.126900315284729e-7","1.126900315284729e-7"
"4692","0.69140625","0.69140625","0.69140625"
"4693","0.000335693359375","0.000335693359375","0.000335693359375"
"4694","0.69140625","0.69140625","0.69140625"
"4695","0.69140625","0.69140625","0.69140625"
"4696","0.0181884765625","0.0181884765625","0.0181884765625"
"4697","1.2656542480726785e-14","1.2656542480726785e-14","1.2656542480726785e-14"
"4698","8","8","8"
"4699","0.000335693359375","0.000335693359375","0.000335693359375"
"4700","0.69140625","0.69140625","0.69140625"
"4701","0.69140625","0.69140625","0.69140625"
"4702","0.69140625","0.69140625","0.69140625"
"4703","1.126900315284729e-7","1.126900315284729e-7","1.126900315284729e-7"
"4704","16","16","16"
"4705","1.126900315284729e-7","1.126900315284729e-7","1.126900315284729e-7"
"4706","0.000335693359375","0.000335693359375","0.000335693359375"
"4707","0.69140625","0.69140625","0.69140625"
"4708","0.69140625","0.69140625","0.69140625"
"4709","0.000335693359375","0.000335693359375","0.000335693359375"
"4710","0.69140625","0.69140625","0.69140625"
"4712","0.69140625","0.69140625","0.69140625"
"4713","0.000335693359375","0.000335693359375","0.000335693359375"
"4714","1.126900315284729e-7","1.126900315284729e-7","1.126900315284729e-7"
"4715","0.000006139278411865234","0.000006139278411865234","0.000006139278411865234"
"4716","16","16","16"
"4717","0.000335693359375","0.000335693359375","0.000335693359375"
"4718","0.69140625","0.69140625","0.69140625"
"4719","0.69140625","0.69140625","0.69140625"
"4720","1.126900315284729e-7","1.126900315284729e-7","1.126900315284729e-7"
"4721","0.000335693359375","0.000335693359375","0.000335693359375"
"4722","0.69140625","0.69140625","0.69140625"
"4723","4.03125","4.03125","4.03125"
"4724","4.03125","4.03125","4.03125"
"4725","0.000335693359375","0.000335693359375","0.000335693359375"
"4726","16","16","16"
"4727","3.774403012357652e-11","3.774403012357652e-11","3.774403012357652e-11"
"4728","0.000335693359375","0.000335693359375","0.000335693359375"
"4729","0.69140625","0.69140625","0.69140625"
"4730","0.69140625","0.69140625","0.69140625"
"4731","0.69140625","0.69140625","0.69140625"
"4732","0.69140625","0.69140625","0.69140625"
"4733","0.000335693359375","0.000335693359375","0.000335693359375"
"4734","0.69140625","0.69140625","0.69140625"
"4735","0.69140625","0.69140625","0.69140625"
"4736","8","8","8"
"4738","0.69140625","0.69140625","0.69140625"
"4740","0.69140625","0.69140625","0.69140625"
"4741","0.69140625","0.69140625","0.69140625"
"4742","0.69140625","0.69140625","0.69140625"
"4743","0.000335693359375","0.000335693359375","0.000335693359375"
"4744","0.69140625","0.69140625","0.69140625"
"4745","16","16","16"
"4746","0.69140625","0.69140625","0.69140625"
"4747","0.69140625","0.69140625","0.69140625"
"4748","0.69140625","0.69140625","0.69140625"
"4749","0.000335693359375","0.000335693359375","0.000335693359375"
"4750","8","8","8"
"4751","8","8","8"
"4752","1.2656542480726785e-14","1.2656542480726785e-14","1.2656542480726785e-14"
"4753","0.000335693359375","0.000335693359375","0.000335693359375"
"4754","0.000335693359375","0.000335693359375","0.000335693359375"
"4755","1.126900315284729e-7","1.126900315284729e-7","1.126900315284729e-7"
"4756","0.69140625","0.69140625","0.69140625"
"4757","0.69140625","0.69140625","0.69140625"
"4758","1.126900315284729e-7","1.126900315284729e-7","1.126900315284729e-7"
"4759","0.69140625","0.69140625","0.69140625"
"4760","0.69140625","0.69140625","0.69140625"
"4761","0.0181884765625","0.0181884765625","0.0181884765625"
"4762","3.774403012357652e-11","3.774403012357652e-11","3.774403012357652e-11"
"4763","0.000335693359375","0.000335693359375","0.000335693359375"
"4765","1.126900315284729e-7","1.126900315284729e-7","1.126900315284729e-7"
"4766","0.69140625","0.69140625","0.69140625"
"4768","0.69140625","0.69140625","0.69140625"
"4769","0.69140625","0.69140625","0.69140625"
"4770","24","24","24"
"4771","0.0181884765625","0.0181884765625","0.0181884765625"
"4772","16","16","16"
"4773","0.69140625","0.69140625","0.69140625"
"4774","0.126953125","0.126953125","0.126953125"
"4775","0.0181884765625","0.0181884765625","0.0181884765625"
"4776","16","16","16"
"4778","8","8","8"
"4779","0.69140625","0.69140625","0.69140625"
"4780","0.000335693359375","0.000335693359375","0.000335693359375"
"4782","0.69140625","0.69140625","0.69140625"
"4783","0.000335693359375","0.000335693359375","0.000335693359375"
"4784","0.000335693359375","0.000335693359375","0.000335693359375"
"4785","16","16","16"
"4786","4.03125","4.03125","4.03125"
"4787","1.126900315284729e-7","1.126900315284729e-7","1.126900315284729e-7"
"4788","0.000335693359375","0.000335693359375","0.000335693359375"
"4789","2.125","2.125","2.125"
"4790","0.000335693359375","0.000335693359375","0.000335693359375"
"4792","0.69140625","0.69140625","0.69140625"
"4793","0.000335693359375","0.000335693359375","0.000335693359375"
"4794","0.000335693359375","0.000335693359375","0.000335693359375"
"4795","0.69140625","0.69140625","0.69140625"
"4797","0.69140625","0.69140625","0.69140625"
"4798","0.69140625","0.69140625","0.69140625"
"4799","0.69140625","0.69140625","0.69140625"
"4800","0.69140625","0.69140625","0.69140625"
"4802","3.774403012357652e-11","3.774403012357652e-11","3.774403012357652e-11"
"4803","0.69140625","0.69140625","0.69140625"
"4804","8","8","8"
"4805","2.125","2.125","2.125"
"4806","0.69140625","0.69140625","0.69140625"
"4807","0.69140625","0.69140625","0.69140625"
"4808","0.69140625","0.69140625","0.69140625"
"4809","0.000335693359375","0.000335693359375","0.000335693359375"
"4810","8","8","8"
"4811","0.69140625","0.69140625","0.69140625"
"4812","0.000335693359375","0.000335693359375","0.000335693359375"
"4813","16","16","16"
"4816","0.69140625","0.69140625","0.69140625"
"4817","0.000335693359375","0.000335693359375","0.000335693359375"
"4818","0.69140625","0.69140625","0.69140625"
"4819","0.69140625","0.69140625","0.69140625"
"4821","28","28","28"
"4822","0.000335693359375","0.000335693359375","0.000335693359375"
"4823","0.69140625","0.69140625","0.69140625"
"4824","0.69140625","0.69140625","0.69140625"
"4826","0.000335693359375","0.000335693359375","0.000335693359375"
"4827","4.03125","4.03125","4.03125"
"4829","0.000335693359375","0.000335693359375","0.000335693359375"
"4830","3.774403012357652e-11","3.774403012357652e-11","3.774403012357652e-11"
"4831","2.125","2.125","2.125"
"4832","0.69140625","0.69140625","0.69140625"
"4833","1.126900315284729e-7","1.126900315284729e-7","1.126900315284729e-7"
"4834","1.126900315284729e-7","1.126900315284729e-7","1.126900315284729e-7"
"4835","0.002471923828125","0.002471923828125","0.002471923828125"
"4836","0.69140625","0.69140625","0.69140625"
"4837","0.69140625","0.69140625","0.69140625"
"4838","16","16","16"
"4839","0.000335693359375","0.000335693359375","0.000335693359375"
"4840","4.03125","4.03125","4.03125"
"4841","1.126900315284729e-7","1.126900315284729e-7","1.126900315284729e-7"
"4842","0.69140625","0.69140625","0.69140625"
"4843","0.69140625","0.69140625","0.69140625"
"4844","1.126900315284729e-7","1.126900315284729e-7","1.126900315284729e-7"
"4845","1.126900315284729e-7","1.126900315284729e-7","1.126900315284729e-7"
"4847","0.000335693359375","0.000335693359375","0.000335693359375"
"4848","0.69140625","0.69140625","0.69140625"
"4850","0.000335693359375","0.000335693359375","0.000335693359375"
"4851","16","16","16"
"4852","0.69140625","0.69140625","0.69140625"
"4853","0.69140625","0.69140625","0.69140625"
"4854","1.2656542480726785e-14","1.2656542480726785e-14","1.2656542480726785e-14"
"4855","0.69140625","0.69140625","0.69140625"
"4857","0.69140625","0.69140625","0.69140625"
"4858","0.69140625","0.69140625","0.69140625"
"4860","0.69140625","0.69140625","0.69140625"
"4861","0.69140625","0.69140625","0.69140625"
"4862","0.0181884765625","0.0181884765625","0.0181884765625"
"4864","8","8","8"
"4865","0.000335693359375","0.000335693359375","0.000335693359375"
"4866","0.000335693359375","0.000335693359375","0.000335693359375"
"4867","8","8","8"
"4868","16","16","16"
"4869","0.69140625","0.69140625","0.69140625"
"4870","0.69140625","0.69140625","0.69140625"
"4871","0.000006139278411865234","0.000006139278411865234","0.000006139278411865234"
"4872","0.69140625","0.69140625","0.69140625"
"4874","0.69140625","0.69140625","0.69140625"
"4875","0.69140625","0.69140625","0.69140625"
"4877","0.000335693359375","0.000335693359375","0.000335693359375"
"4878","0.69140625","0.69140625","0.69140625"
"4879","0.000335693359375","0.000335693359375","0.000335693359375"
"4880","0.69140625","0.69140625","0.69140625"
"4882","0.000335693359375","0.000335693359375","0.000335693359375"
"4883","0.69140625","0.69140625","0.69140625"
"4884","0.69140625","0.69140625","0.69140625"
"4885","0.69140625","0.69140625","0.69140625"
"4886","0.000335693359375","0.000335693359375","0.000335693359375"
"4887","0.000335693359375","0.000335693359375","0.000335693359375"
"4888","0.000335693359375","0.000335693359375","0.000335693359375"
"4889","0.69140625","0.69140625","0.69140625"
"4890","0.69140625","0.69140625","0.69140625"
"4891","0.000335693359375","0.000335693359375","0.000335693359375"
"4892","0.69140625","0.69140625","0.69140625"
"4893","0.0181884765625","0.0181884765625","0.0181884765625"
"4894","0.69140625","0.69140625","0.69140625"
"4895","0.000335693359375","0.000335693359375","0.000335693359375"
"4896","16","16","16"
"4897","0.0181884765625","0.0181884765625","0.0181884765625"
"4898","4.03125","4.03125","4.03125"
"4899","0.69140625","0.69140625","0.69140625"
"4900","4.03125","4.03125","4.03125"
"4901","0.69140625","0.69140625","0.69140625"
"4902","0.69140625","0.69140625","0.69140625"
"4903","0.002471923828125","0.002471923828125","0.002471923828125"
"4904","0.69140625","0.69140625","0.69140625"
"4905","0.69140625","0.69140625","0.69140625"
"4906","32","32","32"
"4907","0.69140625","0.69140625","0.69140625"
"4908","8","8","8"
"4909","0.0181884765625","0.0181884765625","0.0181884765625"
"4910","0.69140625","0.69140625","0.69140625"
"4911","0.69140625","0.69140625","0.69140625"
"4912","16","16","16"
"4913","8","8","8"
"4914","8","8","8"
"4915","0.69140625","0.69140625","0.69140625"
"4916","0.000335693359375","0.000335693359375","0.000335693359375"
"4917","16","16","16"
"4918","8","8","8"
"4919","4.03125","4.03125","4.03125"
"4920","4.03125","4.03125","4.03125"
"4921","0.000335693359375","0.000335693359375","0.000335693359375"
"4922","0.69140625","0.69140625","0.69140625"
"4923","8","8","8"
"4925","16","16","16"
"4926","0.000006139278411865234","0.000006139278411865234","0.000006139278411865234"
"4927","0.69140625","0.69140625","0.69140625"
"4929","0.69140625","0.69140625","0.69140625"
"4930","16","16","16"
"4931","0.69140625","0.69140625","0.69140625"
"4932","4.03125","4.03125","4.03125"
"4933","0.69140625","0.69140625","0.69140625"
"4934","0.69140625","0.69140625","0.69140625"
"4935","0.69140625","0.69140625","0.69140625"
"4936","0.69140625","0.69140625","0.69140625"
"4937","6","6","6"
"4939","0.0181884765625","0.0181884765625","0.0181884765625"
"4940","0.000335693359375","0.000335693359375","0.000335693359375"
"4941","16","16","16"
"4942","0.69140625","0.69140625","0.69140625"
"4943","1.126900315284729e-7","1.126900315284729e-7","1.126900315284729e-7"
"4944","8","8","8"
"4945","8","8","8"
"4946","0.69140625","0.69140625","0.69140625"
"4947","0.69140625","0.69140625","0.69140625"
"4948","0.69140625","0.69140625","0.69140625"
"4949","0.69140625","0.69140625","0.69140625"
"4950","0.126953125","0.126953125","0.126953125"
"4951","8","8","8"
"4952","0.000335693359375","0.000335693359375","0.000335693359375"
"4953","0.69140625","0.69140625","0.69140625"
"4954","0.000335693359375","0.000335693359375","0.000335693359375"
"4956","0.69140625","0.69140625","0.69140625"
"4957","16","16","16"
"4958","4.03125","4.03125","4.03125"
"4959","0.69140625","0.69140625","0.69140625"
"4960","0.000335693359375","0.000335693359375","0.000335693359375"
"4961","1.126900315284729e-7","1.126900315284729e-7","1.126900315284729e-7"
"4962","0.000335693359375","0.000335693359375","0.000335693359375"
"4963","0.69140625","0.69140625","0.69140625"
"4964","0.000006139278411865234","0.000006139278411865234","0.000006139278411865234"
"4965","0.69140625","0.69140625","0.69140625"
"4966","0.69140625","0.69140625","0.69140625"
"4967","1.126900315284729e-7","1.126900315284729e-7","1.126900315284729e-7"
"4968","0.69140625","0.69140625","0.69140625"
"4969","0.0181884765625","0.0181884765625","0.0181884765625"
"4970","0.0181884765625","0.0181884765625","0.0181884765625"
"4971","0.000335693359375","0.000335693359375","0.000335693359375"
"4972","8","8","8"
"4973","4.03125","4.03125","4.03125"
"4974","0.69140625","0.69140625","0.69140625"
"4975","0.000335693359375","0.000335693359375","0.000335693359375"
"4976","0.126953125","0.126953125","0.126953125"
"4977","8","8","8"
"4978","1.126900315284729e-7","1.126900315284729e-7","1.126900315284729e-7"
"4979","0.000335693359375","0.000335693359375","0.000335693359375"
"4980","0.69140625","0.69140625","0.69140625"
"4981","0.000335693359375","0.000335693359375","0.000335693359375"
"4983","0.69140625","0.69140625","0.69140625"
"4985","0.69140625","0.69140625","0.69140625"
"4986","0.69140625","0.69140625","0.69140625"
"4987","1.126900315284729e-7","1.126900315284729e-7","1.126900315284729e-7"
"4988","0.69140625","0.69140625","0.69140625"
"4989","0.000335693359375","0.000335693359375","0.000335693359375"
"4990","1.126900315284729e-7","1.126900315284729e-7","1.126900315284729e-7"
"4991","3.774403012357652e-11","3.774403012357652e-11","3.774403012357652e-11"
"4992","0.69140625","0.69140625","0.69140625"
"4993","16","16","16"
"4994","0.000335693359375","0.000335693359375","0.000335693359375"
"4995","0.69140625","0.69140625","0.69140625"
"4997","0.0181884765625","0.0181884765625","0.0181884765625"
"4998","0.69140625","0.69140625","0.69140625"
"4999","0.000335693359375","0.000335693359375","0.000335693359375"
"5000","0.69140625","0.69140625","0.69140625"
"5001","0.69140625","0.69140625","0.69140625"
"5003","32","32","32"
"5004","0.69140625","0.69140625","0.69140625"
"5005","1.126900315284729e-7","1.126900315284729e-7","1.126900315284729e-7"
"5006","0.69140625","0.69140625","0.69140625"
"5007","0.69140625","0.69140625","0.69140625"
"5008","0.69140625","0.69140625","0.69140625"
"5009","16","16","16"
"5010","0.69140625","0.69140625","0.69140625"
"5011","0.69140625","0.69140625","0.69140625"
"5012","0.000335693359375","0.000335693359375","0.000335693359375"
"5013","8","8","8"
"5014","0.69140625","0.69140625","0.69140625"
"5015","0.000335693359375","0.000335693359375","0.000335693359375"
"5016","0.69140625","0.69140625","0.69140625"
"5017","0.69140625","0.69140625","0.69140625"
"5018","8","8","8"
"5019","0.69140625","0.69140625","0.69140625"
"5020","0.69140625","0.69140625","0.69140625"
"5021","0.000006139278411865234","0.000006139278411865234","0.000006139278411865234"
"5023","4.03125","4.03125","4.03125"
"5024","0.69140625","0.69140625","0.69140625"
"5025","0.69140625","0.69140625","0.69140625"
"5026","32","32","32"
"5027","4.03125","4.03125","4.03125"
"5028","0.0181884765625","0.0181884765625","0.0181884765625"
"5029","0.000335693359375","0.000335693359375","0.000335693359375"
"5030","0.69140625","0.69140625","0.69140625"
"5031","8","8","8"
"5032","8","8","8"
"5033","0.000335693359375","0.000335693359375","0.000335693359375"
"5034","4.03125","4.03125","4.03125"
"5035","0.69140625","0.69140625","0.69140625"
"5036","1.4227506535912076e-21","1.4227506535912076e-21","1.4227506535912076e-21"
"5037","1.126900315284729e-7","1.126900315284729e-7","1.126900315284729e-7"
"5038","0.69140625","0.69140625","0.69140625"
"5039","0.000335693359375","0.000335693359375","0.000335693359375"
"5040","0.69140625","0.69140625","0.69140625"
"5041","0.000335693359375","0.000335693359375","0.000335693359375"
"5042","0.0181884765625","0.0181884765625","0.0181884765625"
"5043","0.69140625","0.69140625","0.69140625"
"5044","0.69140625","0.69140625","0.69140625"
"5045","0.69140625","0.69140625","0.69140625"
"5046","2.125","2.125","2.125"
"5047","0.0181884765625","0.0181884765625","0.0181884765625"
"5048","0.69140625","0.69140625","0.69140625"
"5050","0.0181884765625","0.0181884765625","0.0181884765625"
"5051","0.69140625","0.69140625","0.69140625"
"5052","0.000335693359375","0.000335693359375","0.000335693359375"
"5053","8","8","8"
"5054","0.000335693359375","0.000335693359375","0.000335693359375"
"5055","8","8","8"
"5056","16","16","16"
"5057","16","16","16"
"5058","4.03125","4.03125","4.03125"
"5059","0.69140625","0.69140625","0.69140625"
"5060","0.69140625","0.69140625","0.69140625"
"5061","0.69140625","0.69140625","0.69140625"
"5062","0.000335693359375","0.000335693359375","0.000335693359375"
"5063","0.000006139278411865234","0.000006139278411865234","0.000006139278411865234"
"5064","0.69140625","0.69140625","0.69140625"
"5065","8","8","8"
"5066","0.69140625","0.69140625","0.69140625"
"5067","0.69140625","0.69140625","0.69140625"
"5068","0.000335693359375","0.000335693359375","0.000335693359375"
"5069","0.0181884765625","0.0181884765625","0.0181884765625"
"5070","1.126900315284729e-7","1.126900315284729e-7","1.126900315284729e-7"
"5071","3.774403012357652e-11","3.774403012357652e-11","3.774403012357652e-11"
"5072","8","8","8"
"5073","0.000335693359375","0.000335693359375","0.000335693359375"
"5074","1.126900315284729e-7","1.126900315284729e-7","1.126900315284729e-7"
"5075","0.69140625","0.69140625","0.69140625"
"5076","4.03125","4.03125","4.03125"
"5077","3.774403012357652e-11","3.774403012357652e-11","3.774403012357652e-11"
"5078","0.69140625","0.69140625","0.69140625"
"5079","0.126953125","0.126953125","0.126953125"
"5080","3.774403012357652e-11","3.774403012357652e-11","3.774403012357652e-11"
"5081","0.69140625","0.69140625","0.69140625"
"5082","0.69140625","0.69140625","0.69140625"
"5083","16","16","16"
"5084","0.69140625","0.69140625","0.69140625"
"5085","2.125","2.125","2.125"
"5086","8","8","8"
"5087","3.774403012357652e-11","3.774403012357652e-11","3.774403012357652e-11"
"5088","16","16","16"
"5089","0.000335693359375","0.000335693359375","0.000335693359375"
"5090","24","24","24"
"5091","0.0181884765625","0.0181884765625","0.0181884765625"
"5092","0.000335693359375","0.000335693359375","0.000335693359375"
"5093","0.69140625","0.69140625","0.69140625"
"5094","0.000335693359375","0.000335693359375","0.000335693359375"
"5095","0.69140625","0.69140625","0.69140625"
"5096","0.69140625","0.69140625","0.69140625"
"5097","8","8","8"
"5098","0.69140625","0.69140625","0.69140625"
"5099","0.0181884765625","0.0181884765625","0.0181884765625"
"5100","0.69140625","0.69140625","0.69140625"
"5101","1.126900315284729e-7","1.126900315284729e-7","1.126900315284729e-7"
"5102","0.69140625","0.69140625","0.69140625"
"5103","0.69140625","0.69140625","0.69140625"
"5104","0.69140625","0.69140625","0.69140625"
"5105","0.000335693359375","0.000335693359375","0.000335693359375"
"5106","0.000335693359375","0.000335693359375","0.000335693359375"
"5108","8","8","8"
"5109","1.126900315284729e-7","1.126900315284729e-7","1.126900315284729e-7"
"5110","0.69140625","0.69140625","0.69140625"
"5111","12","12","12"
"5112","24","24","24"
"5113","0.69140625","0.69140625","0.69140625"
"5114","0.69140625","0.69140625","0.69140625"
"5116","0.000335693359375","0.000335693359375","0.000335693359375"
"5117","0.126953125","0.126953125","0.126953125"
"5118","0.69140625","0.69140625","0.69140625"
"5119","0.000335693359375","0.000335693359375","0.000335693359375"
"5120","0.69140625","0.69140625","0.69140625"
"5121","0.000335693359375","0.000335693359375","0.000335693359375"
"5122","4.03125","4.03125","4.03125"
"5123","0.69140625","0.69140625","0.69140625"
"5124","0.69140625","0.69140625","0.69140625"
"5125","0.0181884765625","0.0181884765625","0.0181884765625"
"5126","0.0181884765625","0.0181884765625","0.0181884765625"
"5127","0.0181884765625","0.0181884765625","0.0181884765625"
"5128","0.0181884765625","0.0181884765625","0.0181884765625"
"5129","0.69140625","0.69140625","0.69140625"
"5130","0.000335693359375","0.000335693359375","0.000335693359375"
"5131","0.000335693359375","0.000335693359375","0.000335693359375"
"5132","0.69140625","0.69140625","0.69140625"
"5133","16","16","16"
"5134","0.000335693359375","0.000335693359375","0.000335693359375"
"5135","0.69140625","0.69140625","0.69140625"
"5136","1.126900315284729e-7","1.126900315284729e-7","1.126900315284729e-7"
"5139","0.69140625","0.69140625","0.69140625"
"5140","0.69140625","0.69140625","0.69140625"
"5141","0.69140625","0.69140625","0.69140625"
"5142","0.69140625","0.69140625","0.69140625"
"5143","0.000335693359375","0.000335693359375","0.000335693359375"
"5144","0.69140625","0.69140625","0.69140625"
"5145","0.69140625","0.69140625","0.69140625"
"5146","0.69140625","0.69140625","0.69140625"
"5147","2.125","2.125","2.125"
"5148","0.69140625","0.69140625","0.69140625"
"5149","0.69140625","0.69140625","0.69140625"
"5150","16","16","16"
"5151","8","8","8"
"5152","0.69140625","0.69140625","0.69140625"
"5153","0.000335693359375","0.000335693359375","0.000335693359375"
"5154","8","8","8"
"5155","0.69140625","0.69140625","0.69140625"
"5156","0.000335693359375","0.000335693359375","0.000335693359375"
"5157","8.307397365570068e-7","8.307397365570068e-7","8.307397365570068e-7"
"5158","0.69140625","0.69140625","0.69140625"
"5159","12","12","12"
"5161","8","8","8"
"5162","3.774403012357652e-11","3.774403012357652e-11","3.774403012357652e-11"
"5163","0.000335693359375","0.000335693359375","0.000335693359375"
"5164","0.69140625","0.69140625","0.69140625"
"5165","0.69140625","0.69140625","0.69140625"
"5166","0.0181884765625","0.0181884765625","0.0181884765625"
"5167","0.69140625","0.69140625","0.69140625"
"5168","0.0181884765625","0.0181884765625","0.0181884765625"
"5169","32","32","32"
"5170","0.69140625","0.69140625","0.69140625"
"5171","0.69140625","0.69140625","0.69140625"
"5172","1.126900315284729e-7","1.126900315284729e-7","1.126900315284729e-7"
"5173","1.2656542480726785e-14","1.2656542480726785e-14","1.2656542480726785e-14"
"5174","0.000006139278411865234","0.000006139278411865234","0.000006139278411865234"
"5175","1.126900315284729e-7","1.126900315284729e-7","1.126900315284729e-7"
"5176","0.000335693359375","0.000335693359375","0.000335693359375"
"5177","0.69140625","0.69140625","0.69140625"
"5178","0.69140625","0.69140625","0.69140625"
"5179","0.69140625","0.69140625","0.69140625"
"5180","0.69140625","0.69140625","0.69140625"
"5181","0.69140625","0.69140625","0.69140625"
"5182","1.126900315284729e-7","1.126900315284729e-7","1.126900315284729e-7"
"5183","0.000335693359375","0.000335693359375","0.000335693359375"
"5184","0.69140625","0.69140625","0.69140625"
"5185","4.03125","4.03125","4.03125"
"5186","0.000335693359375","0.000335693359375","0.000335693359375"
"5188","1.2656542480726785e-14","1.2656542480726785e-14","1.2656542480726785e-14"
"5189","0.69140625","0.69140625","0.69140625"
"5190","4.03125","4.03125","4.03125"
"5191","0.000335693359375","0.000335693359375","0.000335693359375"
"5192","0.000335693359375","0.000335693359375","0.000335693359375"
"5193","8","8","8"
"5194","8","8","8"
"5195","0.000335693359375","0.000335693359375","0.000335693359375"
"5196","0.69140625","0.69140625","0.69140625"
"5197","0.69140625","0.69140625","0.69140625"
"5198","16","16","16"
"5199","0.000335693359375","0.000335693359375","0.000335693359375"
"5200","0.000335693359375","0.000335693359375","0.000335693359375"
"5201","16","16","16"
"5202","0.002471923828125","0.002471923828125","0.002471923828125"
"5203","0.69140625","0.69140625","0.69140625"
"5204","0.69140625","0.69140625","0.69140625"
"5205","16","16","16"
"5206","8","8","8"
"5207","0.000335693359375","0.000335693359375","0.000335693359375"
"5208","0.000335693359375","0.000335693359375","0.000335693359375"
"5209","0.69140625","0.69140625","0.69140625"
"5210","0.69140625","0.69140625","0.69140625"
"5211","1.2656542480726785e-14","1.2656542480726785e-14","1.2656542480726785e-14"
"5212","0.69140625","0.69140625","0.69140625"
"5213","4.03125","4.03125","4.03125"
"5214","0.0181884765625","0.0181884765625","0.0181884765625"
"5215","0.69140625","0.69140625","0.69140625"
"5216","0.000335693359375","0.000335693359375","0.000335693359375"
"5217","8","8","8"
"5218","0.000335693359375","0.000335693359375","0.000335693359375"
"5219","0.69140625","0.69140625","0.69140625"
"5220","0.69140625","0.69140625","0.69140625"
"5222","0.69140625","0.69140625","0.69140625"
"5224","4.03125","4.03125","4.03125"
"5225","0.69140625","0.69140625","0.69140625"
"5226","0.69140625","0.69140625","0.69140625"
"5227","0.000335693359375","0.000335693359375","0.000335693359375"
"5228","0.69140625","0.69140625","0.69140625"
"5229","0.69140625","0.69140625","0.69140625"
"5230","0.69140625","0.69140625","0.69140625"
"5231","8","8","8"
"5232","0.69140625","0.69140625","0.69140625"
"5233","0.69140625","0.69140625","0.69140625"
"5234","0.000335693359375","0.000335693359375","0.000335693359375"
"5235","0.0181884765625","0.0181884765625","0.0181884765625"
"5236","0.69140625","0.69140625","0.69140625"
"5237","0.69140625","0.69140625","0.69140625"
"5238","8","8","8"
"5239","0.0181884765625","0.0181884765625","0.0181884765625"
"5240","0.69140625","0.69140625","0.69140625"
"5241","2.125","2.125","2.125"
"5242","0.000335693359375","0.000335693359375","0.000335693359375"
"5243","4.03125","4.03125","4.03125"
"5244","0.000335693359375","0.000335693359375","0.000335693359375"
"5245","0.0181884765625","0.0181884765625","0.0181884765625"
"5246","16","16","16"
"5247","0.69140625","0.69140625","0.69140625"
"5248","3.774403012357652e-11","3.774403012357652e-11","3.774403012357652e-11"
"5249","0.69140625","0.69140625","0.69140625"
"5250","1.126900315284729e-7","1.126900315284729e-7","1.126900315284729e-7"
"5251","0.69140625","0.69140625","0.69140625"
"5252","8","8","8"
"5253","1.126900315284729e-7","1.126900315284729e-7","1.126900315284729e-7"
"5254","0.69140625","0.69140625","0.69140625"
"5255","0.69140625","0.69140625","0.69140625"
"5256","8","8","8"
"5257","1.126900315284729e-7","1.126900315284729e-7","1.126900315284729e-7"
"5258","3.774403012357652e-11","3.774403012357652e-11","3.774403012357652e-11"
"5259","0.000335693359375","0.000335693359375","0.000335693359375"
"5260","0.0181884765625","0.0181884765625","0.0181884765625"
"5261","0.69140625","0.69140625","0.69140625"
"5262","0.69140625","0.69140625","0.69140625"
"5263","0.69140625","0.69140625","0.69140625"
"5264","0.69140625","0.69140625","0.69140625"
"5265","0.69140625","0.69140625","0.69140625"
"5266","4.03125","4.03125","4.03125"
"5267","0.69140625","0.69140625","0.69140625"
"5268","0.0181884765625","0.0181884765625","0.0181884765625"
"5269","24","24","24"
"5270","0.69140625","0.69140625","0.69140625"
"5271","16","16","16"
"5272","0.000335693359375","0.000335693359375","0.000335693359375"
"5273","0.0181884765625","0.0181884765625","0.0181884765625"
"5274","1.126900315284729e-7","1.126900315284729e-7","1.126900315284729e-7"
"5276","0.69140625","0.69140625","0.69140625"
"5277","0.3125","0.3125","0.3125"
"5278","1.126900315284729e-7","1.126900315284729e-7","1.126900315284729e-7"
"5279","0.69140625","0.69140625","0.69140625"
"5280","8","8","8"
"5281","0.000335693359375","0.000335693359375","0.000335693359375"
"5282","0.69140625","0.69140625","0.69140625"
"5283","4.03125","4.03125","4.03125"
"5284","1.2656542480726785e-14","1.2656542480726785e-14","1.2656542480726785e-14"
"5285","0.69140625","0.69140625","0.69140625"
"5286","0.69140625","0.69140625","0.69140625"
"5287","0.0181884765625","0.0181884765625","0.0181884765625"
"5288","1.126900315284729e-7","1.126900315284729e-7","1.126900315284729e-7"
"5289","0.000335693359375","0.000335693359375","0.000335693359375"
"5290","0.69140625","0.69140625","0.69140625"
"5291","0.000335693359375","0.000335693359375","0.000335693359375"
"5292","0.69140625","0.69140625","0.69140625"
"5293","1.2656542480726785e-14","1.2656542480726785e-14","1.2656542480726785e-14"
"5294","1.126900315284729e-7","1.126900315284729e-7","1.126900315284729e-7"
"5296","0.69140625","0.69140625","0.69140625"
"5297","0.69140625","0.69140625","0.69140625"
"5298","0.69140625","0.69140625","0.69140625"
"5299","8","8","8"
"5300","0.69140625","0.69140625","0.69140625"
"5301","0.69140625","0.69140625","0.69140625"
"5302","1.126900315284729e-7","1.126900315284729e-7","1.126900315284729e-7"
"5303","0.69140625","0.69140625","0.69140625"
"5304","2.125","2.125","2.125"
"5305","0.0181884765625","0.0181884765625","0.0181884765625"
"5306","0.69140625","0.69140625","0.69140625"
"5307","0.000335693359375","0.000335693359375","0.000335693359375"
"5309","0.69140625","0.69140625","0.69140625"
"5310","8","8","8"
"5311","0.69140625","0.69140625","0.69140625"
"5313","0.69140625","0.69140625","0.69140625"
"5314","0.69140625","0.69140625","0.69140625"
"5315","32","32","32"
"5316","0.69140625","0.69140625","0.69140625"
"5317","32","32","32"
"5318","16","16","16"
"5319","0.69140625","0.69140625","0.69140625"
"5320","0.0181884765625","0.0181884765625","0.0181884765625"
"5321","8","8","8"
"5322","0.69140625","0.69140625","0.69140625"
"5323","1.126900315284729e-7","1.126900315284729e-7","1.126900315284729e-7"
"5324","0.69140625","0.69140625","0.69140625"
"5325","0.69140625","0.69140625","0.69140625"
"5326","0.000335693359375","0.000335693359375","0.000335693359375"
"5327","0.69140625","0.69140625","0.69140625"
"5328","0.69140625","0.69140625","0.69140625"
"5329","0.69140625","0.69140625","0.69140625"
"5330","2.125","2.125","2.125"
"5331","0.0181884765625","0.0181884765625","0.0181884765625"
"5332","0.69140625","0.69140625","0.69140625"
"5333","0.69140625","0.69140625","0.69140625"
"5334","0.69140625","0.69140625","0.69140625"
"5335","0.69140625","0.69140625","0.69140625"
"5336","0.69140625","0.69140625","0.69140625"
"5337","0.0181884765625","0.0181884765625","0.0181884765625"
"5338","0.0181884765625","0.0181884765625","0.0181884765625"
"5339","0.000335693359375","0.000335693359375","0.000335693359375"
"5340","1.126900315284729e-7","1.126900315284729e-7","1.126900315284729e-7"
"5341","0.69140625","0.69140625","0.69140625"
"5342","0.000335693359375","0.000335693359375","0.000335693359375"
"5343","16","16","16"
"5344","0.69140625","0.69140625","0.69140625"
"5345","0.69140625","0.69140625","0.69140625"
"5346","3.774403012357652e-11","3.774403012357652e-11","3.774403012357652e-11"
"5347","0.000335693359375","0.000335693359375","0.000335693359375"
"5348","0.69140625","0.69140625","0.69140625"
"5349","16","16","16"
"5350","8.307397365570068e-7","8.307397365570068e-7","8.307397365570068e-7"
"5352","0.69140625","0.69140625","0.69140625"
"5353","0.000335693359375","0.000335693359375","0.000335693359375"
"5354","8","8","8"
"5355","0.69140625","0.69140625","0.69140625"
"5356","0.000335693359375","0.000335693359375","0.000335693359375"
"5357","4.03125","4.03125","4.03125"
"5358","0.69140625","0.69140625","0.69140625"
"5359","0.69140625","0.69140625","0.69140625"
"5360","0.69140625","0.69140625","0.69140625"
"5361","0.69140625","0.69140625","0.69140625"
"5362","0.69140625","0.69140625","0.69140625"
"5363","8","8","8"
"5364","0.69140625","0.69140625","0.69140625"
"5365","0.69140625","0.69140625","0.69140625"
"5366","0.69140625","0.69140625","0.69140625"
"5367","0.69140625","0.69140625","0.69140625"
"5369","1.126900315284729e-7","1.126900315284729e-7","1.126900315284729e-7"
"5370","0.69140625","0.69140625","0.69140625"
"5371","0.69140625","0.69140625","0.69140625"
"5372","0.69140625","0.69140625","0.69140625"
"5373","0.0181884765625","0.0181884765625","0.0181884765625"
"5374","0.0181884765625","0.0181884765625","0.0181884765625"
"5375","0.69140625","0.69140625","0.69140625"
"5376","1.126900315284729e-7","1.126900315284729e-7","1.126900315284729e-7"
"5377","0.69140625","0.69140625","0.69140625"
"5378","0.69140625","0.69140625","0.69140625"
"5379","2.125","2.125","2.125"
"5380","1.126900315284729e-7","1.126900315284729e-7","1.126900315284729e-7"
"5381","8","8","8"
"5382","0.69140625","0.69140625","0.69140625"
"5383","0.000335693359375","0.000335693359375","0.000335693359375"
"5384","4.782137916322191e-25","4.782137916322191e-25","4.782137916322191e-25"
"5385","0.69140625","0.69140625","0.69140625"
"5387","0.69140625","0.69140625","0.69140625"
"5388","0.69140625","0.69140625","0.69140625"
"5389","0.000335693359375","0.000335693359375","0.000335693359375"
"5390","0.69140625","0.69140625","0.69140625"
"5391","0.69140625","0.69140625","0.69140625"
"5392","0.69140625","0.69140625","0.69140625"
"5393","0.69140625","0.69140625","0.69140625"
"5394","0.000335693359375","0.000335693359375","0.000335693359375"
"5395","8","8","8"
"5396","0.000006139278411865234","0.000006139278411865234","0.000006139278411865234"
"5397","0.69140625","0.69140625","0.69140625"
"5398","0.69140625","0.69140625","0.69140625"
"5399","0.000335693359375","0.000335693359375","0.000335693359375"
"5400","4.03125","4.03125","4.03125"
"5401","3.774403012357652e-11","3.774403012357652e-11","3.774403012357652e-11"
"5402","8","8","8"
"5403","0.69140625","0.69140625","0.69140625"
"5404","0.000335693359375","0.000335693359375","0.000335693359375"
"5405","0.69140625","0.69140625","0.69140625"
"5406","8","8","8"
"5407","1.126900315284729e-7","1.126900315284729e-7","1.126900315284729e-7"
"5408","0.000335693359375","0.000335693359375","0.000335693359375"
"5409","0.69140625","0.69140625","0.69140625"
"5410","0.69140625","0.69140625","0.69140625"
"5411","0.0181884765625","0.0181884765625","0.0181884765625"
"5412","8","8","8"
"5413","0.69140625","0.69140625","0.69140625"
"5414","0.69140625","0.69140625","0.69140625"
"5415","0.000335693359375","0.000335693359375","0.000335693359375"
"5416","0.69140625","0.69140625","0.69140625"
"5418","0.69140625","0.69140625","0.69140625"
"5419","0.000335693359375","0.000335693359375","0.000335693359375"
"5420","0.69140625","0.69140625","0.69140625"
"5421","8","8","8"
"5422","0.69140625","0.69140625","0.69140625"
"5423","0.69140625","0.69140625","0.69140625"
"5424","0.69140625","0.69140625","0.69140625"
"5425","0.69140625","0.69140625","0.69140625"
"5426","0.69140625","0.69140625","0.69140625"
"5427","8","8","8"
"5428","1.126900315284729e-7","1.126900315284729e-7","1.126900315284729e-7"
"5429","0.69140625","0.69140625","0.69140625"
"5430","16","16","16"
"5431","0.0181884765625","0.0181884765625","0.0181884765625"
"5432","0.000335693359375","0.000335693359375","0.000335693359375"
"5433","0.000335693359375","0.000335693359375","0.000335693359375"
"5434","0.000335693359375","0.000335693359375","0.000335693359375"
"5435","24","24","24"
"5436","0.69140625","0.69140625","0.69140625"
"5437","16","16","16"
"5438","0.69140625","0.69140625","0.69140625"
"5439","0.000335693359375","0.000335693359375","0.000335693359375"
"5440","0.69140625","0.69140625","0.69140625"
"5441","16","16","16"
"5442","0.69140625","0.69140625","0.69140625"
"5443","0.69140625","0.69140625","0.69140625"
"5444","0.000335693359375","0.000335693359375","0.000335693359375"
"5445","0.69140625","0.69140625","0.69140625"
"5446","8","8","8"
"5447","16","16","16"
"5448","16","16","16"
"5449","0.69140625","0.69140625","0.69140625"
"5450","0.69140625","0.69140625","0.69140625"
"5452","4.03125","4.03125","4.03125"
"5453","0.69140625","0.69140625","0.69140625"
"5454","0.0181884765625","0.0181884765625","0.0181884765625"
"5455","8","8","8"
"5456","0.69140625","0.69140625","0.69140625"
"5457","0.69140625","0.69140625","0.69140625"
"5458","0.000335693359375","0.000335693359375","0.000335693359375"
"5459","0.69140625","0.69140625","0.69140625"
"5460","0.69140625","0.69140625","0.69140625"
"5461","0.69140625","0.69140625","0.69140625"
"5462","0.69140625","0.69140625","0.69140625"
"5463","0.69140625","0.69140625","0.69140625"
"5464","0.69140625","0.69140625","0.69140625"
"5465","0.000335693359375","0.000335693359375","0.000335693359375"
"5466","0.69140625","0.69140625","0.69140625"
"5467","0.126953125","0.126953125","0.126953125"
"5468","8","8","8"
"5469","0.000335693359375","0.000335693359375","0.000335693359375"
"5470","0.000335693359375","0.000335693359375","0.000335693359375"
"5471","0.69140625","0.69140625","0.69140625"
"5472","0.69140625","0.69140625","0.69140625"
"5473","0.0181884765625","0.0181884765625","0.0181884765625"
"5474","0.69140625","0.69140625","0.69140625"
"5475","0.69140625","0.69140625","0.69140625"
"5476","8","8","8"
"5477","0.69140625","0.69140625","0.69140625"
"5478","8","8","8"
"5479","0.69140625","0.69140625","0.69140625"
"5480","0.69140625","0.69140625","0.69140625"
"5481","0.69140625","0.69140625","0.69140625"
"5483","0.69140625","0.69140625","0.69140625"
"5484","0.69140625","0.69140625","0.69140625"
"5485","8","8","8"
"5486","0.000335693359375","0.000335693359375","0.000335693359375"
"5488","16","16","16"
"5489","0.69140625","0.69140625","0.69140625"
"5490","0.0181884765625","0.0181884765625","0.0181884765625"
"5491","1.126900315284729e-7","1.126900315284729e-7","1.126900315284729e-7"
"5492","8.307397365570068e-7","8.307397365570068e-7","8.307397365570068e-7"
"5493","0.69140625","0.69140625","0.69140625"
"5494","0.000335693359375","0.000335693359375","0.000335693359375"
"5495","0.69140625","0.69140625","0.69140625"
"5496","1.126900315284729e-7","1.126900315284729e-7","1.126900315284729e-7"
"5497","1.126900315284729e-7","1.126900315284729e-7","1.126900315284729e-7"
"5498","16","16","16"
"5499","0.126953125","0.126953125","0.126953125"
"5500","1.126900315284729e-7","1.126900315284729e-7","1.126900315284729e-7"
"5501","0.000335693359375","0.000335693359375","0.000335693359375"
"5502","1.126900315284729e-7","1.126900315284729e-7","1.126900315284729e-7"
"5503","0.69140625","0.69140625","0.69140625"
"5504","0.69140625","0.69140625","0.69140625"
"5505","1.126900315284729e-7","1.126900315284729e-7","1.126900315284729e-7"
"5506","1.126900315284729e-7","1.126900315284729e-7","1.126900315284729e-7"
"5507","0.69140625","0.69140625","0.69140625"
"5508","2.125","2.125","2.125"
"5509","0.69140625","0.69140625","0.69140625"
"5510","1.126900315284729e-7","1.126900315284729e-7","1.126900315284729e-7"
"5511","1.126900315284729e-7","1.126900315284729e-7","1.126900315284729e-7"
"5512","0.000335693359375","0.000335693359375","0.000335693359375"
"5513","8","8","8"
"5514","8","8","8"
"5516","1.126900315284729e-7","1.126900315284729e-7","1.126900315284729e-7"
"5517","4.03125","4.03125","4.03125"
"5518","0.69140625","0.69140625","0.69140625"
"5519","0.69140625","0.69140625","0.69140625"
"5520","8","8","8"
"5522","0.69140625","0.69140625","0.69140625"
"5523","0.000335693359375","0.000335693359375","0.000335693359375"
"5524","1.2656542480726785e-14","1.2656542480726785e-14","1.2656542480726785e-14"
"5525","0.69140625","0.69140625","0.69140625"
"5526","0.69140625","0.69140625","0.69140625"
"5527","0.69140625","0.69140625","0.69140625"
"5528","3.774403012357652e-11","3.774403012357652e-11","3.774403012357652e-11"
"5529","0.69140625","0.69140625","0.69140625"
"5530","0.000335693359375","0.000335693359375","0.000335693359375"
"5531","0.0181884765625","0.0181884765625","0.0181884765625"
"5533","0.000335693359375","0.000335693359375","0.000335693359375"
"5534","1.126900315284729e-7","1.126900315284729e-7","1.126900315284729e-7"
"5535","0.69140625","0.69140625","0.69140625"
"5536","0.69140625","0.69140625","0.69140625"
"5537","8","8","8"
"5538","0.69140625","0.69140625","0.69140625"
"5539","0.000335693359375","0.000335693359375","0.000335693359375"
"5540","0.002471923828125","0.002471923828125","0.002471923828125"
"5541","0.69140625","0.69140625","0.69140625"
"5542","0.000335693359375","0.000335693359375","0.000335693359375"
"5543","4.03125","4.03125","4.03125"
"5544","0.000335693359375","0.000335693359375","0.000335693359375"
"5545","0.69140625","0.69140625","0.69140625"
"5546","0.69140625","0.69140625","0.69140625"
"5547","0.000335693359375","0.000335693359375","0.000335693359375"
"5548","0.69140625","0.69140625","0.69140625"
"5549","1.126900315284729e-7","1.126900315284729e-7","1.126900315284729e-7"
"5550","0.69140625","0.69140625","0.69140625"
"5551","8","8","8"
"5552","0.69140625","0.69140625","0.69140625"
"5553","0.69140625","0.69140625","0.69140625"
"5554","8","8","8"
"5555","0.69140625","0.69140625","0.69140625"
"5556","1.126900315284729e-7","1.126900315284729e-7","1.126900315284729e-7"
"5557","0.69140625","0.69140625","0.69140625"
"5558","1.126900315284729e-7","1.126900315284729e-7","1.126900315284729e-7"
"5559","0.69140625","0.69140625","0.69140625"
"5560","0.69140625","0.69140625","0.69140625"
"5561","0.000335693359375","0.000335693359375","0.000335693359375"
"5562","0.69140625","0.69140625","0.69140625"
"5563","16","16","16"
"5564","0.000335693359375","0.000335693359375","0.000335693359375"
"5565","0.0181884765625","0.0181884765625","0.0181884765625"
"5566","0.69140625","0.69140625","0.69140625"
"5567","0.69140625","0.69140625","0.69140625"
"5568","4.03125","4.03125","4.03125"
"5569","0.69140625","0.69140625","0.69140625"
"5570","8","8","8"
"5571","0.69140625","0.69140625","0.69140625"
"5572","8","8","8"
"5573","1.126900315284729e-7","1.126900315284729e-7","1.126900315284729e-7"
"5574","16","16","16"
"5575","8","8","8"
"5576","0.0181884765625","0.0181884765625","0.0181884765625"
"5577","0.0181884765625","0.0181884765625","0.0181884765625"
"5578","32","32","32"
"5580","8","8","8"
"5581","1.126900315284729e-7","1.126900315284729e-7","1.126900315284729e-7"
"5582","1.126900315284729e-7","1.126900315284729e-7","1.126900315284729e-7"
"5583","4.03125","4.03125","4.03125"
"5584","1.126900315284729e-7","1.126900315284729e-7","1.126900315284729e-7"
"5585","0.69140625","0.69140625","0.69140625"
"5586","0.69140625","0.69140625","0.69140625"
"5587","0.69140625","0.69140625","0.69140625"
"5588","0.000335693359375","0.000335693359375","0.000335693359375"
"5589","0.69140625","0.69140625","0.69140625"
"5590","0.69140625","0.69140625","0.69140625"
"5591","16","16","16"
"5592","0.000335693359375","0.000335693359375","0.000335693359375"
"5593","0.000335693359375","0.000335693359375","0.000335693359375"
"5594","0.000006139278411865234","0.000006139278411865234","0.000006139278411865234"
"5595","0.69140625","0.69140625","0.69140625"
"5596","1.126900315284729e-7","1.126900315284729e-7","1.126900315284729e-7"
"5597","0.69140625","0.69140625","0.69140625"
"5598","1.126900315284729e-7","1.126900315284729e-7","1.126900315284729e-7"
"5599","0.69140625","0.69140625","0.69140625"
"5600","1.126900315284729e-7","1.126900315284729e-7","1.126900315284729e-7"
"5601","0.000335693359375","0.000335693359375","0.000335693359375"
"5602","0.69140625","0.69140625","0.69140625"
"5603","0.0181884765625","0.0181884765625","0.0181884765625"
"5604","1.126900315284729e-7","1.126900315284729e-7","1.126900315284729e-7"
"5606","0.69140625","0.69140625","0.69140625"
"5607","4.03125","4.03125","4.03125"
"5608","16","16","16"
"5609","0.0181884765625","0.0181884765625","0.0181884765625"
"5610","0.69140625","0.69140625","0.69140625"
"5612","0.69140625","0.69140625","0.69140625"
"5613","0.000335693359375","0.000335693359375","0.000335693359375"
"5614","0.69140625","0.69140625","0.69140625"
"5615","0.69140625","0.69140625","0.69140625"
"5616","0.000335693359375","0.000335693359375","0.000335693359375"
"5617","8","8","8"
"5618","1.126900315284729e-7","1.126900315284729e-7","1.126900315284729e-7"
"5619","0.0181884765625","0.0181884765625","0.0181884765625"
"5620","0.69140625","0.69140625","0.69140625"
"5621","0.69140625","0.69140625","0.69140625"
"5622","8","8","8"
"5623","4.03125","4.03125","4.03125"
"5624","0.69140625","0.69140625","0.69140625"
"5625","0.69140625","0.69140625","0.69140625"
"5626","0.000335693359375","0.000335693359375","0.000335693359375"
"5627","8","8","8"
"5628","1.126900315284729e-7","1.126900315284729e-7","1.126900315284729e-7"
"5629","12","12","12"
"5630","0.69140625","0.69140625","0.69140625"
"5631","0.69140625","0.69140625","0.69140625"
"5632","0.69140625","0.69140625","0.69140625"
"5633","0.000335693359375","0.000335693359375","0.000335693359375"
"5634","1.126900315284729e-7","1.126900315284729e-7","1.126900315284729e-7"
"5635","0.69140625","0.69140625","0.69140625"
"5636","16","16","16"
"5637","8","8","8"
"5638","0.69140625","0.69140625","0.69140625"
"5639","0.000335693359375","0.000335693359375","0.000335693359375"
"5640","8","8","8"
"5641","8","8","8"
"5642","1.126900315284729e-7","1.126900315284729e-7","1.126900315284729e-7"
"5643","0.69140625","0.69140625","0.69140625"
"5644","8","8","8"
"5645","8","8","8"
"5647","0.69140625","0.69140625","0.69140625"
"5648","16","16","16"
"5649","8","8","8"
"5650","0.000335693359375","0.000335693359375","0.000335693359375"
"5651","8","8","8"
"5652","0.000335693359375","0.000335693359375","0.000335693359375"
"5653","0.0181884765625","0.0181884765625","0.0181884765625"
"5654","0.69140625","0.69140625","0.69140625"
"5655","1.126900315284729e-7","1.126900315284729e-7","1.126900315284729e-7"
"5657","0.69140625","0.69140625","0.69140625"
"5658","8","8","8"
"5659","0.69140625","0.69140625","0.69140625"
"5660","1.126900315284729e-7","1.126900315284729e-7","1.126900315284729e-7"
"5661","0.000335693359375","0.000335693359375","0.000335693359375"
"5662","16","16","16"
"5663","1.126900315284729e-7","1.126900315284729e-7","1.126900315284729e-7"
"5664","4.03125","4.03125","4.03125"
"5666","0.69140625","0.69140625","0.69140625"
"5667","1.2656542480726785e-14","1.2656542480726785e-14","1.2656542480726785e-14"
"5668","0.69140625","0.69140625","0.69140625"
"5669","0.000335693359375","0.000335693359375","0.000335693359375"
"5670","0.69140625","0.69140625","0.69140625"
"5671","4.03125","4.03125","4.03125"
"5672","0.69140625","0.69140625","0.69140625"
"5673","0.000335693359375","0.000335693359375","0.000335693359375"
"5674","0.69140625","0.69140625","0.69140625"
"5675","0.69140625","0.69140625","0.69140625"
"5676","0.0181884765625","0.0181884765625","0.0181884765625"
"5677","0.69140625","0.69140625","0.69140625"
"5678","0.69140625","0.69140625","0.69140625"
"5679","0.126953125","0.126953125","0.126953125"
"5680","1.126900315284729e-7","1.126900315284729e-7","1.126900315284729e-7"
"5681","1.126900315284729e-7","1.126900315284729e-7","1.126900315284729e-7"
"5682","32","32","32"
"5683","0.69140625","0.69140625","0.69140625"
"5684","4.03125","4.03125","4.03125"
"5685","0.000006139278411865234","0.000006139278411865234","0.000006139278411865234"
"5686","0.69140625","0.69140625","0.69140625"
"5687","8","8","8"
"5688","0.0181884765625","0.0181884765625","0.0181884765625"
"5689","1.126900315284729e-7","1.126900315284729e-7","1.126900315284729e-7"
"5690","16","16","16"
"5691","0.69140625","0.69140625","0.69140625"
"5692","0.69140625","0.69140625","0.69140625"
"5693","0.69140625","0.69140625","0.69140625"
"5694","0.000006139278411865234","0.000006139278411865234","0.000006139278411865234"
"5695","0.69140625","0.69140625","0.69140625"
"5696","0.69140625","0.69140625","0.69140625"
"5697","0.69140625","0.69140625","0.69140625"
"5698","0.000335693359375","0.000335693359375","0.000335693359375"
"5699","1.126900315284729e-7","1.126900315284729e-7","1.126900315284729e-7"
"5700","8","8","8"
"5701","0.69140625","0.69140625","0.69140625"
"5702","8","8","8"
"5703","1.126900315284729e-7","1.126900315284729e-7","1.126900315284729e-7"
"5704","0.69140625","0.69140625","0.69140625"
"5705","0.69140625","0.69140625","0.69140625"
"5706","0.69140625","0.69140625","0.69140625"
"5707","0.69140625","0.69140625","0.69140625"
"5708","1.126900315284729e-7","1.126900315284729e-7","1.126900315284729e-7"
"5709","0.69140625","0.69140625","0.69140625"
"5710","16","16","16"
"5711","0.126953125","0.126953125","0.126953125"
"5712","0.69140625","0.69140625","0.69140625"
"5713","1.126900315284729e-7","1.126900315284729e-7","1.126900315284729e-7"
"5714","0.69140625","0.69140625","0.69140625"
"5715","0.69140625","0.69140625","0.69140625"
"5716","1.126900315284729e-7","1.126900315284729e-7","1.126900315284729e-7"
"5717","8","8","8"
"5718","0.69140625","0.69140625","0.69140625"
"5719","4.03125","4.03125","4.03125"
"5720","0.69140625","0.69140625","0.69140625"
"5721","0.69140625","0.69140625","0.69140625"
"5722","0.69140625","0.69140625","0.69140625"
"5723","0.000335693359375","0.000335693359375","0.000335693359375"
"5724","16","16","16"
"5725","0.69140625","0.69140625","0.69140625"
"5726","0.69140625","0.69140625","0.69140625"
"5727","16","16","16"
"5728","0.69140625","0.69140625","0.69140625"
"5729","0.69140625","0.69140625","0.69140625"
"5730","0.69140625","0.69140625","0.69140625"
"5731","0.69140625","0.69140625","0.69140625"
"5732","1.126900315284729e-7","1.126900315284729e-7","1.126900315284729e-7"
"5733","0.69140625","0.69140625","0.69140625"
"5734","0.69140625","0.69140625","0.69140625"
"5735","0.69140625","0.69140625","0.69140625"
"5736","8","8","8"
"5737","1.126900315284729e-7","1.126900315284729e-7","1.126900315284729e-7"
"5738","0.69140625","0.69140625","0.69140625"
"5739","1.126900315284729e-7","1.126900315284729e-7","1.126900315284729e-7"
"5740","32","32","32"
"5741","0.69140625","0.69140625","0.69140625"
"5742","0.69140625","0.69140625","0.69140625"
"5743","0.69140625","0.69140625","0.69140625"
"5744","0.69140625","0.69140625","0.69140625"
"5745","0.0181884765625","0.0181884765625","0.0181884765625"
"5746","0.69140625","0.69140625","0.69140625"
"5747","0.69140625","0.69140625","0.69140625"
"5748","0.000335693359375","0.000335693359375","0.000335693359375"
"5749","0.69140625","0.69140625","0.69140625"
"5750","0.000335693359375","0.000335693359375","0.000335693359375"
"5751","0.0181884765625","0.0181884765625","0.0181884765625"
"5752","0.000335693359375","0.000335693359375","0.000335693359375"
"5753","0.69140625","0.69140625","0.69140625"
"5754","0.69140625","0.69140625","0.69140625"
"5755","0.0181884765625","0.0181884765625","0.0181884765625"
"5756","0.69140625","0.69140625","0.69140625"
"5757","0.000335693359375","0.000335693359375","0.000335693359375"
"5758","0.69140625","0.69140625","0.69140625"
"5759","0.000335693359375","0.000335693359375","0.000335693359375"
"5760","8","8","8"
"5761","0.69140625","0.69140625","0.69140625"
"5762","0.000335693359375","0.000335693359375","0.000335693359375"
"5763","0.69140625","0.69140625","0.69140625"
"5764","0.000335693359375","0.000335693359375","0.000335693359375"
"5765","0.69140625","0.69140625","0.69140625"
"5766","0.0181884765625","0.0181884765625","0.0181884765625"
"5767","8","8","8"
"5768","0.69140625","0.69140625","0.69140625"
"5769","0.000335693359375","0.000335693359375","0.000335693359375"
"5770","8","8","8"
"5771","0.69140625","0.69140625","0.69140625"
"5772","0.69140625","0.69140625","0.69140625"
"5773","0.000335693359375","0.000335693359375","0.000335693359375"
"5774","0.000335693359375","0.000335693359375","0.000335693359375"
"5775","16","16","16"
"5776","0.69140625","0.69140625","0.69140625"
"5777","8","8","8"
"5778","8","8","8"
"5779","0.69140625","0.69140625","0.69140625"
"5780","16","16","16"
"5781","10","10","10"
"5782","0.000335693359375","0.000335693359375","0.000335693359375"
"5783","1.126900315284729e-7","1.126900315284729e-7","1.126900315284729e-7"
"5784","0.0181884765625","0.0181884765625","0.0181884765625"
"5785","0.69140625","0.69140625","0.69140625"
"5786","4.03125","4.03125","4.03125"
"5787","8","8","8"
"5788","0.69140625","0.69140625","0.69140625"
"5789","0.000335693359375","0.000335693359375","0.000335693359375"
"5790","0.69140625","0.69140625","0.69140625"
"5791","4.03125","4.03125","4.03125"
"5792","4.03125","4.03125","4.03125"
"5793","0.000335693359375","0.000335693359375","0.000335693359375"
"5794","0.69140625","0.69140625","0.69140625"
"5795","0.69140625","0.69140625","0.69140625"
"5796","8","8","8"
"5797","1.126900315284729e-7","1.126900315284729e-7","1.126900315284729e-7"
"5799","8","8","8"
"5800","0.000335693359375","0.000335693359375","0.000335693359375"
"5801","0.69140625","0.69140625","0.69140625"
"5802","4.03125","4.03125","4.03125"
"5803","0.69140625","0.69140625","0.69140625"
"5804","0.69140625","0.69140625","0.69140625"
"5805","0.69140625","0.69140625","0.69140625"
"5806","0.69140625","0.69140625","0.69140625"
"5807","0.000335693359375","0.000335693359375","0.000335693359375"
"5808","8","8","8"
"5809","4.03125","4.03125","4.03125"
"5810","0.0181884765625","0.0181884765625","0.0181884765625"
"5811","0.126953125","0.126953125","0.126953125"
"5812","8","8","8"
"5814","0.69140625","0.69140625","0.69140625"
"5815","4.03125","4.03125","4.03125"
"5816","1.126900315284729e-7","1.126900315284729e-7","1.126900315284729e-7"
"5817","8","8","8"
"5818","0.69140625","0.69140625","0.69140625"
"5819","8","8","8"
"5820","0.69140625","0.69140625","0.69140625"
"5821","0.69140625","0.69140625","0.69140625"
"5822","0.000335693359375","0.000335693359375","0.000335693359375"
"5823","8","8","8"
"5824","0.69140625","0.69140625","0.69140625"
"5825","0.000335693359375","0.000335693359375","0.000335693359375"
"5826","0.0181884765625","0.0181884765625","0.0181884765625"
"5827","8","8","8"
"5830","0.69140625","0.69140625","0.69140625"
"5831","8","8","8"
"5832","0.69140625","0.69140625","0.69140625"
"5833","0.000335693359375","0.000335693359375","0.000335693359375"
"5834","0.69140625","0.69140625","0.69140625"
"5835","1.126900315284729e-7","1.126900315284729e-7","1.126900315284729e-7"
"5836","8","8","8"
"5837","0.69140625","0.69140625","0.69140625"
"5838","0.69140625","0.69140625","0.69140625"
"5839","0.0181884765625","0.0181884765625","0.0181884765625"
"5840","0.69140625","0.69140625","0.69140625"
"5841","0.69140625","0.69140625","0.69140625"
"5842","0.69140625","0.69140625","0.69140625"
"5843","0.69140625","0.69140625","0.69140625"
"5844","16","16","16"
"5845","0.000335693359375","0.000335693359375","0.000335693359375"
"5846","8","8","8"
"5847","0.000335693359375","0.000335693359375","0.000335693359375"
"5848","16","16","16"
"5849","0.69140625","0.69140625","0.69140625"
"5850","4.03125","4.03125","4.03125"
"5851","0.0181884765625","0.0181884765625","0.0181884765625"
"5852","16","16","16"
"5853","0.69140625","0.69140625","0.69140625"
"5854","8","8","8"
"5855","0.69140625","0.69140625","0.69140625"
"5856","0.69140625","0.69140625","0.69140625"
"5857","1.2656542480726785e-14","1.2656542480726785e-14","1.2656542480726785e-14"
"5858","0.0181884765625","0.0181884765625","0.0181884765625"
"5859","0.69140625","0.69140625","0.69140625"
"5860","0.69140625","0.69140625","0.69140625"
"5861","0.69140625","0.69140625","0.69140625"
"5862","0.69140625","0.69140625","0.69140625"
"5863","0.000335693359375","0.000335693359375","0.000335693359375"
"5864","8","8","8"
"5865","0.69140625","0.69140625","0.69140625"
"5866","0.69140625","0.69140625","0.69140625"
"5867","0.000335693359375","0.000335693359375","0.000335693359375"
"5868","8","8","8"
"5869","2.125","2.125","2.125"
"5870","0.69140625","0.69140625","0.69140625"
"5871","0.69140625","0.69140625","0.69140625"
"5872","0.000335693359375","0.000335693359375","0.000335693359375"
"5874","0.69140625","0.69140625","0.69140625"
"5875","0.69140625","0.69140625","0.69140625"
"5876","0.69140625","0.69140625","0.69140625"
"5877","0.69140625","0.69140625","0.69140625"
"5878","1.2656542480726785e-14","1.2656542480726785e-14","1.2656542480726785e-14"
"5879","16","16","16"
"5880","0.69140625","0.69140625","0.69140625"
"5881","16","16","16"
"5882","0.69140625","0.69140625","0.69140625"
"5883","8","8","8"
"5884","4.03125","4.03125","4.03125"
"5885","0.69140625","0.69140625","0.69140625"
"5886","0.69140625","0.69140625","0.69140625"
"5888","0.000335693359375","0.000335693359375","0.000335693359375"
"5889","0.000335693359375","0.000335693359375","0.000335693359375"
"5890","8","8","8"
"5891","8","8","8"
"5892","0.69140625","0.69140625","0.69140625"
"5893","0.69140625","0.69140625","0.69140625"
"5894","0.69140625","0.69140625","0.69140625"
"5895","0.0181884765625","0.0181884765625","0.0181884765625"
"5896","0.000335693359375","0.000335693359375","0.000335693359375"
"5898","1.126900315284729e-7","1.126900315284729e-7","1.126900315284729e-7"
"5899","0.69140625","0.69140625","0.69140625"
"5900","0.69140625","0.69140625","0.69140625"
"5901","8","8","8"
"5902","0.69140625","0.69140625","0.69140625"
"5903","0.000335693359375","0.000335693359375","0.000335693359375"
"5904","0.69140625","0.69140625","0.69140625"
"5905","0.69140625","0.69140625","0.69140625"
"5906","0.69140625","0.69140625","0.69140625"
"5907","8","8","8"
"5908","16","16","16"
"5909","0.000335693359375","0.000335693359375","0.000335693359375"
"5910","0.69140625","0.69140625","0.69140625"
"5911","0.000335693359375","0.000335693359375","0.000335693359375"
"5912","8","8","8"
"5913","0.69140625","0.69140625","0.69140625"
"5914","0.69140625","0.69140625","0.69140625"
"5915","0.0181884765625","0.0181884765625","0.0181884765625"
"5916","0.69140625","0.69140625","0.69140625"
"5917","0.69140625","0.69140625","0.69140625"
"5918","4.03125","4.03125","4.03125"
"5919","0.000335693359375","0.000335693359375","0.000335693359375"
"5920","8","8","8"
"5921","0.000335693359375","0.000335693359375","0.000335693359375"
"5922","0.69140625","0.69140625","0.69140625"
"5924","0.0181884765625","0.0181884765625","0.0181884765625"
"5925","0.000335693359375","0.000335693359375","0.000335693359375"
"5926","8","8","8"
"5927","16","16","16"
"5928","0.69140625","0.69140625","0.69140625"
"5929","1.126900315284729e-7","1.126900315284729e-7","1.126900315284729e-7"
"5930","0.69140625","0.69140625","0.69140625"
"5931","0.000335693359375","0.000335693359375","0.000335693359375"
"5932","0.69140625","0.69140625","0.69140625"
"5933","4.03125","4.03125","4.03125"
"5934","0.69140625","0.69140625","0.69140625"
"5935","0.000335693359375","0.000335693359375","0.000335693359375"
"5936","1.126900315284729e-7","1.126900315284729e-7","1.126900315284729e-7"
"5937","0.69140625","0.69140625","0.69140625"
"5938","0.000335693359375","0.000335693359375","0.000335693359375"
"5939","0.69140625","0.69140625","0.69140625"
"5940","1.126900315284729e-7","1.126900315284729e-7","1.126900315284729e-7"
"5941","0.000335693359375","0.000335693359375","0.000335693359375"
"5942","0.000335693359375","0.000335693359375","0.000335693359375"
"5944","4.03125","4.03125","4.03125"
"5945","0.69140625","0.69140625","0.69140625"
"5946","0.69140625","0.69140625","0.69140625"
"5947","0.0181884765625","0.0181884765625","0.0181884765625"
"5948","0.69140625","0.69140625","0.69140625"
"5950","0.126953125","0.126953125","0.126953125"
"5952","0.69140625","0.69140625","0.69140625"
"5953","0.69140625","0.69140625","0.69140625"
"5954","1.126900315284729e-7","1.126900315284729e-7","1.126900315284729e-7"
"5955","0.69140625","0.69140625","0.69140625"
"5956","8","8","8"
"5957","0.69140625","0.69140625","0.69140625"
"5958","0.000335693359375","0.000335693359375","0.000335693359375"
"5959","0.69140625","0.69140625","0.69140625"
"5960","0.69140625","0.69140625","0.69140625"
"5961","0.000335693359375","0.000335693359375","0.000335693359375"
"5962","1.126900315284729e-7","1.126900315284729e-7","1.126900315284729e-7"
"5963","0.69140625","0.69140625","0.69140625"
"5964","0.69140625","0.69140625","0.69140625"
"5965","0.000335693359375","0.000335693359375","0.000335693359375"
"5966","2.453804067976238","2.453804067976238","2.453804067976238"
"5968","0.000335693359375","0.000335693359375","0.000335693359375"
"5969","2.125","2.125","2.125"
"5970","0.000335693359375","0.000335693359375","0.000335693359375"
"5971","0.69140625","0.69140625","0.69140625"
"5972","8","8","8"
"5973","0.69140625","0.69140625","0.69140625"
"5975","8","8","8"
"5976","0.69140625","0.69140625","0.69140625"
"5977","0.69140625","0.69140625","0.69140625"
"5978","0.69140625","0.69140625","0.69140625"
"5979","0.000335693359375","0.000335693359375","0.000335693359375"
"5980","0.000006139278411865234","0.000006139278411865234","0.000006139278411865234"
"5981","1.126900315284729e-7","1.126900315284729e-7","1.126900315284729e-7"
"5982","0.000335693359375","0.000335693359375","0.000335693359375"
"5983","0.0181884765625","0.0181884765625","0.0181884765625"
"5984","2.066371962428093e-9","2.066371962428093e-9","2.066371962428093e-9"
"5985","0.000335693359375","0.000335693359375","0.000335693359375"
"5986","1.126900315284729e-7","1.126900315284729e-7","1.126900315284729e-7"
"5987","0.69140625","0.69140625","0.69140625"
"5988","0.000335693359375","0.000335693359375","0.000335693359375"
"5989","0.000335693359375","0.000335693359375","0.000335693359375"
"5990","0.69140625","0.69140625","0.69140625"
"5992","16","16","16"
"5994","0.000335693359375","0.000335693359375","0.000335693359375"
"5995","0.69140625","0.69140625","0.69140625"
"5996","1.126900315284729e-7","1.126900315284729e-7","1.126900315284729e-7"
"5997","0.69140625","0.69140625","0.69140625"
"5998","0.69140625","0.69140625","0.69140625"
"5999","0.69140625","0.69140625","0.69140625"
"6000","0.69140625","0.69140625","0.69140625"
"6001","8","8","8"
"6002","0.000006139278411865234","0.000006139278411865234","0.000006139278411865234"
"6003","0.000335693359375","0.000335693359375","0.000335693359375"
"6004","8","8","8"
"6005","0.69140625","0.69140625","0.69140625"
"6007","0.000335693359375","0.000335693359375","0.000335693359375"
"6008","1.126900315284729e-7","1.126900315284729e-7","1.126900315284729e-7"
"6009","0.69140625","0.69140625","0.69140625"
"6010","1.126900315284729e-7","1.126900315284729e-7","1.126900315284729e-7"
"6011","16","16","16"
"6012","4.03125","4.03125","4.03125"
"6013","0.69140625","0.69140625","0.69140625"
"6014","0.69140625","0.69140625","0.69140625"
"6015","8","8","8"
"6016","32","32","32"
"6017","0.69140625","0.69140625","0.69140625"
"6018","0.000335693359375","0.000335693359375","0.000335693359375"
"6019","0.69140625","0.69140625","0.69140625"
"6020","0.0181884765625","0.0181884765625","0.0181884765625"
"6021","0.69140625","0.69140625","0.69140625"
"6022","8.307397365570068e-7","8.307397365570068e-7","8.307397365570068e-7"
"6023","0.0181884765625","0.0181884765625","0.0181884765625"
"6024","0.69140625","0.69140625","0.69140625"
"6026","8","8","8"
"6027","8","8","8"
"6028","1.126900315284729e-7","1.126900315284729e-7","1.126900315284729e-7"
"6030","0.69140625","0.69140625","0.69140625"
"6031","1.126900315284729e-7","1.126900315284729e-7","1.126900315284729e-7"
"6032","1.126900315284729e-7","1.126900315284729e-7","1.126900315284729e-7"
"6033","0.0181884765625","0.0181884765625","0.0181884765625"
"6035","0.000335693359375","0.000335693359375","0.000335693359375"
"6036","0.000335693359375","0.000335693359375","0.000335693359375"
"6037","0.000335693359375","0.000335693359375","0.000335693359375"
"6038","0.69140625","0.69140625","0.69140625"
"6039","1.126900315284729e-7","1.126900315284729e-7","1.126900315284729e-7"
"6040","0.69140625","0.69140625","0.69140625"
"6041","8","8","8"
"6042","0.69140625","0.69140625","0.69140625"
"6043","16","16","16"
"6044","0.69140625","0.69140625","0.69140625"
"6045","0.69140625","0.69140625","0.69140625"
"6046","0.69140625","0.69140625","0.69140625"
"6047","0.69140625","0.69140625","0.69140625"
"6048","0.0181884765625","0.0181884765625","0.0181884765625"
"6049","0.69140625","0.69140625","0.69140625"
"6052","0.69140625","0.69140625","0.69140625"
"6053","8","8","8"
"6054","0.126953125","0.126953125","0.126953125"
"6055","0.69140625","0.69140625","0.69140625"
"6056","0.0181884765625","0.0181884765625","0.0181884765625"
"6057","8","8","8"
"6058","0.69140625","0.69140625","0.69140625"
"6059","0.000335693359375","0.000335693359375","0.000335693359375"
"6060","0.69140625","0.69140625","0.69140625"
"6061","0.69140625","0.69140625","0.69140625"
"6062","16","16","16"
"6063","0.69140625","0.69140625","0.69140625"
"6064","8","8","8"
"6065","0.000335693359375","0.000335693359375","0.000335693359375"
"6066","1.126900315284729e-7","1.126900315284729e-7","1.126900315284729e-7"
"6067","0.000335693359375","0.000335693359375","0.000335693359375"
"6068","0.69140625","0.69140625","0.69140625"
"6069","8","8","8"
"6070","0.69140625","0.69140625","0.69140625"
"6071","8","8","8"
"6072","1.126900315284729e-7","1.126900315284729e-7","1.126900315284729e-7"
"6073","0.000006139278411865234","0.000006139278411865234","0.000006139278411865234"
"6074","0.69140625","0.69140625","0.69140625"
"6075","0.0181884765625","0.0181884765625","0.0181884765625"
"6076","16","16","16"
"6077","0.69140625","0.69140625","0.69140625"
"6078","0.000335693359375","0.000335693359375","0.000335693359375"
"6079","0.69140625","0.69140625","0.69140625"
"6080","8","8","8"
"6081","0.000335693359375","0.000335693359375","0.000335693359375"
"6082","8","8","8"
"6083","16","16","16"
"6084","16","16","16"
"6085","0.000335693359375","0.000335693359375","0.000335693359375"
"6086","16","16","16"
"6087","1.126900315284729e-7","1.126900315284729e-7","1.126900315284729e-7"
"6088","0.126953125","0.126953125","0.126953125"
"6089","1.126900315284729e-7","1.126900315284729e-7","1.126900315284729e-7"
"6090","0.69140625","0.69140625","0.69140625"
"6091","16","16","16"
"6092","0.0181884765625","0.0181884765625","0.0181884765625"
"6093","0.000335693359375","0.000335693359375","0.000335693359375"
"6094","0.69140625","0.69140625","0.69140625"
"6095","0.69140625","0.69140625","0.69140625"
"6096","0.002471923828125","0.002471923828125","0.002471923828125"
"6097","0.000335693359375","0.000335693359375","0.000335693359375"
"6098","0.0181884765625","0.0181884765625","0.0181884765625"
"6099","0.69140625","0.69140625","0.69140625"
"6100","0.69140625","0.69140625","0.69140625"
"6101","0.69140625","0.69140625","0.69140625"
"6102","0.000335693359375","0.000335693359375","0.000335693359375"
"6103","0.69140625","0.69140625","0.69140625"
"6104","8","8","8"
"6105","0.0181884765625","0.0181884765625","0.0181884765625"
"6106","0.000335693359375","0.000335693359375","0.000335693359375"
"6107","0.69140625","0.69140625","0.69140625"
"6108","0.69140625","0.69140625","0.69140625"
"6109","0.69140625","0.69140625","0.69140625"
"6110","0.002471923828125","0.002471923828125","0.002471923828125"
"6111","8","8","8"
"6112","0.0181884765625","0.0181884765625","0.0181884765625"
"6113","0.000335693359375","0.000335693359375","0.000335693359375"
"6114","8","8","8"
"6115","4.03125","4.03125","4.03125"
"6116","0.69140625","0.69140625","0.69140625"
"6117","0.000335693359375","0.000335693359375","0.000335693359375"
"6118","0.69140625","0.69140625","0.69140625"
"6119","8","8","8"
"6120","1.2656542480726785e-14","1.2656542480726785e-14","1.2656542480726785e-14"
"6121","4.03125","4.03125","4.03125"
"6122","0.000335693359375","0.000335693359375","0.000335693359375"
"6124","0.69140625","0.69140625","0.69140625"
"6125","0.69140625","0.69140625","0.69140625"
"6126","0.69140625","0.69140625","0.69140625"
"6127","0.69140625","0.69140625","0.69140625"
"6128","0.69140625","0.69140625","0.69140625"
"6129","0.126953125","0.126953125","0.126953125"
"6130","0.69140625","0.69140625","0.69140625"
"6131","0.69140625","0.69140625","0.69140625"
"6133","0.69140625","0.69140625","0.69140625"
"6134","0.69140625","0.69140625","0.69140625"
"6136","4.03125","4.03125","4.03125"
"6137","0.0181884765625","0.0181884765625","0.0181884765625"
"6138","0.69140625","0.69140625","0.69140625"
"6139","6","6","6"
"6141","0.69140625","0.69140625","0.69140625"
"6142","0.000335693359375","0.000335693359375","0.000335693359375"
"6143","0.69140625","0.69140625","0.69140625"
"6144","0.69140625","0.69140625","0.69140625"
"6146","0.69140625","0.69140625","0.69140625"
"6147","4.03125","4.03125","4.03125"
"6148","0.69140625","0.69140625","0.69140625"
"6149","1.126900315284729e-7","1.126900315284729e-7","1.126900315284729e-7"
"6150","0.69140625","0.69140625","0.69140625"
"6151","0.69140625","0.69140625","0.69140625"
"6152","0.000335693359375","0.000335693359375","0.000335693359375"
"6153","0.0181884765625","0.0181884765625","0.0181884765625"
"6154","0.69140625","0.69140625","0.69140625"
"6155","0.002471923828125","0.002471923828125","0.002471923828125"
"6156","8","8","8"
"6157","1.126900315284729e-7","1.126900315284729e-7","1.126900315284729e-7"
"6158","0.000335693359375","0.000335693359375","0.000335693359375"
"6159","0.000335693359375","0.000335693359375","0.000335693359375"
"6160","0.69140625","0.69140625","0.69140625"
"6161","0.0181884765625","0.0181884765625","0.0181884765625"
"6162","0.69140625","0.69140625","0.69140625"
"6164","0.000335693359375","0.000335693359375","0.000335693359375"
"6166","3.774403012357652e-11","3.774403012357652e-11","3.774403012357652e-11"
"6167","0.69140625","0.69140625","0.69140625"
"6169","0.000006139278411865234","0.000006139278411865234","0.000006139278411865234"
"6170","0.69140625","0.69140625","0.69140625"
"6171","0.69140625","0.69140625","0.69140625"
"6172","0.000335693359375","0.000335693359375","0.000335693359375"
"6173","0.69140625","0.69140625","0.69140625"
"6174","0.000335693359375","0.000335693359375","0.000335693359375"
"6175","0.69140625","0.69140625","0.69140625"
"6177","8","8","8"
"6178","0.000335693359375","0.000335693359375","0.000335693359375"
"6179","0.69140625","0.69140625","0.69140625"
"6180","0.0181884765625","0.0181884765625","0.0181884765625"
"6181","0.69140625","0.69140625","0.69140625"
"6182","0.69140625","0.69140625","0.69140625"
"6183","0.000335693359375","0.000335693359375","0.000335693359375"
"6184","0.69140625","0.69140625","0.69140625"
"6185","8","8","8"
"6186","0.000335693359375","0.000335693359375","0.000335693359375"
"6187","0.0181884765625","0.0181884765625","0.0181884765625"
"6189","0.69140625","0.69140625","0.69140625"
"6190","0.0181884765625","0.0181884765625","0.0181884765625"
"6191","0.000335693359375","0.000335693359375","0.000335693359375"
"6192","1.126900315284729e-7","1.126900315284729e-7","1.126900315284729e-7"
"6193","0.69140625","0.69140625","0.69140625"
"6194","0.69140625","0.69140625","0.69140625"
"6195","1.126900315284729e-7","1.126900315284729e-7","1.126900315284729e-7"
"6196","8","8","8"
"6197","0.000335693359375","0.000335693359375","0.000335693359375"
"6198","0.69140625","0.69140625","0.69140625"
"6199","0.69140625","0.69140625","0.69140625"
"6200","0.000335693359375","0.000335693359375","0.000335693359375"
"6201","0.69140625","0.69140625","0.69140625"
"6202","0.000335693359375","0.000335693359375","0.000335693359375"
"6203","0.0181884765625","0.0181884765625","0.0181884765625"
"6205","0.69140625","0.69140625","0.69140625"
"6206","1.126900315284729e-7","1.126900315284729e-7","1.126900315284729e-7"
"6207","0.69140625","0.69140625","0.69140625"
"6208","0.000335693359375","0.000335693359375","0.000335693359375"
"6209","16","16","16"
"6210","0.69140625","0.69140625","0.69140625"
"6211","1.126900315284729e-7","1.126900315284729e-7","1.126900315284729e-7"
"6212","8","8","8"
"6213","0.002471923828125","0.002471923828125","0.002471923828125"
"6214","0.69140625","0.69140625","0.69140625"
"6215","0.69140625","0.69140625","0.69140625"
"6216","1.126900315284729e-7","1.126900315284729e-7","1.126900315284729e-7"
"6217","16","16","16"
"6218","0.000006139278411865234","0.000006139278411865234","0.000006139278411865234"
"6219","0.69140625","0.69140625","0.69140625"
"6220","0.000335693359375","0.000335693359375","0.000335693359375"
"6221","0.000335693359375","0.000335693359375","0.000335693359375"
"6222","8","8","8"
"6223","0.69140625","0.69140625","0.69140625"
"6224","0.69140625","0.69140625","0.69140625"
"6225","24","24","24"
"6228","4.03125","4.03125","4.03125"
"6229","1.126900315284729e-7","1.126900315284729e-7","1.126900315284729e-7"
"6230","0.000335693359375","0.000335693359375","0.000335693359375"
"6231","4.03125","4.03125","4.03125"
"6232","0.69140625","0.69140625","0.69140625"
"6233","0.000335693359375","0.000335693359375","0.000335693359375"
"6234","0.000335693359375","0.000335693359375","0.000335693359375"
"6235","0.0181884765625","0.0181884765625","0.0181884765625"
"6236","0.000335693359375","0.000335693359375","0.000335693359375"
"6238","0.000335693359375","0.000335693359375","0.000335693359375"
"6239","0.69140625","0.69140625","0.69140625"
"6240","8","8","8"
"6241","0.69140625","0.69140625","0.69140625"
"6242","0.000335693359375","0.000335693359375","0.000335693359375"
"6243","2.125","2.125","2.125"
"6244","0.69140625","0.69140625","0.69140625"
"6245","4.03125","4.03125","4.03125"
"6246","0.69140625","0.69140625","0.69140625"
"6247","0.69140625","0.69140625","0.69140625"
"6248","16","16","16"
"6249","8","8","8"
"6250","0.69140625","0.69140625","0.69140625"
"6251","32","32","32"
"6252","0.69140625","0.69140625","0.69140625"
"6253","1.126900315284729e-7","1.126900315284729e-7","1.126900315284729e-7"
"6254","0.0181884765625","0.0181884765625","0.0181884765625"
"6255","0.000335693359375","0.000335693359375","0.000335693359375"
"6256","0.69140625","0.69140625","0.69140625"
"6257","0.0181884765625","0.0181884765625","0.0181884765625"
"6258","0.000335693359375","0.000335693359375","0.000335693359375"
"6259","0.69140625","0.69140625","0.69140625"
"6260","0.69140625","0.69140625","0.69140625"
"6261","8","8","8"
"6262","0.69140625","0.69140625","0.69140625"
"6264","0.69140625","0.69140625","0.69140625"
"6265","0.69140625","0.69140625","0.69140625"
"6266","0.69140625","0.69140625","0.69140625"
"6267","8","8","8"
"6268","0.69140625","0.69140625","0.69140625"
"6269","0.69140625","0.69140625","0.69140625"
"6270","0.69140625","0.69140625","0.69140625"
"6272","0.69140625","0.69140625","0.69140625"
"6273","0.69140625","0.69140625","0.69140625"
"6274","8","8","8"
"6275","0.69140625","0.69140625","0.69140625"
"6276","0.69140625","0.69140625","0.69140625"
"6277","1.126900315284729e-7","1.126900315284729e-7","1.126900315284729e-7"
"6279","0.69140625","0.69140625","0.69140625"
"6280","0.69140625","0.69140625","0.69140625"
"6281","0.0181884765625","0.0181884765625","0.0181884765625"
"6282","16","16","16"
"6283","0.69140625","0.69140625","0.69140625"
"6284","0.69140625","0.69140625","0.69140625"
"6285","0.69140625","0.69140625","0.69140625"
"6286","0.69140625","0.69140625","0.69140625"
"6288","0.69140625","0.69140625","0.69140625"
"6289","0.000335693359375","0.000335693359375","0.000335693359375"
"6290","0.000335693359375","0.000335693359375","0.000335693359375"
"6291","12","12","12"
"6292","4.03125","4.03125","4.03125"
"6293","0.69140625","0.69140625","0.69140625"
"6294","0.69140625","0.69140625","0.69140625"
"6295","0.69140625","0.69140625","0.69140625"
"6296","4.03125","4.03125","4.03125"
"6297","0.69140625","0.69140625","0.69140625"
"6298","1.126900315284729e-7","1.126900315284729e-7","1.126900315284729e-7"
"6299","0.69140625","0.69140625","0.69140625"
"6300","0.000335693359375","0.000335693359375","0.000335693359375"
"6301","0.000335693359375","0.000335693359375","0.000335693359375"
"6302","8","8","8"
"6303","0.69140625","0.69140625","0.69140625"
"6304","0.69140625","0.69140625","0.69140625"
"6305","0.69140625","0.69140625","0.69140625"
"6306","0.000335693359375","0.000335693359375","0.000335693359375"
"6307","0.69140625","0.69140625","0.69140625"
"6308","0.0181884765625","0.0181884765625","0.0181884765625"
"6309","0.69140625","0.69140625","0.69140625"
"6310","0.69140625","0.69140625","0.69140625"
"6311","0.69140625","0.69140625","0.69140625"
"6312","8","8","8"
"6313","0.69140625","0.69140625","0.69140625"
"6314","0.69140625","0.69140625","0.69140625"
"6315","0.69140625","0.69140625","0.69140625"
"6316","0.69140625","0.69140625","0.69140625"
"6317","0.69140625","0.69140625","0.69140625"
"6318","8","8","8"
"6319","0.000335693359375","0.000335693359375","0.000335693359375"
"6320","8","8","8"
"6321","1.126900315284729e-7","1.126900315284729e-7","1.126900315284729e-7"
"6322","8","8","8"
"6323","1.126900315284729e-7","1.126900315284729e-7","1.126900315284729e-7"
"6324","8","8","8"
"6325","0.69140625","0.69140625","0.69140625"
"6326","0.126953125","0.126953125","0.126953125"
"6327","0.000335693359375","0.000335693359375","0.000335693359375"
"6328","0.69140625","0.69140625","0.69140625"
"6329","0.69140625","0.69140625","0.69140625"
"6330","0.69140625","0.69140625","0.69140625"
"6332","0.0181884765625","0.0181884765625","0.0181884765625"
"6333","0.69140625","0.69140625","0.69140625"
"6334","16","16","16"
"6335","0.000335693359375","0.000335693359375","0.000335693359375"
"6336","0.000335693359375","0.000335693359375","0.000335693359375"
"6337","0.000335693359375","0.000335693359375","0.000335693359375"
"6339","0.69140625","0.69140625","0.69140625"
"6340","32","32","32"
"6341","0.000335693359375","0.000335693359375","0.000335693359375"
"6342","0.69140625","0.69140625","0.69140625"
"6343","0.69140625","0.69140625","0.69140625"
"6344","0.69140625","0.69140625","0.69140625"
"6345","4.03125","4.03125","4.03125"
"6346","0.69140625","0.69140625","0.69140625"
"6348","0.000335693359375","0.000335693359375","0.000335693359375"
"6349","0.0181884765625","0.0181884765625","0.0181884765625"
"6351","0.000335693359375","0.000335693359375","0.000335693359375"
"6352","8","8","8"
"6353","0.69140625","0.69140625","0.69140625"
"6354","0.69140625","0.69140625","0.69140625"
"6355","0.69140625","0.69140625","0.69140625"
"6356","0.69140625","0.69140625","0.69140625"
"6357","1.126900315284729e-7","1.126900315284729e-7","1.126900315284729e-7"
"6358","0.69140625","0.69140625","0.69140625"
"6359","0.000335693359375","0.000335693359375","0.000335693359375"
"6361","0.000335693359375","0.000335693359375","0.000335693359375"
"6362","8","8","8"
"6363","0.69140625","0.69140625","0.69140625"
"6364","8","8","8"
"6365","0.000335693359375","0.000335693359375","0.000335693359375"
"6366","0.000335693359375","0.000335693359375","0.000335693359375"
"6367","16","16","16"
"6368","0.000335693359375","0.000335693359375","0.000335693359375"
"6369","32","32","32"
"6370","8","8","8"
"6371","0.69140625","0.69140625","0.69140625"
"6372","1.2656542480726785e-14","1.2656542480726785e-14","1.2656542480726785e-14"
"6373","0.000335693359375","0.000335693359375","0.000335693359375"
"6374","1.126900315284729e-7","1.126900315284729e-7","1.126900315284729e-7"
"6375","0.0181884765625","0.0181884765625","0.0181884765625"
"6376","0.69140625","0.69140625","0.69140625"
"6377","16","16","16"
"6378","0.69140625","0.69140625","0.69140625"
"6380","0.69140625","0.69140625","0.69140625"
"6381","0.000335693359375","0.000335693359375","0.000335693359375"
"6382","0.69140625","0.69140625","0.69140625"
"6383","16","16","16"
"6384","4.03125","4.03125","4.03125"
"6385","0.69140625","0.69140625","0.69140625"
"6386","0.69140625","0.69140625","0.69140625"
"6387","4.03125","4.03125","4.03125"
"6388","16","16","16"
"6389","0.69140625","0.69140625","0.69140625"
"6390","8","8","8"
"6391","0.000335693359375","0.000335693359375","0.000335693359375"
"6392","0.000335693359375","0.000335693359375","0.000335693359375"
"6393","12","12","12"
"6395","0.000335693359375","0.000335693359375","0.000335693359375"
"6396","8","8","8"
"6397","0.69140625","0.69140625","0.69140625"
"6398","0.69140625","0.69140625","0.69140625"
"6399","0.69140625","0.69140625","0.69140625"
"6401","0.000335693359375","0.000335693359375","0.000335693359375"
"6402","0.000335693359375","0.000335693359375","0.000335693359375"
"6403","0.000335693359375","0.000335693359375","0.000335693359375"
"6404","0.69140625","0.69140625","0.69140625"
"6405","0.0181884765625","0.0181884765625","0.0181884765625"
"6406","0.0181884765625","0.0181884765625","0.0181884765625"
"6407","0.000335693359375","0.000335693359375","0.000335693359375"
"6408","16","16","16"
"6409","0.69140625","0.69140625","0.69140625"
"6410","0.0181884765625","0.0181884765625","0.0181884765625"
"6411","0.69140625","0.69140625","0.69140625"
"6412","8","8","8"
"6413","0.69140625","0.69140625","0.69140625"
"6414","0.0181884765625","0.0181884765625","0.0181884765625"
"6415","0.69140625","0.69140625","0.69140625"
"6416","0.69140625","0.69140625","0.69140625"
"6417","0.69140625","0.69140625","0.69140625"
"6420","0.69140625","0.69140625","0.69140625"
"6421","0.69140625","0.69140625","0.69140625"
"6422","3.774403012357652e-11","3.774403012357652e-11","3.774403012357652e-11"
"6423","4.03125","4.03125","4.03125"
"6424","0.000335693359375","0.000335693359375","0.000335693359375"
"6425","1.126900315284729e-7","1.126900315284729e-7","1.126900315284729e-7"
"6426","8","8","8"
"6427","0.0181884765625","0.0181884765625","0.0181884765625"
"6428","1.126900315284729e-7","1.126900315284729e-7","1.126900315284729e-7"
"6429","0.69140625","0.69140625","0.69140625"
"6430","8","8","8"
"6431","0.69140625","0.69140625","0.69140625"
"6432","0.69140625","0.69140625","0.69140625"
"6434","0.69140625","0.69140625","0.69140625"
"6435","4.03125","4.03125","4.03125"
"6436","1.126900315284729e-7","1.126900315284729e-7","1.126900315284729e-7"
"6437","0.0181884765625","0.0181884765625","0.0181884765625"
"6438","0.69140625","0.69140625","0.69140625"
"6439","0.000335693359375","0.000335693359375","0.000335693359375"
"6440","1.126900315284729e-7","1.126900315284729e-7","1.126900315284729e-7"
"6441","0.000335693359375","0.000335693359375","0.000335693359375"
"6442","0.69140625","0.69140625","0.69140625"
"6443","0.0181884765625","0.0181884765625","0.0181884765625"
"6444","0.69140625","0.69140625","0.69140625"
"6445","0.000335693359375","0.000335693359375","0.000335693359375"
"6446","0.69140625","0.69140625","0.69140625"
"6447","0.69140625","0.69140625","0.69140625"
"6448","0.000335693359375","0.000335693359375","0.000335693359375"
"6449","1.126900315284729e-7","1.126900315284729e-7","1.126900315284729e-7"
"6450","0.69140625","0.69140625","0.69140625"
"6451","0.000335693359375","0.000335693359375","0.000335693359375"
"6452","0.000335693359375","0.000335693359375","0.000335693359375"
"6453","0.000335693359375","0.000335693359375","0.000335693359375"
"6454","0.69140625","0.69140625","0.69140625"
"6455","0.69140625","0.69140625","0.69140625"
"6456","0.69140625","0.69140625","0.69140625"
"6457","0.69140625","0.69140625","0.69140625"
"6458","0.000335693359375","0.000335693359375","0.000335693359375"
"6459","0.002471923828125","0.002471923828125","0.002471923828125"
"6460","8","8","8"
"6462","0.69140625","0.69140625","0.69140625"
"6463","0.69140625","0.69140625","0.69140625"
"6464","0.69140625","0.69140625","0.69140625"
"6465","0.000335693359375","0.000335693359375","0.000335693359375"
"6467","4.03125","4.03125","4.03125"
"6468","0.000006139278411865234","0.000006139278411865234","0.000006139278411865234"
"6469","0.69140625","0.69140625","0.69140625"
"6470","0.69140625","0.69140625","0.69140625"
"6471","8","8","8"
"6472","0.000335693359375","0.000335693359375","0.000335693359375"
"6473","3.774403012357652e-11","3.774403012357652e-11","3.774403012357652e-11"
"6474","8","8","8"
"6475","0.69140625","0.69140625","0.69140625"
"6476","0.69140625","0.69140625","0.69140625"
"6477","0.000335693359375","0.000335693359375","0.000335693359375"
"6478","0.69140625","0.69140625","0.69140625"
"6479","1.2656542480726785e-14","1.2656542480726785e-14","1.2656542480726785e-14"
"6480","0.69140625","0.69140625","0.69140625"
"6481","0.69140625","0.69140625","0.69140625"
"6482","0.69140625","0.69140625","0.69140625"
"6483","0.69140625","0.69140625","0.69140625"
"6484","0.000335693359375","0.000335693359375","0.000335693359375"
"6485","3.774403012357652e-11","3.774403012357652e-11","3.774403012357652e-11"
"6486","0.69140625","0.69140625","0.69140625"
"6487","0.000335693359375","0.000335693359375","0.000335693359375"
"6488","0.69140625","0.69140625","0.69140625"
"6489","0.69140625","0.69140625","0.69140625"
"6490","0.000335693359375","0.000335693359375","0.000335693359375"
"6491","0.000335693359375","0.000335693359375","0.000335693359375"
"6492","0.000335693359375","0.000335693359375","0.000335693359375"
"6493","0.69140625","0.69140625","0.69140625"
"6494","0.69140625","0.69140625","0.69140625"
"6495","0.000335693359375","0.000335693359375","0.000335693359375"
"6496","0.000335693359375","0.000335693359375","0.000335693359375"
"6497","0.000335693359375","0.000335693359375","0.000335693359375"
"6498","0.126953125","0.126953125","0.126953125"
"6499","0.0181884765625","0.0181884765625","0.0181884765625"
"6500","8","8","8"
"6501","0.69140625","0.69140625","0.69140625"
"6502","0.000335693359375","0.000335693359375","0.000335693359375"
"6503","16","16","16"
"6504","0.0181884765625","0.0181884765625","0.0181884765625"
"6505","8","8","8"
"6506","0.69140625","0.69140625","0.69140625"
"6507","0.69140625","0.69140625","0.69140625"
"6508","1.126900315284729e-7","1.126900315284729e-7","1.126900315284729e-7"
"6509","0.000335693359375","0.000335693359375","0.000335693359375"
"6510","0.69140625","0.69140625","0.69140625"
"6511","0.69140625","0.69140625","0.69140625"
"6512","0.69140625","0.69140625","0.69140625"
"6513","8","8","8"
"6514","0.126953125","0.126953125","0.126953125"
"6515","0.0181884765625","0.0181884765625","0.0181884765625"
"6516","1.126900315284729e-7","1.126900315284729e-7","1.126900315284729e-7"
"6517","4.03125","4.03125","4.03125"
"6518","8","8","8"
"6519","0.69140625","0.69140625","0.69140625"
"6520","0.69140625","0.69140625","0.69140625"
"6522","16","16","16"
"6523","0.69140625","0.69140625","0.69140625"
"6524","0.0181884765625","0.0181884765625","0.0181884765625"
"6525","16","16","16"
"6526","0.69140625","0.69140625","0.69140625"
"6527","0.69140625","0.69140625","0.69140625"
"6528","0.000335693359375","0.000335693359375","0.000335693359375"
"6530","4.03125","4.03125","4.03125"
"6531","8","8","8"
"6532","0.000335693359375","0.000335693359375","0.000335693359375"
"6533","0.000335693359375","0.000335693359375","0.000335693359375"
"6534","0.000006139278411865234","0.000006139278411865234","0.000006139278411865234"
"6535","8","8","8"
"6536","0.000335693359375","0.000335693359375","0.000335693359375"
"6537","0.69140625","0.69140625","0.69140625"
"6538","0.69140625","0.69140625","0.69140625"
"6539","16","16","16"
"6540","0.69140625","0.69140625","0.69140625"
"6541","1.126900315284729e-7","1.126900315284729e-7","1.126900315284729e-7"
"6542","0.000335693359375","0.000335693359375","0.000335693359375"
"6543","0.0181884765625","0.0181884765625","0.0181884765625"
"6544","4.03125","4.03125","4.03125"
"6545","0.69140625","0.69140625","0.69140625"
"6546","0.000335693359375","0.000335693359375","0.000335693359375"
"6547","0.69140625","0.69140625","0.69140625"
"6548","0.000335693359375","0.000335693359375","0.000335693359375"
"6549","0.000335693359375","0.000335693359375","0.000335693359375"
"6550","16","16","16"
"6551","0.69140625","0.69140625","0.69140625"
"6552","0.69140625","0.69140625","0.69140625"
"6554","0.0181884765625","0.0181884765625","0.0181884765625"
"6555","0.000335693359375","0.000335693359375","0.000335693359375"
"6556","0.000335693359375","0.000335693359375","0.000335693359375"
"6557","0.0181884765625","0.0181884765625","0.0181884765625"
"6558","0.000335693359375","0.000335693359375","0.000335693359375"
"6559","0.69140625","0.69140625","0.69140625"
"6560","8","8","8"
"6561","0.0181884765625","0.0181884765625","0.0181884765625"
"6562","0.69140625","0.69140625","0.69140625"
"6564","1.126900315284729e-7","1.126900315284729e-7","1.126900315284729e-7"
"6565","0.000335693359375","0.000335693359375","0.000335693359375"
"6567","0.000006139278411865234","0.000006139278411865234","0.000006139278411865234"
"6568","0.000335693359375","0.000335693359375","0.000335693359375"
"6569","0.69140625","0.69140625","0.69140625"
"6570","2.066371962428093e-9","2.066371962428093e-9","2.066371962428093e-9"
"6571","0.69140625","0.69140625","0.69140625"
"6573","0.69140625","0.69140625","0.69140625"
"6574","16","16","16"
"6575","1.126900315284729e-7","1.126900315284729e-7","1.126900315284729e-7"
"6576","0.0181884765625","0.0181884765625","0.0181884765625"
"6577","0.69140625","0.69140625","0.69140625"
"6578","0.000335693359375","0.000335693359375","0.000335693359375"
"6579","0.69140625","0.69140625","0.69140625"
"6580","0.000335693359375","0.000335693359375","0.000335693359375"
"6581","0.0181884765625","0.0181884765625","0.0181884765625"
"6582","16","16","16"
"6583","1.126900315284729e-7","1.126900315284729e-7","1.126900315284729e-7"
"6584","0.000006139278411865234","0.000006139278411865234","0.000006139278411865234"
"6585","4.03125","4.03125","4.03125"
"6586","0.69140625","0.69140625","0.69140625"
"6587","0.69140625","0.69140625","0.69140625"
"6588","0.69140625","0.69140625","0.69140625"
"6589","0.69140625","0.69140625","0.69140625"
"6590","1.126900315284729e-7","1.126900315284729e-7","1.126900315284729e-7"
"6591","0.000335693359375","0.000335693359375","0.000335693359375"
"6593","0.69140625","0.69140625","0.69140625"
"6594","0.000335693359375","0.000335693359375","0.000335693359375"
"6595","0.69140625","0.69140625","0.69140625"
"6596","16","16","16"
"6597","4.03125","4.03125","4.03125"
"6599","1.126900315284729e-7","1.126900315284729e-7","1.126900315284729e-7"
"6600","1.126900315284729e-7","1.126900315284729e-7","1.126900315284729e-7"
"6602","1.126900315284729e-7","1.126900315284729e-7","1.126900315284729e-7"
"6603","1.126900315284729e-7","1.126900315284729e-7","1.126900315284729e-7"
"6604","0.0181884765625","0.0181884765625","0.0181884765625"
"6605","0.000335693359375","0.000335693359375","0.000335693359375"
"6606","0.69140625","0.69140625","0.69140625"
"6608","0.69140625","0.69140625","0.69140625"
"6609","0.69140625","0.69140625","0.69140625"
"6610","0.69140625","0.69140625","0.69140625"
"6611","0.000335693359375","0.000335693359375","0.000335693359375"
"6612","0.000335693359375","0.000335693359375","0.000335693359375"
"6613","0.69140625","0.69140625","0.69140625"
"6614","4.03125","4.03125","4.03125"
"6615","0.69140625","0.69140625","0.69140625"
"6616","8","8","8"
"6617","8","8","8"
"6618","0.0181884765625","0.0181884765625","0.0181884765625"
"6619","0.69140625","0.69140625","0.69140625"
"6620","0.69140625","0.69140625","0.69140625"
"6621","0.000335693359375","0.000335693359375","0.000335693359375"
"6622","1.126900315284729e-7","1.126900315284729e-7","1.126900315284729e-7"
"6623","0.69140625","0.69140625","0.69140625"
"6624","0.69140625","0.69140625","0.69140625"
"6625","0.69140625","0.69140625","0.69140625"
"6626","0.0181884765625","0.0181884765625","0.0181884765625"
"6627","1.126900315284729e-7","1.126900315284729e-7","1.126900315284729e-7"
"6629","0.69140625","0.69140625","0.69140625"
"6630","0.0181884765625","0.0181884765625","0.0181884765625"
"6632","0.69140625","0.69140625","0.69140625"
"6633","3.774403012357652e-11","3.774403012357652e-11","3.774403012357652e-11"
"6634","8","8","8"
"6635","0.69140625","0.69140625","0.69140625"
"6636","0.69140625","0.69140625","0.69140625"
"6637","0.000335693359375","0.000335693359375","0.000335693359375"
"6638","3.774403012357652e-11","3.774403012357652e-11","3.774403012357652e-11"
"6639","0.69140625","0.69140625","0.69140625"
"6640","0.69140625","0.69140625","0.69140625"
"6641","0.69140625","0.69140625","0.69140625"
"6642","1.126900315284729e-7","1.126900315284729e-7","1.126900315284729e-7"
"6643","0.69140625","0.69140625","0.69140625"
"6644","0.0181884765625","0.0181884765625","0.0181884765625"
"6645","0.69140625","0.69140625","0.69140625"
"6646","16","16","16"
"6647","0.69140625","0.69140625","0.69140625"
"6648","0.69140625","0.69140625","0.69140625"
"6649","0.69140625","0.69140625","0.69140625"
"6650","0.69140625","0.69140625","0.69140625"
"6651","0.69140625","0.69140625","0.69140625"
"6652","0.69140625","0.69140625","0.69140625"
"6653","0.000335693359375","0.000335693359375","0.000335693359375"
"6655","8","8","8"
"6656","8","8","8"
"6657","8","8","8"
"6659","16","16","16"
"6660","0.69140625","0.69140625","0.69140625"
"6661","1.126900315284729e-7","1.126900315284729e-7","1.126900315284729e-7"
"6662","0.000006139278411865234","0.000006139278411865234","0.000006139278411865234"
"6663","0.0181884765625","0.0181884765625","0.0181884765625"
"6664","0.000335693359375","0.000335693359375","0.000335693359375"
"6665","0.69140625","0.69140625","0.69140625"
"6666","0.69140625","0.69140625","0.69140625"
"6667","0.000006139278411865234","0.000006139278411865234","0.000006139278411865234"
"6668","0.69140625","0.69140625","0.69140625"
"6669","8","8","8"
"6670","0.69140625","0.69140625","0.69140625"
"6672","6.927791673660977e-13","6.927791673660977e-13","6.927791673660977e-13"
"6673","0.69140625","0.69140625","0.69140625"
"6674","0.000335693359375","0.000335693359375","0.000335693359375"
"6676","0.000335693359375","0.000335693359375","0.000335693359375"
"6677","1.126900315284729e-7","1.126900315284729e-7","1.126900315284729e-7"
"6678","0.69140625","0.69140625","0.69140625"
"6679","8","8","8"
"6680","0.69140625","0.69140625","0.69140625"
"6681","0.69140625","0.69140625","0.69140625"
"6682","0.69140625","0.69140625","0.69140625"
"6683","1.2656542480726785e-14","1.2656542480726785e-14","1.2656542480726785e-14"
"6684","0.000335693359375","0.000335693359375","0.000335693359375"
"6685","0.69140625","0.69140625","0.69140625"
"6686","0.69140625","0.69140625","0.69140625"
"6687","0.69140625","0.69140625","0.69140625"
"6688","1.126900315284729e-7","1.126900315284729e-7","1.126900315284729e-7"
"6690","1.2656542480726785e-14","1.2656542480726785e-14","1.2656542480726785e-14"
"6691","8","8","8"
"6692","8","8","8"
"6693","0.69140625","0.69140625","0.69140625"
"6694","1.126900315284729e-7","1.126900315284729e-7","1.126900315284729e-7"
"6695","0.69140625","0.69140625","0.69140625"
"6696","0.000335693359375","0.000335693359375","0.000335693359375"
"6697","0.69140625","0.69140625","0.69140625"
"6698","1.126900315284729e-7","1.126900315284729e-7","1.126900315284729e-7"
"6699","0.69140625","0.69140625","0.69140625"
"6700","16","16","16"
"6701","1.126900315284729e-7","1.126900315284729e-7","1.126900315284729e-7"
"6702","0.000335693359375","0.000335693359375","0.000335693359375"
"6703","0.69140625","0.69140625","0.69140625"
"6704","0.69140625","0.69140625","0.69140625"
"6705","8","8","8"
"6706","16","16","16"
"6707","0.69140625","0.69140625","0.69140625"
"6708","0.69140625","0.69140625","0.69140625"
"6709","0.69140625","0.69140625","0.69140625"
"6710","0.69140625","0.69140625","0.69140625"
"6711","32","32","32"
"6713","3.774403012357652e-11","3.774403012357652e-11","3.774403012357652e-11"
"6714","0.000335693359375","0.000335693359375","0.000335693359375"
"6715","0.69140625","0.69140625","0.69140625"
"6716","0.69140625","0.69140625","0.69140625"
"6717","16","16","16"
"6718","0.000335693359375","0.000335693359375","0.000335693359375"
"6719","0.69140625","0.69140625","0.69140625"
"6721","0.000335693359375","0.000335693359375","0.000335693359375"
"6722","0.69140625","0.69140625","0.69140625"
"6723","0.69140625","0.69140625","0.69140625"
"6725","8","8","8"
"6726","1.126900315284729e-7","1.126900315284729e-7","1.126900315284729e-7"
"6727","4.03125","4.03125","4.03125"
"6728","0.000335693359375","0.000335693359375","0.000335693359375"
"6729","0.69140625","0.69140625","0.69140625"
"6730","0.69140625","0.69140625","0.69140625"
"6731","0.69140625","0.69140625","0.69140625"
"6732","32","32","32"
"6733","0.000335693359375","0.000335693359375","0.000335693359375"
"6734","0.69140625","0.69140625","0.69140625"
"6735","16","16","16"
"6736","1.126900315284729e-7","1.126900315284729e-7","1.126900315284729e-7"
"6737","0.000335693359375","0.000335693359375","0.000335693359375"
"6738","0.000335693359375","0.000335693359375","0.000335693359375"
"6739","8","8","8"
"6740","0.000335693359375","0.000335693359375","0.000335693359375"
"6741","0.0181884765625","0.0181884765625","0.0181884765625"
"6742","0.000335693359375","0.000335693359375","0.000335693359375"
"6743","0.69140625","0.69140625","0.69140625"
"6744","0.69140625","0.69140625","0.69140625"
"6745","0.000335693359375","0.000335693359375","0.000335693359375"
"6746","0.0181884765625","0.0181884765625","0.0181884765625"
"6747","0.69140625","0.69140625","0.69140625"
"6748","0.0181884765625","0.0181884765625","0.0181884765625"
"6749","1.126900315284729e-7","1.126900315284729e-7","1.126900315284729e-7"
"6751","8.307397365570068e-7","8.307397365570068e-7","8.307397365570068e-7"
"6752","0.000335693359375","0.000335693359375","0.000335693359375"
"6753","2.125","2.125","2.125"
"6754","16","16","16"
"6756","3.774403012357652e-11","3.774403012357652e-11","3.774403012357652e-11"
"6757","0.69140625","0.69140625","0.69140625"
"6758","24","24","24"
"6759","1.126900315284729e-7","1.126900315284729e-7","1.126900315284729e-7"
"6760","0.000335693359375","0.000335693359375","0.000335693359375"
"6761","0.69140625","0.69140625","0.69140625"
"6762","0.126953125","0.126953125","0.126953125"
"6763","0.69140625","0.69140625","0.69140625"
"6765","0.69140625","0.69140625","0.69140625"
"6766","1.126900315284729e-7","1.126900315284729e-7","1.126900315284729e-7"
"6767","1.2656542480726785e-14","1.2656542480726785e-14","1.2656542480726785e-14"
"6768","1.601387637598654e-28","1.601387637598654e-28","1.601387637598654e-28"
"6769","0.000335693359375","0.000335693359375","0.000335693359375"
"6770","0.69140625","0.69140625","0.69140625"
"6771","16","16","16"
"6772","0.000335693359375","0.000335693359375","0.000335693359375"
"6773","0.126953125","0.126953125","0.126953125"
"6774","0.69140625","0.69140625","0.69140625"
"6775","0.69140625","0.69140625","0.69140625"
"6776","0.0181884765625","0.0181884765625","0.0181884765625"
"6777","0.000335693359375","0.000335693359375","0.000335693359375"
"6778","0.69140625","0.69140625","0.69140625"
"6779","0.69140625","0.69140625","0.69140625"
"6780","0.69140625","0.69140625","0.69140625"
"6781","16","16","16"
"6782","0.69140625","0.69140625","0.69140625"
"6783","0.69140625","0.69140625","0.69140625"
"6784","1.126900315284729e-7","1.126900315284729e-7","1.126900315284729e-7"
"6785","0.69140625","0.69140625","0.69140625"
"6786","0.69140625","0.69140625","0.69140625"
"6787","0.69140625","0.69140625","0.69140625"
"6788","1.126900315284729e-7","1.126900315284729e-7","1.126900315284729e-7"
"6789","0.0181884765625","0.0181884765625","0.0181884765625"
"6790","0.69140625","0.69140625","0.69140625"
"6791","16","16","16"
"6792","1.126900315284729e-7","1.126900315284729e-7","1.126900315284729e-7"
"6794","8","8","8"
"6795","0.69140625","0.69140625","0.69140625"
"6796","0.000335693359375","0.000335693359375","0.000335693359375"
"6797","0.0181884765625","0.0181884765625","0.0181884765625"
"6798","0.69140625","0.69140625","0.69140625"
"6800","0.69140625","0.69140625","0.69140625"
"6801","0.0181884765625","0.0181884765625","0.0181884765625"
"6802","1.126900315284729e-7","1.126900315284729e-7","1.126900315284729e-7"
"6803","0.000006139278411865234","0.000006139278411865234","0.000006139278411865234"
"6804","0.69140625","0.69140625","0.69140625"
"6805","0.69140625","0.69140625","0.69140625"
"6806","0.69140625","0.69140625","0.69140625"
"6807","0.69140625","0.69140625","0.69140625"
"6808","24","24","24"
"6809","4.03125","4.03125","4.03125"
"6810","0.000335693359375","0.000335693359375","0.000335693359375"
"6811","0.000335693359375","0.000335693359375","0.000335693359375"
"6812","0.69140625","0.69140625","0.69140625"
"6813","8","8","8"
"6815","0.69140625","0.69140625","0.69140625"
"6816","1.126900315284729e-7","1.126900315284729e-7","1.126900315284729e-7"
"6817","0.69140625","0.69140625","0.69140625"
"6818","8","8","8"
"6819","0.69140625","0.69140625","0.69140625"
"6820","16","16","16"
"6821","0.69140625","0.69140625","0.69140625"
"6822","1.126900315284729e-7","1.126900315284729e-7","1.126900315284729e-7"
"6823","0.69140625","0.69140625","0.69140625"
"6824","0.69140625","0.69140625","0.69140625"
"6825","8","8","8"
"6826","0.69140625","0.69140625","0.69140625"
"6827","0.69140625","0.69140625","0.69140625"
"6828","8","8","8"
"6829","1.126900315284729e-7","1.126900315284729e-7","1.126900315284729e-7"
"6830","0.69140625","0.69140625","0.69140625"
"6831","0.000335693359375","0.000335693359375","0.000335693359375"
"6832","0.000006139278411865234","0.000006139278411865234","0.000006139278411865234"
"6833","4.03125","4.03125","4.03125"
"6834","0.69140625","0.69140625","0.69140625"
"6835","0.69140625","0.69140625","0.69140625"
"6836","0.0181884765625","0.0181884765625","0.0181884765625"
"6837","0.000335693359375","0.000335693359375","0.000335693359375"
"6838","0.000335693359375","0.000335693359375","0.000335693359375"
"6839","0.69140625","0.69140625","0.69140625"
"6840","0.69140625","0.69140625","0.69140625"
"6841","0.69140625","0.69140625","0.69140625"
"6842","32","32","32"
"6843","8","8","8"
"6844","0.000335693359375","0.000335693359375","0.000335693359375"
"6845","0.69140625","0.69140625","0.69140625"
"6846","0.000335693359375","0.000335693359375","0.000335693359375"
"6847","0.69140625","0.69140625","0.69140625"
"6848","0.000335693359375","0.000335693359375","0.000335693359375"
"6849","0.69140625","0.69140625","0.69140625"
"6850","0.000335693359375","0.000335693359375","0.000335693359375"
"6852","0.69140625","0.69140625","0.69140625"
"6853","0.69140625","0.69140625","0.69140625"
"6854","0.69140625","0.69140625","0.69140625"
"6855","1.126900315284729e-7","1.126900315284729e-7","1.126900315284729e-7"
"6857","8","8","8"
"6858","0.69140625","0.69140625","0.69140625"
"6860","0.69140625","0.69140625","0.69140625"
"6861","0.000335693359375","0.000335693359375","0.000335693359375"
"6862","4.03125","4.03125","4.03125"
"6864","0.69140625","0.69140625","0.69140625"
"6865","0.69140625","0.69140625","0.69140625"
"6866","0.69140625","0.69140625","0.69140625"
"6867","8","8","8"
"6868","16","16","16"
"6869","0.69140625","0.69140625","0.69140625"
"6870","0.000045299530029296875","0.000045299530029296875","0.000045299530029296875"
"6872","4.03125","4.03125","4.03125"
"6873","0.000335693359375","0.000335693359375","0.000335693359375"
"6874","0.69140625","0.69140625","0.69140625"
"6875","1.126900315284729e-7","1.126900315284729e-7","1.126900315284729e-7"
"6876","0.126953125","0.126953125","0.126953125"
"6877","2.066371962428093e-9","2.066371962428093e-9","2.066371962428093e-9"
"6878","0.69140625","0.69140625","0.69140625"
"6879","0.69140625","0.69140625","0.69140625"
"6880","0.69140625","0.69140625","0.69140625"
"6881","1.2656542480726785e-14","1.2656542480726785e-14","1.2656542480726785e-14"
"6882","16","16","16"
"6883","4.03125","4.03125","4.03125"
"6884","0.69140625","0.69140625","0.69140625"
"6885","0.69140625","0.69140625","0.69140625"
"6886","0.69140625","0.69140625","0.69140625"
"6887","0.69140625","0.69140625","0.69140625"
"6888","0.000335693359375","0.000335693359375","0.000335693359375"
"6890","1.126900315284729e-7","1.126900315284729e-7","1.126900315284729e-7"
"6891","0.69140625","0.69140625","0.69140625"
"6892","0.0181884765625","0.0181884765625","0.0181884765625"
"6893","0.000335693359375","0.000335693359375","0.000335693359375"
"6894","1.126900315284729e-7","1.126900315284729e-7","1.126900315284729e-7"
"6895","1.126900315284729e-7","1.126900315284729e-7","1.126900315284729e-7"
"6896","0.000335693359375","0.000335693359375","0.000335693359375"
"6897","0.69140625","0.69140625","0.69140625"
"6898","0.0181884765625","0.0181884765625","0.0181884765625"
"6899","0.69140625","0.69140625","0.69140625"
"6900","0.69140625","0.69140625","0.69140625"
"6901","0.69140625","0.69140625","0.69140625"
"6902","0.69140625","0.69140625","0.69140625"
"6903","0.0181884765625","0.0181884765625","0.0181884765625"
"6904","0.69140625","0.69140625","0.69140625"
"6905","1.126900315284729e-7","1.126900315284729e-7","1.126900315284729e-7"
"6906","0.000335693359375","0.000335693359375","0.000335693359375"
"6907","0.69140625","0.69140625","0.69140625"
"6908","8","8","8"
"6910","0.69140625","0.69140625","0.69140625"
"6911","0.000006139278411865234","0.000006139278411865234","0.000006139278411865234"
"6912","0.69140625","0.69140625","0.69140625"
"6914","0.0181884765625","0.0181884765625","0.0181884765625"
"6915","0.69140625","0.69140625","0.69140625"
"6916","0.69140625","0.69140625","0.69140625"
"6917","0.69140625","0.69140625","0.69140625"
"6918","0.69140625","0.69140625","0.69140625"
"6919","0.0181884765625","0.0181884765625","0.0181884765625"
"6920","4.03125","4.03125","4.03125"
"6921","0.000335693359375","0.000335693359375","0.000335693359375"
"6922","0.69140625","0.69140625","0.69140625"
"6923","3.774403012357652e-11","3.774403012357652e-11","3.774403012357652e-11"
"6924","0.69140625","0.69140625","0.69140625"
"6925","0.69140625","0.69140625","0.69140625"
"6926","1.126900315284729e-7","1.126900315284729e-7","1.126900315284729e-7"
"6927","0.69140625","0.69140625","0.69140625"
"6928","4.03125","4.03125","4.03125"
"6929","0.000335693359375","0.000335693359375","0.000335693359375"
"6930","8","8","8"
"6931","0.69140625","0.69140625","0.69140625"
"6932","0.69140625","0.69140625","0.69140625"
"6933","0.69140625","0.69140625","0.69140625"
"6934","1.126900315284729e-7","1.126900315284729e-7","1.126900315284729e-7"
"6935","8","8","8"
"6936","0.69140625","0.69140625","0.69140625"
"6937","0.000335693359375","0.000335693359375","0.000335693359375"
"6939","1.126900315284729e-7","1.126900315284729e-7","1.126900315284729e-7"
"6940","0.69140625","0.69140625","0.69140625"
"6941","1.126900315284729e-7","1.126900315284729e-7","1.126900315284729e-7"
"6942","8","8","8"
"6943","16","16","16"
"6944","0.000335693359375","0.000335693359375","0.000335693359375"
"6945","0.000335693359375","0.000335693359375","0.000335693359375"
"6946","4.03125","4.03125","4.03125"
"6947","0.69140625","0.69140625","0.69140625"
"6948","6.927791673660977e-13","6.927791673660977e-13","6.927791673660977e-13"
"6950","0.000335693359375","0.000335693359375","0.000335693359375"
"6951","0.0181884765625","0.0181884765625","0.0181884765625"
"6952","0.69140625","0.69140625","0.69140625"
"6953","16","16","16"
"6954","0.000335693359375","0.000335693359375","0.000335693359375"
"6955","1.126900315284729e-7","1.126900315284729e-7","1.126900315284729e-7"
"6956","0.002471923828125","0.002471923828125","0.002471923828125"
"6957","0.69140625","0.69140625","0.69140625"
"6958","0.000335693359375","0.000335693359375","0.000335693359375"
"6960","0.69140625","0.69140625","0.69140625"
"6961","0.0181884765625","0.0181884765625","0.0181884765625"
"6962","0.000335693359375","0.000335693359375","0.000335693359375"
"6963","0.69140625","0.69140625","0.69140625"
"6964","0.000335693359375","0.000335693359375","0.000335693359375"
"6965","0.69140625","0.69140625","0.69140625"
"6966","1.126900315284729e-7","1.126900315284729e-7","1.126900315284729e-7"
"6967","8","8","8"
"6968","0.000335693359375","0.000335693359375","0.000335693359375"
"6970","8","8","8"
"6971","8","8","8"
"6972","8","8","8"
"6973","0.69140625","0.69140625","0.69140625"
"6974","8","8","8"
"6975","0.69140625","0.69140625","0.69140625"
"6976","0.69140625","0.69140625","0.69140625"
"6978","8","8","8"
"6979","0.000335693359375","0.000335693359375","0.000335693359375"
"6980","0.69140625","0.69140625","0.69140625"
"6981","16","16","16"
"6982","0.0181884765625","0.0181884765625","0.0181884765625"
"6983","8","8","8"
"6984","32","32","32"
"6985","0.69140625","0.69140625","0.69140625"
"6986","8","8","8"
"6987","1.2656542480726785e-14","1.2656542480726785e-14","1.2656542480726785e-14"
"6988","1.2656542480726785e-14","1.2656542480726785e-14","1.2656542480726785e-14"
"6989","0.000335693359375","0.000335693359375","0.000335693359375"
"6990","1.126900315284729e-7","1.126900315284729e-7","1.126900315284729e-7"
"6992","8","8","8"
"6993","0.69140625","0.69140625","0.69140625"
"6994","0.69140625","0.69140625","0.69140625"
"6995","8.307397365570068e-7","8.307397365570068e-7","8.307397365570068e-7"
"6996","0.69140625","0.69140625","0.69140625"
"6997","0.69140625","0.69140625","0.69140625"
"6998","0.0181884765625","0.0181884765625","0.0181884765625"
"6999","1.126900315284729e-7","1.126900315284729e-7","1.126900315284729e-7"
"7000","8","8","8"
"7001","0.69140625","0.69140625","0.69140625"
"7002","8","8","8"
"7003","0.000335693359375","0.000335693359375","0.000335693359375"
"7004","1.126900315284729e-7","1.126900315284729e-7","1.126900315284729e-7"
"7005","0.69140625","0.69140625","0.69140625"
"7006","0.002471923828125","0.002471923828125","0.002471923828125"
"7007","4.03125","4.03125","4.03125"
"7008","0.000335693359375","0.000335693359375","0.000335693359375"
"7009","0.000335693359375","0.000335693359375","0.000335693359375"
"7010","1.126900315284729e-7","1.126900315284729e-7","1.126900315284729e-7"
"7011","0.69140625","0.69140625","0.69140625"
"7012","16","16","16"
"7013","1.126900315284729e-7","1.126900315284729e-7","1.126900315284729e-7"
"7014","1.126900315284729e-7","1.126900315284729e-7","1.126900315284729e-7"
"7015","0.0181884765625","0.0181884765625","0.0181884765625"
"7016","1.126900315284729e-7","1.126900315284729e-7","1.126900315284729e-7"
"7017","0.000335693359375","0.000335693359375","0.000335693359375"
"7018","0.69140625","0.69140625","0.69140625"
"7019","16","16","16"
"7020","1.126900315284729e-7","1.126900315284729e-7","1.126900315284729e-7"
"7021","4.03125","4.03125","4.03125"
"7022","1.126900315284729e-7","1.126900315284729e-7","1.126900315284729e-7"
"7023","0.0181884765625","0.0181884765625","0.0181884765625"
"7024","8","8","8"
"7025","0.000335693359375","0.000335693359375","0.000335693359375"
"7026","0.69140625","0.69140625","0.69140625"
"7027","0.0181884765625","0.0181884765625","0.0181884765625"
"7028","0.000335693359375","0.000335693359375","0.000335693359375"
"7029","0.69140625","0.69140625","0.69140625"
"7030","0.0181884765625","0.0181884765625","0.0181884765625"
"7031","0.000335693359375","0.000335693359375","0.000335693359375"
"7032","4.03125","4.03125","4.03125"
"7033","0.000335693359375","0.000335693359375","0.000335693359375"
"7034","0.000335693359375","0.000335693359375","0.000335693359375"
"7035","0.69140625","0.69140625","0.69140625"
"7036","0.000335693359375","0.000335693359375","0.000335693359375"
"7037","8","8","8"
"7038","0.000335693359375","0.000335693359375","0.000335693359375"
"7039","1.126900315284729e-7","1.126900315284729e-7","1.126900315284729e-7"
"7040","0.69140625","0.69140625","0.69140625"
"7041","8","8","8"
"7042","0.69140625","0.69140625","0.69140625"
"7043","4.03125","4.03125","4.03125"
"7044","1.126900315284729e-7","1.126900315284729e-7","1.126900315284729e-7"
"7045","0.0181884765625","0.0181884765625","0.0181884765625"
"7046","0.69140625","0.69140625","0.69140625"
"7047","1.126900315284729e-7","1.126900315284729e-7","1.126900315284729e-7"
"7048","0.69140625","0.69140625","0.69140625"
"7049","0.69140625","0.69140625","0.69140625"
"7050","0.69140625","0.69140625","0.69140625"
"7051","0.69140625","0.69140625","0.69140625"
"7052","0.000335693359375","0.000335693359375","0.000335693359375"
"7053","0.69140625","0.69140625","0.69140625"
"7054","0.000335693359375","0.000335693359375","0.000335693359375"
"7055","0.69140625","0.69140625","0.69140625"
"7056","0.000335693359375","0.000335693359375","0.000335693359375"
"7057","0.69140625","0.69140625","0.69140625"
"7058","0.69140625","0.69140625","0.69140625"
"7059","0.69140625","0.69140625","0.69140625"
"7060","0.69140625","0.69140625","0.69140625"
"7061","0.69140625","0.69140625","0.69140625"
"7062","0.69140625","0.69140625","0.69140625"
"7063","0.69140625","0.69140625","0.69140625"
"7064","0.69140625","0.69140625","0.69140625"
"7065","0.69140625","0.69140625","0.69140625"
"7066","0.69140625","0.69140625","0.69140625"
"7067","0.69140625","0.69140625","0.69140625"
"7069","0.000335693359375","0.000335693359375","0.000335693359375"
"7070","1.126900315284729e-7","1.126900315284729e-7","1.126900315284729e-7"
"7071","4.03125","4.03125","4.03125"
"7072","1.126900315284729e-7","1.126900315284729e-7","1.126900315284729e-7"
"7073","0.69140625","0.69140625","0.69140625"
"7074","0.69140625","0.69140625","0.69140625"
"7075","0.000335693359375","0.000335693359375","0.000335693359375"
"7076","1.126900315284729e-7","1.126900315284729e-7","1.126900315284729e-7"
"7077","1.126900315284729e-7","1.126900315284729e-7","1.126900315284729e-7"
"7078","8","8","8"
"7079","0.69140625","0.69140625","0.69140625"
"7081","0.69140625","0.69140625","0.69140625"
"7082","1.126900315284729e-7","1.126900315284729e-7","1.126900315284729e-7"
"7083","4.03125","4.03125","4.03125"
"7085","0.69140625","0.69140625","0.69140625"
"7087","8","8","8"
"7088","0.69140625","0.69140625","0.69140625"
"7089","0.69140625","0.69140625","0.69140625"
"7090","1.126900315284729e-7","1.126900315284729e-7","1.126900315284729e-7"
"7091","0.69140625","0.69140625","0.69140625"
"7092","0.0181884765625","0.0181884765625","0.0181884765625"
"7093","0.000335693359375","0.000335693359375","0.000335693359375"
"7094","0.000335693359375","0.000335693359375","0.000335693359375"
"7095","1.126900315284729e-7","1.126900315284729e-7","1.126900315284729e-7"
"7096","0.000335693359375","0.000335693359375","0.000335693359375"
"7097","0.69140625","0.69140625","0.69140625"
"7098","0.69140625","0.69140625","0.69140625"
"7099","1.126900315284729e-7","1.126900315284729e-7","1.126900315284729e-7"
"7100","0.69140625","0.69140625","0.69140625"
"7101","0.69140625","0.69140625","0.69140625"
"7102","0.69140625","0.69140625","0.69140625"
"7104","8","8","8"
"7105","0.69140625","0.69140625","0.69140625"
"7106","0.69140625","0.69140625","0.69140625"
"7108","9.370282327836321e-14","9.370282327836321e-14","9.370282327836321e-14"
"7109","0.000006139278411865234","0.000006139278411865234","0.000006139278411865234"
"7110","0.69140625","0.69140625","0.69140625"
"7111","0.0181884765625","0.0181884765625","0.0181884765625"
"7112","0.69140625","0.69140625","0.69140625"
"7113","9.370282327836321e-14","9.370282327836321e-14","9.370282327836321e-14"
"7114","0.69140625","0.69140625","0.69140625"
"7115","16","16","16"
"7116","0.000335693359375","0.000335693359375","0.000335693359375"
"7117","0.69140625","0.69140625","0.69140625"
"7118","1.2656542480726785e-14","1.2656542480726785e-14","1.2656542480726785e-14"
"7119","0.69140625","0.69140625","0.69140625"
"7120","1.2656542480726785e-14","1.2656542480726785e-14","1.2656542480726785e-14"
"7121","0.000335693359375","0.000335693359375","0.000335693359375"
"7122","1.126900315284729e-7","1.126900315284729e-7","1.126900315284729e-7"
"7123","0.000006139278411865234","0.000006139278411865234","0.000006139278411865234"
"7124","16","16","16"
"7125","0.69140625","0.69140625","0.69140625"
"7126","4.03125","4.03125","4.03125"
"7127","1.126900315284729e-7","1.126900315284729e-7","1.126900315284729e-7"
"7128","0.000335693359375","0.000335693359375","0.000335693359375"
"7129","8","8","8"
"7130","0.0181884765625","0.0181884765625","0.0181884765625"
"7131","0.69140625","0.69140625","0.69140625"
"7132","8","8","8"
"7133","1.126900315284729e-7","1.126900315284729e-7","1.126900315284729e-7"
"7135","1.126900315284729e-7","1.126900315284729e-7","1.126900315284729e-7"
"7136","0.69140625","0.69140625","0.69140625"
"7137","4.03125","4.03125","4.03125"
"7139","0.69140625","0.69140625","0.69140625"
"7140","8","8","8"
"7142","8","8","8"
"7143","0.69140625","0.69140625","0.69140625"
"7144","8","8","8"
"7145","0.000335693359375","0.000335693359375","0.000335693359375"
"7146","0.000335693359375","0.000335693359375","0.000335693359375"
"7147","0.69140625","0.69140625","0.69140625"
"7148","1.2656542480726785e-14","1.2656542480726785e-14","1.2656542480726785e-14"
"7149","0.000335693359375","0.000335693359375","0.000335693359375"
"7150","32","32","32"
"7151","0.69140625","0.69140625","0.69140625"
"7152","0.69140625","0.69140625","0.69140625"
"7153","0.69140625","0.69140625","0.69140625"
"7154","0.0181884765625","0.0181884765625","0.0181884765625"
"7155","0.000335693359375","0.000335693359375","0.000335693359375"
"7156","1.126900315284729e-7","1.126900315284729e-7","1.126900315284729e-7"
"7157","0.000335693359375","0.000335693359375","0.000335693359375"
"7158","0.000335693359375","0.000335693359375","0.000335693359375"
"7159","16","16","16"
"7160","4.03125","4.03125","4.03125"
"7161","8","8","8"
"7162","0.000335693359375","0.000335693359375","0.000335693359375"
"7163","16","16","16"
"7164","8","8","8"
"7165","0.69140625","0.69140625","0.69140625"
"7166","0.69140625","0.69140625","0.69140625"
"7167","0.69140625","0.69140625","0.69140625"
"7168","0.000335693359375","0.000335693359375","0.000335693359375"
"7169","0.0181884765625","0.0181884765625","0.0181884765625"
"7170","1.126900315284729e-7","1.126900315284729e-7","1.126900315284729e-7"
"7171","1.126900315284729e-7","1.126900315284729e-7","1.126900315284729e-7"
"7172","0.69140625","0.69140625","0.69140625"
"7173","12","12","12"
"7174","0.69140625","0.69140625","0.69140625"
"7175","0.69140625","0.69140625","0.69140625"
"7176","0.000335693359375","0.000335693359375","0.000335693359375"
"7177","0.000335693359375","0.000335693359375","0.000335693359375"
"7178","0.69140625","0.69140625","0.69140625"
"7179","0.69140625","0.69140625","0.69140625"
"7180","0.000335693359375","0.000335693359375","0.000335693359375"
"7181","0.69140625","0.69140625","0.69140625"
"7182","1.126900315284729e-7","1.126900315284729e-7","1.126900315284729e-7"
"7183","0.69140625","0.69140625","0.69140625"
"7184","0.69140625","0.69140625","0.69140625"
"7185","0.69140625","0.69140625","0.69140625"
"7186","0.69140625","0.69140625","0.69140625"
"7187","0.000335693359375","0.000335693359375","0.000335693359375"
"7188","1.2656542480726785e-14","1.2656542480726785e-14","1.2656542480726785e-14"
"7190","8","8","8"
"7191","0.69140625","0.69140625","0.69140625"
"7192","0.000335693359375","0.000335693359375","0.000335693359375"
"7193","0.69140625","0.69140625","0.69140625"
"7194","0.000335693359375","0.000335693359375","0.000335693359375"
"7195","0.69140625","0.69140625","0.69140625"
"7196","8","8","8"
"7198","1.126900315284729e-7","1.126900315284729e-7","1.126900315284729e-7"
"7199","0.69140625","0.69140625","0.69140625"
"7200","0.69140625","0.69140625","0.69140625"
"7201","4.03125","4.03125","4.03125"
"7202","0.69140625","0.69140625","0.69140625"
"7203","0.000335693359375","0.000335693359375","0.000335693359375"
"7204","0.69140625","0.69140625","0.69140625"
"7205","0.69140625","0.69140625","0.69140625"
"7206","0.126953125","0.126953125","0.126953125"
"7207","0.69140625","0.69140625","0.69140625"
"7208","0.69140625","0.69140625","0.69140625"
"7209","0.69140625","0.69140625","0.69140625"
"7210","0.000335693359375","0.000335693359375","0.000335693359375"
"7211","0.69140625","0.69140625","0.69140625"
"7212","0.69140625","0.69140625","0.69140625"
"7213","0.000335693359375","0.000335693359375","0.000335693359375"
"7214","0.69140625","0.69140625","0.69140625"
"7215","0.69140625","0.69140625","0.69140625"
"7216","4.03125","4.03125","4.03125"
"7217","8","8","8"
"7218","1.126900315284729e-7","1.126900315284729e-7","1.126900315284729e-7"
"7219","0.126953125","0.126953125","0.126953125"
"7220","0.000335693359375","0.000335693359375","0.000335693359375"
"7221","1.2656542480726785e-14","1.2656542480726785e-14","1.2656542480726785e-14"
"7222","4.03125","4.03125","4.03125"
"7223","0.69140625","0.69140625","0.69140625"
"7224","0.69140625","0.69140625","0.69140625"
"7225","0.69140625","0.69140625","0.69140625"
"7226","0.69140625","0.69140625","0.69140625"
"7227","0.69140625","0.69140625","0.69140625"
"7228","0.69140625","0.69140625","0.69140625"
"7229","0.69140625","0.69140625","0.69140625"
"7231","0.69140625","0.69140625","0.69140625"
"7232","0.69140625","0.69140625","0.69140625"
"7233","8","8","8"
"7234","8","8","8"
"7235","0.69140625","0.69140625","0.69140625"
"7236","0.69140625","0.69140625","0.69140625"
"7237","0.000335693359375","0.000335693359375","0.000335693359375"
"7238","8","8","8"
"7239","0.69140625","0.69140625","0.69140625"
"7240","0.0181884765625","0.0181884765625","0.0181884765625"
"7241","0.69140625","0.69140625","0.69140625"
"7242","0.69140625","0.69140625","0.69140625"
"7243","1.126900315284729e-7","1.126900315284729e-7","1.126900315284729e-7"
"7244","0.69140625","0.69140625","0.69140625"
"7245","16","16","16"
"7246","0.0181884765625","0.0181884765625","0.0181884765625"
"7247","0.000006139278411865234","0.000006139278411865234","0.000006139278411865234"
"7248","8","8","8"
"7249","1.126900315284729e-7","1.126900315284729e-7","1.126900315284729e-7"
"7250","0.0181884765625","0.0181884765625","0.0181884765625"
"7251","0.000335693359375","0.000335693359375","0.000335693359375"
"7252","0.69140625","0.69140625","0.69140625"
"7253","0.000335693359375","0.000335693359375","0.000335693359375"
"7254","8","8","8"
"7255","0.69140625","0.69140625","0.69140625"
"7256","8","8","8"
"7257","0.000335693359375","0.000335693359375","0.000335693359375"
"7259","4.03125","4.03125","4.03125"
"7260","0.0181884765625","0.0181884765625","0.0181884765625"
"7261","0.000335693359375","0.000335693359375","0.000335693359375"
"7262","8","8","8"
"7263","0.0181884765625","0.0181884765625","0.0181884765625"
"7264","0.69140625","0.69140625","0.69140625"
"7265","0.69140625","0.69140625","0.69140625"
"7266","0.69140625","0.69140625","0.69140625"
"7267","8","8","8"
"7268","0.000335693359375","0.000335693359375","0.000335693359375"
"7269","0.69140625","0.69140625","0.69140625"
"7270","0.69140625","0.69140625","0.69140625"
"7271","0.000335693359375","0.000335693359375","0.000335693359375"
"7272","0.69140625","0.69140625","0.69140625"
"7273","0.69140625","0.69140625","0.69140625"
"7274","16","16","16"
"7275","0.69140625","0.69140625","0.69140625"
"7277","0.000335693359375","0.000335693359375","0.000335693359375"
"7278","0.000335693359375","0.000335693359375","0.000335693359375"
"7279","0.69140625","0.69140625","0.69140625"
"7280","16","16","16"
"7281","0.000335693359375","0.000335693359375","0.000335693359375"
"7282","0.69140625","0.69140625","0.69140625"
"7283","1.126900315284729e-7","1.126900315284729e-7","1.126900315284729e-7"
"7284","0.000335693359375","0.000335693359375","0.000335693359375"
"7285","0.126953125","0.126953125","0.126953125"
"7286","1.126900315284729e-7","1.126900315284729e-7","1.126900315284729e-7"
"7287","0.000335693359375","0.000335693359375","0.000335693359375"
"7288","0.69140625","0.69140625","0.69140625"
"7289","0.69140625","0.69140625","0.69140625"
"7290","0.69140625","0.69140625","0.69140625"
"7291","0.69140625","0.69140625","0.69140625"
"7292","1.126900315284729e-7","1.126900315284729e-7","1.126900315284729e-7"
"7293","16","16","16"
"7294","0.69140625","0.69140625","0.69140625"
"7295","0.69140625","0.69140625","0.69140625"
"7296","0.69140625","0.69140625","0.69140625"
"7297","1.126900315284729e-7","1.126900315284729e-7","1.126900315284729e-7"
"7298","0.69140625","0.69140625","0.69140625"
"7299","0.69140625","0.69140625","0.69140625"
"7300","8","8","8"
"7301","1.126900315284729e-7","1.126900315284729e-7","1.126900315284729e-7"
"7302","1.126900315284729e-7","1.126900315284729e-7","1.126900315284729e-7"
"7303","4.03125","4.03125","4.03125"
"7304","0.000335693359375","0.000335693359375","0.000335693359375"
"7305","0.000335693359375","0.000335693359375","0.000335693359375"
"7306","0.69140625","0.69140625","0.69140625"
"7307","0.69140625","0.69140625","0.69140625"
"7308","1.126900315284729e-7","1.126900315284729e-7","1.126900315284729e-7"
"7309","16","16","16"
"7310","1.126900315284729e-7","1.126900315284729e-7","1.126900315284729e-7"
"7311","0.000335693359375","0.000335693359375","0.000335693359375"
"7312","8","8","8"
"7313","1.126900315284729e-7","1.126900315284729e-7","1.126900315284729e-7"
"7314","0.000335693359375","0.000335693359375","0.000335693359375"
"7315","0.000335693359375","0.000335693359375","0.000335693359375"
"7316","0.000335693359375","0.000335693359375","0.000335693359375"
"7317","16","16","16"
"7318","0.000335693359375","0.000335693359375","0.000335693359375"
"7320","0.69140625","0.69140625","0.69140625"
"7321","6.927791673660977e-13","6.927791673660977e-13","6.927791673660977e-13"
"7322","1.126900315284729e-7","1.126900315284729e-7","1.126900315284729e-7"
"7323","0.000335693359375","0.000335693359375","0.000335693359375"
"7324","0.000335693359375","0.000335693359375","0.000335693359375"
"7325","0.69140625","0.69140625","0.69140625"
"7326","8","8","8"
"7327","8","8","8"
"7328","0.69140625","0.69140625","0.69140625"
"7329","0.000335693359375","0.000335693359375","0.000335693359375"
"7330","0.69140625","0.69140625","0.69140625"
"7331","0.000335693359375","0.000335693359375","0.000335693359375"
"7332","0.126953125","0.126953125","0.126953125"
"7333","0.000335693359375","0.000335693359375","0.000335693359375"
"7334","0.000335693359375","0.000335693359375","0.000335693359375"
"7336","2.125","2.125","2.125"
"7337","8","8","8"
"7338","0.000335693359375","0.000335693359375","0.000335693359375"
"7339","0.000335693359375","0.000335693359375","0.000335693359375"
"7340","0.69140625","0.69140625","0.69140625"
"7341","0.000335693359375","0.000335693359375","0.000335693359375"
"7342","0.69140625","0.69140625","0.69140625"
"7343","0.000335693359375","0.000335693359375","0.000335693359375"
"7344","0.69140625","0.69140625","0.69140625"
"7345","4.03125","4.03125","4.03125"
"7346","1.126900315284729e-7","1.126900315284729e-7","1.126900315284729e-7"
"7347","1.126900315284729e-7","1.126900315284729e-7","1.126900315284729e-7"
"7348","0.69140625","0.69140625","0.69140625"
"7349","8","8","8"
"7350","0.000335693359375","0.000335693359375","0.000335693359375"
"7351","8","8","8"
"7352","0.69140625","0.69140625","0.69140625"
"7353","1.126900315284729e-7","1.126900315284729e-7","1.126900315284729e-7"
"7354","0.000335693359375","0.000335693359375","0.000335693359375"
"7355","0.000335693359375","0.000335693359375","0.000335693359375"
"7357","8","8","8"
"7358","0.000335693359375","0.000335693359375","0.000335693359375"
"7359","16","16","16"
"7360","0.0181884765625","0.0181884765625","0.0181884765625"
"7361","16","16","16"
"7362","8","8","8"
"7363","0.000335693359375","0.000335693359375","0.000335693359375"
"7364","16","16","16"
"7365","8","8","8"
"7366","0.69140625","0.69140625","0.69140625"
"7367","0.69140625","0.69140625","0.69140625"
"7368","0.69140625","0.69140625","0.69140625"
"7369","0.69140625","0.69140625","0.69140625"
"7370","0.69140625","0.69140625","0.69140625"
"7371","1.126900315284729e-7","1.126900315284729e-7","1.126900315284729e-7"
"7372","8","8","8"
"7373","0.000335693359375","0.000335693359375","0.000335693359375"
"7374","4.03125","4.03125","4.03125"
"7375","1.2656542480726785e-14","1.2656542480726785e-14","1.2656542480726785e-14"
"7376","0.000335693359375","0.000335693359375","0.000335693359375"
"7377","0.69140625","0.69140625","0.69140625"
"7378","1.126900315284729e-7","1.126900315284729e-7","1.126900315284729e-7"
"7379","0.69140625","0.69140625","0.69140625"
"7380","0.69140625","0.69140625","0.69140625"
"7381","0.000335693359375","0.000335693359375","0.000335693359375"
"7383","0.69140625","0.69140625","0.69140625"
"7384","16","16","16"
"7386","0.69140625","0.69140625","0.69140625"
"7387","0.69140625","0.69140625","0.69140625"
"7388","0.000335693359375","0.000335693359375","0.000335693359375"
"7389","1.126900315284729e-7","1.126900315284729e-7","1.126900315284729e-7"
"7390","0.000335693359375","0.000335693359375","0.000335693359375"
"7391","0.69140625","0.69140625","0.69140625"
"7392","0.69140625","0.69140625","0.69140625"
"7395","0.000335693359375","0.000335693359375","0.000335693359375"
"7396","0.69140625","0.69140625","0.69140625"
"7397","0.69140625","0.69140625","0.69140625"
"7398","0.000335693359375","0.000335693359375","0.000335693359375"
"7399","0.000335693359375","0.000335693359375","0.000335693359375"
"7400","1.126900315284729e-7","1.126900315284729e-7","1.126900315284729e-7"
"7401","0.69140625","0.69140625","0.69140625"
"7403","0.69140625","0.69140625","0.69140625"
"7404","8","8","8"
"7405","1.126900315284729e-7","1.126900315284729e-7","1.126900315284729e-7"
"7406","0.69140625","0.69140625","0.69140625"
"7407","8","8","8"
"7408","0.69140625","0.69140625","0.69140625"
"7409","0.69140625","0.69140625","0.69140625"
"7410","0.69140625","0.69140625","0.69140625"
"7411","0.000335693359375","0.000335693359375","0.000335693359375"
"7412","0.000335693359375","0.000335693359375","0.000335693359375"
"7413","4.03125","4.03125","4.03125"
"7415","8","8","8"
"7416","0.69140625","0.69140625","0.69140625"
"7417","0.69140625","0.69140625","0.69140625"
"7418","0.69140625","0.69140625","0.69140625"
"7419","0.69140625","0.69140625","0.69140625"
"7421","1.126900315284729e-7","1.126900315284729e-7","1.126900315284729e-7"
"7422","4.03125","4.03125","4.03125"
"7423","8","8","8"
"7424","4.03125","4.03125","4.03125"
"7425","0.69140625","0.69140625","0.69140625"
"7426","1.126900315284729e-7","1.126900315284729e-7","1.126900315284729e-7"
"7428","0.000335693359375","0.000335693359375","0.000335693359375"
"7429","0.69140625","0.69140625","0.69140625"
"7430","0.000335693359375","0.000335693359375","0.000335693359375"
"7431","4.03125","4.03125","4.03125"
"7432","0.69140625","0.69140625","0.69140625"
"7433","0.69140625","0.69140625","0.69140625"
"7434","0.69140625","0.69140625","0.69140625"
"7435","1.126900315284729e-7","1.126900315284729e-7","1.126900315284729e-7"
"7436","1.126900315284729e-7","1.126900315284729e-7","1.126900315284729e-7"
"7437","6","6","6"
"7438","0.69140625","0.69140625","0.69140625"
"7439","0.000335693359375","0.000335693359375","0.000335693359375"
"7440","1.126900315284729e-7","1.126900315284729e-7","1.126900315284729e-7"
"7441","0.69140625","0.69140625","0.69140625"
"7442","0.69140625","0.69140625","0.69140625"
"7443","1.126900315284729e-7","1.126900315284729e-7","1.126900315284729e-7"
"7444","1.126900315284729e-7","1.126900315284729e-7","1.126900315284729e-7"
"7445","1.2656542480726785e-14","1.2656542480726785e-14","1.2656542480726785e-14"
"7446","0.69140625","0.69140625","0.69140625"
"7447","16","16","16"
"7448","0.69140625","0.69140625","0.69140625"
"7449","0.69140625","0.69140625","0.69140625"
"7450","0.69140625","0.69140625","0.69140625"
"7451","0.69140625","0.69140625","0.69140625"
"7453","8","8","8"
"7454","0.69140625","0.69140625","0.69140625"
"7455","0.69140625","0.69140625","0.69140625"
"7456","8","8","8"
"7457","0.000335693359375","0.000335693359375","0.000335693359375"
"7458","8","8","8"
"7459","8","8","8"
"7460","0.69140625","0.69140625","0.69140625"
"7461","0.000335693359375","0.000335693359375","0.000335693359375"
"7462","0.69140625","0.69140625","0.69140625"
"7463","8","8","8"
"7464","1.126900315284729e-7","1.126900315284729e-7","1.126900315284729e-7"
"7465","0.69140625","0.69140625","0.69140625"
"7466","1.126900315284729e-7","1.126900315284729e-7","1.126900315284729e-7"
"7467","0.002471923828125","0.002471923828125","0.002471923828125"
"7468","0.69140625","0.69140625","0.69140625"
"7469","0.69140625","0.69140625","0.69140625"
"7470","0.69140625","0.69140625","0.69140625"
"7471","0.000335693359375","0.000335693359375","0.000335693359375"
"7472","0.69140625","0.69140625","0.69140625"
"7474","0.69140625","0.69140625","0.69140625"
"7476","0.69140625","0.69140625","0.69140625"
"7477","0.69140625","0.69140625","0.69140625"
"7478","8","8","8"
"7479","0.69140625","0.69140625","0.69140625"
"7480","8","8","8"
"7481","0.000335693359375","0.000335693359375","0.000335693359375"
"7482","1.126900315284729e-7","1.126900315284729e-7","1.126900315284729e-7"
"7483","1.126900315284729e-7","1.126900315284729e-7","1.126900315284729e-7"
"7484","0.69140625","0.69140625","0.69140625"
"7485","0.69140625","0.69140625","0.69140625"
"7487","0.000335693359375","0.000335693359375","0.000335693359375"
"7488","0.69140625","0.69140625","0.69140625"
"7489","0.69140625","0.69140625","0.69140625"
"7490","0.000335693359375","0.000335693359375","0.000335693359375"
"7491","0.69140625","0.69140625","0.69140625"
"7492","0.000335693359375","0.000335693359375","0.000335693359375"
"7493","3.774403012357652e-11","3.774403012357652e-11","3.774403012357652e-11"
"7494","0.69140625","0.69140625","0.69140625"
"7495","16","16","16"
"7496","0.0181884765625","0.0181884765625","0.0181884765625"
"7497","0.000335693359375","0.000335693359375","0.000335693359375"
"7498","0.0181884765625","0.0181884765625","0.0181884765625"
"7499","0.69140625","0.69140625","0.69140625"
"7500","8","8","8"
"7501","0.69140625","0.69140625","0.69140625"
"7502","0.69140625","0.69140625","0.69140625"
"7503","0.69140625","0.69140625","0.69140625"
"7505","1.126900315284729e-7","1.126900315284729e-7","1.126900315284729e-7"
"7506","0.000335693359375","0.000335693359375","0.000335693359375"
"7507","0.69140625","0.69140625","0.69140625"
"7508","14","14","14"
"7509","0.000335693359375","0.000335693359375","0.000335693359375"
"7510","0.69140625","0.69140625","0.69140625"
"7511","0.69140625","0.69140625","0.69140625"
"7512","8","8","8"
"7513","16","16","16"
"7514","0.69140625","0.69140625","0.69140625"
"7515","0.69140625","0.69140625","0.69140625"
"7516","1.2656542480726785e-14","1.2656542480726785e-14","1.2656542480726785e-14"
"7517","0.0181884765625","0.0181884765625","0.0181884765625"
"7518","0.69140625","0.69140625","0.69140625"
"7519","1.2656542480726785e-14","1.2656542480726785e-14","1.2656542480726785e-14"
"7520","0.69140625","0.69140625","0.69140625"
"7521","0.0181884765625","0.0181884765625","0.0181884765625"
"7522","0.69140625","0.69140625","0.69140625"
"7523","0.69140625","0.69140625","0.69140625"
"7524","0.69140625","0.69140625","0.69140625"
"7525","16","16","16"
"7526","8","8","8"
"7527","0.69140625","0.69140625","0.69140625"
"7528","0.69140625","0.69140625","0.69140625"
"7529","0.000335693359375","0.000335693359375","0.000335693359375"
"7530","0.000335693359375","0.000335693359375","0.000335693359375"
"7531","2.066371962428093e-9","2.066371962428093e-9","2.066371962428093e-9"
"7532","0.69140625","0.69140625","0.69140625"
"7533","0.69140625","0.69140625","0.69140625"
"7534","4.03125","4.03125","4.03125"
"7535","0.69140625","0.69140625","0.69140625"
"7536","0.000335693359375","0.000335693359375","0.000335693359375"
"7537","0.000335693359375","0.000335693359375","0.000335693359375"
"7538","0.69140625","0.69140625","0.69140625"
"7539","8","8","8"
"7540","0.0181884765625","0.0181884765625","0.0181884765625"
"7541","0.69140625","0.69140625","0.69140625"
"7543","0.69140625","0.69140625","0.69140625"
"7544","0.69140625","0.69140625","0.69140625"
"7545","0.000335693359375","0.000335693359375","0.000335693359375"
"7546","0.000335693359375","0.000335693359375","0.000335693359375"
"7547","0.69140625","0.69140625","0.69140625"
"7548","0.000335693359375","0.000335693359375","0.000335693359375"
"7550","0.69140625","0.69140625","0.69140625"
"7552","0.000335693359375","0.000335693359375","0.000335693359375"
"7553","0.69140625","0.69140625","0.69140625"
"7554","8","8","8"
"7555","0.0181884765625","0.0181884765625","0.0181884765625"
"7556","0.69140625","0.69140625","0.69140625"
"7557","0.000335693359375","0.000335693359375","0.000335693359375"
"7558","8","8","8"
"7559","24","24","24"
"7560","0.000335693359375","0.000335693359375","0.000335693359375"
"7561","8","8","8"
"7562","0.000006139278411865234","0.000006139278411865234","0.000006139278411865234"
"7563","0.69140625","0.69140625","0.69140625"
"7564","0.69140625","0.69140625","0.69140625"
"7565","0.0181884765625","0.0181884765625","0.0181884765625"
"7566","0.69140625","0.69140625","0.69140625"
"7567","1.126900315284729e-7","1.126900315284729e-7","1.126900315284729e-7"
"7569","16","16","16"
"7570","16","16","16"
"7571","8","8","8"
"7572","0.000006139278411865234","0.000006139278411865234","0.000006139278411865234"
"7573","0.000335693359375","0.000335693359375","0.000335693359375"
"7574","0.69140625","0.69140625","0.69140625"
"7575","0.69140625","0.69140625","0.69140625"
"7576","0.000335693359375","0.000335693359375","0.000335693359375"
"7577","1.126900315284729e-7","1.126900315284729e-7","1.126900315284729e-7"
"7578","0.000335693359375","0.000335693359375","0.000335693359375"
"7579","0.69140625","0.69140625","0.69140625"
"7580","0.69140625","0.69140625","0.69140625"
"7581","0.126953125","0.126953125","0.126953125"
"7582","0.69140625","0.69140625","0.69140625"
"7583","8","8","8"
"7584","4.03125","4.03125","4.03125"
"7585","0.69140625","0.69140625","0.69140625"
"7586","4.03125","4.03125","4.03125"
"7587","8","8","8"
"7588","8","8","8"
"7589","0.000335693359375","0.000335693359375","0.000335693359375"
"7590","0.0181884765625","0.0181884765625","0.0181884765625"
"7591","24","24","24"
"7592","0.69140625","0.69140625","0.69140625"
"7593","0.000006139278411865234","0.000006139278411865234","0.000006139278411865234"
"7594","4.03125","4.03125","4.03125"
"7595","0.69140625","0.69140625","0.69140625"
"7597","0.69140625","0.69140625","0.69140625"
"7598","0.69140625","0.69140625","0.69140625"
"7599","0.69140625","0.69140625","0.69140625"
"7600","0.000335693359375","0.000335693359375","0.000335693359375"
"7601","0.69140625","0.69140625","0.69140625"
"7602","0.000045299530029296875","0.000045299530029296875","0.000045299530029296875"
"7603","0.69140625","0.69140625","0.69140625"
"7604","0.69140625","0.69140625","0.69140625"
"7605","1.2656542480726785e-14","1.2656542480726785e-14","1.2656542480726785e-14"
"7606","0.69140625","0.69140625","0.69140625"
"7607","2.125","2.125","2.125"
"7608","0.69140625","0.69140625","0.69140625"
"7609","0.69140625","0.69140625","0.69140625"
"7610","1.2656542480726785e-14","1.2656542480726785e-14","1.2656542480726785e-14"
"7611","0.69140625","0.69140625","0.69140625"
"7612","0.0181884765625","0.0181884765625","0.0181884765625"
"7613","0.69140625","0.69140625","0.69140625"
"7614","0.69140625","0.69140625","0.69140625"
"7615","0.0181884765625","0.0181884765625","0.0181884765625"
"7616","1.126900315284729e-7","1.126900315284729e-7","1.126900315284729e-7"
"7617","0.0181884765625","0.0181884765625","0.0181884765625"
"7618","1.126900315284729e-7","1.126900315284729e-7","1.126900315284729e-7"
"7619","0.69140625","0.69140625","0.69140625"
"7620","0.69140625","0.69140625","0.69140625"
"7621","0.0181884765625","0.0181884765625","0.0181884765625"
"7622","1.126900315284729e-7","1.126900315284729e-7","1.126900315284729e-7"
"7623","0.69140625","0.69140625","0.69140625"
"7624","0.69140625","0.69140625","0.69140625"
"7626","0.69140625","0.69140625","0.69140625"
"7627","8","8","8"
"7628","0.000335693359375","0.000335693359375","0.000335693359375"
"7629","0.000335693359375","0.000335693359375","0.000335693359375"
"7630","1.2656542480726785e-14","1.2656542480726785e-14","1.2656542480726785e-14"
"7631","0.69140625","0.69140625","0.69140625"
"7632","0.69140625","0.69140625","0.69140625"
"7633","8","8","8"
"7634","0.69140625","0.69140625","0.69140625"
"7635","1.126900315284729e-7","1.126900315284729e-7","1.126900315284729e-7"
"7636","0.69140625","0.69140625","0.69140625"
"7637","0.000335693359375","0.000335693359375","0.000335693359375"
"7638","8","8","8"
"7639","0.69140625","0.69140625","0.69140625"
"7640","0.69140625","0.69140625","0.69140625"
"7641","1.126900315284729e-7","1.126900315284729e-7","1.126900315284729e-7"
"7642","0.69140625","0.69140625","0.69140625"
"7643","1.2656542480726785e-14","1.2656542480726785e-14","1.2656542480726785e-14"
"7644","16","16","16"
"7645","0.69140625","0.69140625","0.69140625"
"7646","0.69140625","0.69140625","0.69140625"
"7647","0.69140625","0.69140625","0.69140625"
"7648","0.69140625","0.69140625","0.69140625"
"7649","4.03125","4.03125","4.03125"
"7650","0.69140625","0.69140625","0.69140625"
"7651","4.03125","4.03125","4.03125"
"7652","4.03125","4.03125","4.03125"
"7653","0.69140625","0.69140625","0.69140625"
"7654","1.126900315284729e-7","1.126900315284729e-7","1.126900315284729e-7"
"7655","3.046875","3.046875","3.046875"
"7656","0.000335693359375","0.000335693359375","0.000335693359375"
"7657","3.774403012357652e-11","3.774403012357652e-11","3.774403012357652e-11"
"7658","0.69140625","0.69140625","0.69140625"
"7659","0.69140625","0.69140625","0.69140625"
"7660","0.69140625","0.69140625","0.69140625"
"7661","0.69140625","0.69140625","0.69140625"
"7662","0.69140625","0.69140625","0.69140625"
"7663","16","16","16"
"7664","0.000335693359375","0.000335693359375","0.000335693359375"
"7665","16","16","16"
"7666","0.69140625","0.69140625","0.69140625"
"7667","1.126900315284729e-7","1.126900315284729e-7","1.126900315284729e-7"
"7668","0.69140625","0.69140625","0.69140625"
"7669","0.69140625","0.69140625","0.69140625"
"7670","0.000335693359375","0.000335693359375","0.000335693359375"
"7671","0.69140625","0.69140625","0.69140625"
"7672","0.69140625","0.69140625","0.69140625"
"7674","0.000335693359375","0.000335693359375","0.000335693359375"
"7675","0.000335693359375","0.000335693359375","0.000335693359375"
"7676","0.69140625","0.69140625","0.69140625"
"7677","0.69140625","0.69140625","0.69140625"
"7679","0.69140625","0.69140625","0.69140625"
"7680","1.126900315284729e-7","1.126900315284729e-7","1.126900315284729e-7"
"7681","0.69140625","0.69140625","0.69140625"
"7682","0.0181884765625","0.0181884765625","0.0181884765625"
"7684","16","16","16"
"7686","4.03125","4.03125","4.03125"
"7688","8","8","8"
"7689","0.000335693359375","0.000335693359375","0.000335693359375"
"7690","0.000335693359375","0.000335693359375","0.000335693359375"
"7691","0.0181884765625","0.0181884765625","0.0181884765625"
"7692","8","8","8"
"7693","0.69140625","0.69140625","0.69140625"
"7695","0.69140625","0.69140625","0.69140625"
"7696","0.000335693359375","0.000335693359375","0.000335693359375"
"7697","0.000006139278411865234","0.000006139278411865234","0.000006139278411865234"
"7698","0.000335693359375","0.000335693359375","0.000335693359375"
"7700","0.69140625","0.69140625","0.69140625"
"7701","16","16","16"
"7702","0.69140625","0.69140625","0.69140625"
"7703","0.69140625","0.69140625","0.69140625"
"7704","0.69140625","0.69140625","0.69140625"
"7705","0.000335693359375","0.000335693359375","0.000335693359375"
"7706","9.370282327836321e-14","9.370282327836321e-14","9.370282327836321e-14"
"7707","0.000335693359375","0.000335693359375","0.000335693359375"
"7708","0.000335693359375","0.000335693359375","0.000335693359375"
"7709","0.69140625","0.69140625","0.69140625"
"7710","1.126900315284729e-7","1.126900315284729e-7","1.126900315284729e-7"
"7711","1.126900315284729e-7","1.126900315284729e-7","1.126900315284729e-7"
"7712","0.000335693359375","0.000335693359375","0.000335693359375"
"7713","0.69140625","0.69140625","0.69140625"
"7714","0.0181884765625","0.0181884765625","0.0181884765625"
"7715","0.69140625","0.69140625","0.69140625"
"7716","0.69140625","0.69140625","0.69140625"
"7717","0.69140625","0.69140625","0.69140625"
"7719","0.000335693359375","0.000335693359375","0.000335693359375"
"7720","1.126900315284729e-7","1.126900315284729e-7","1.126900315284729e-7"
"7721","0.000335693359375","0.000335693359375","0.000335693359375"
"7722","0.69140625","0.69140625","0.69140625"
"7723","8","8","8"
"7724","8","8","8"
"7725","1.126900315284729e-7","1.126900315284729e-7","1.126900315284729e-7"
"7726","3.774403012357652e-11","3.774403012357652e-11","3.774403012357652e-11"
"7727","1.126900315284729e-7","1.126900315284729e-7","1.126900315284729e-7"
"7728","1.126900315284729e-7","1.126900315284729e-7","1.126900315284729e-7"
"7729","16","16","16"
"7730","16","16","16"
"7731","8","8","8"
"7732","8","8","8"
"7733","0.000335693359375","0.000335693359375","0.000335693359375"
"7734","0.69140625","0.69140625","0.69140625"
"7735","0.000335693359375","0.000335693359375","0.000335693359375"
"7736","0.69140625","0.69140625","0.69140625"
"7737","1.2656542480726785e-14","1.2656542480726785e-14","1.2656542480726785e-14"
"7738","0.000335693359375","0.000335693359375","0.000335693359375"
"7739","0.69140625","0.69140625","0.69140625"
"7740","0.000335693359375","0.000335693359375","0.000335693359375"
"7741","0.000006139278411865234","0.000006139278411865234","0.000006139278411865234"
"7742","1.126900315284729e-7","1.126900315284729e-7","1.126900315284729e-7"
"7745","16","16","16"
"7746","0.69140625","0.69140625","0.69140625"
"7747","0.000335693359375","0.000335693359375","0.000335693359375"
"7748","4.03125","4.03125","4.03125"
"7749","0.000335693359375","0.000335693359375","0.000335693359375"
"7750","0.000335693359375","0.000335693359375","0.000335693359375"
"7751","0.69140625","0.69140625","0.69140625"
"7752","0.0181884765625","0.0181884765625","0.0181884765625"
"7753","8","8","8"
"7755","8","8","8"
"7756","0.000006139278411865234","0.000006139278411865234","0.000006139278411865234"
"7757","0.000335693359375","0.000335693359375","0.000335693359375"
"7758","16","16","16"
"7759","0.69140625","0.69140625","0.69140625"
"7760","0.0181884765625","0.0181884765625","0.0181884765625"
"7761","0.69140625","0.69140625","0.69140625"
"7762","0.69140625","0.69140625","0.69140625"
"7763","0.69140625","0.69140625","0.69140625"
"7764","4.03125","4.03125","4.03125"
"7765","0.69140625","0.69140625","0.69140625"
"7767","16","16","16"
"7769","0.000335693359375","0.000335693359375","0.000335693359375"
"7770","0.69140625","0.69140625","0.69140625"
"7771","0.69140625","0.69140625","0.69140625"
"7772","16","16","16"
"7773","0.69140625","0.69140625","0.69140625"
"7774","0.69140625","0.69140625","0.69140625"
"7775","8","8","8"
"7776","8","8","8"
"7777","0.0181884765625","0.0181884765625","0.0181884765625"
"7778","0.69140625","0.69140625","0.69140625"
"7779","0.69140625","0.69140625","0.69140625"
"7781","0.69140625","0.69140625","0.69140625"
"7782","16","16","16"
"7783","0.000335693359375","0.000335693359375","0.000335693359375"
"7784","0.69140625","0.69140625","0.69140625"
"7785","0.69140625","0.69140625","0.69140625"
"7786","0.69140625","0.69140625","0.69140625"
"7787","0.69140625","0.69140625","0.69140625"
"7788","0.000335693359375","0.000335693359375","0.000335693359375"
"7789","1.126900315284729e-7","1.126900315284729e-7","1.126900315284729e-7"
"7791","0.69140625","0.69140625","0.69140625"
"7792","3.774403012357652e-11","3.774403012357652e-11","3.774403012357652e-11"
"7793","0.69140625","0.69140625","0.69140625"
"7794","2.125","2.125","2.125"
"7795","0.000335693359375","0.000335693359375","0.000335693359375"
"7796","0.69140625","0.69140625","0.69140625"
"7797","0.69140625","0.69140625","0.69140625"
"7798","0.69140625","0.69140625","0.69140625"
"7799","1.126900315284729e-7","1.126900315284729e-7","1.126900315284729e-7"
"7800","0.69140625","0.69140625","0.69140625"
"7801","4.03125","4.03125","4.03125"
"7802","0.69140625","0.69140625","0.69140625"
"7803","4.03125","4.03125","4.03125"
"7805","0.69140625","0.69140625","0.69140625"
"7806","0.69140625","0.69140625","0.69140625"
"7807","0.69140625","0.69140625","0.69140625"
"7808","0.69140625","0.69140625","0.69140625"
"7809","0.0181884765625","0.0181884765625","0.0181884765625"
"7810","0.69140625","0.69140625","0.69140625"
"7811","2.066371962428093e-9","2.066371962428093e-9","2.066371962428093e-9"
"7812","0.000335693359375","0.000335693359375","0.000335693359375"
"7813","1.126900315284729e-7","1.126900315284729e-7","1.126900315284729e-7"
"7814","0.000335693359375","0.000335693359375","0.000335693359375"
"7816","16","16","16"
"7817","0.69140625","0.69140625","0.69140625"
"7818","0.000335693359375","0.000335693359375","0.000335693359375"
"7819","0.69140625","0.69140625","0.69140625"
"7820","0.000335693359375","0.000335693359375","0.000335693359375"
"7821","0.69140625","0.69140625","0.69140625"
"7822","1.126900315284729e-7","1.126900315284729e-7","1.126900315284729e-7"
"7823","0.69140625","0.69140625","0.69140625"
"7824","0.000335693359375","0.000335693359375","0.000335693359375"
"7825","0.69140625","0.69140625","0.69140625"
"7826","0.69140625","0.69140625","0.69140625"
"7827","0.69140625","0.69140625","0.69140625"
"7828","0.69140625","0.69140625","0.69140625"
"7829","0.000006139278411865234","0.000006139278411865234","0.000006139278411865234"
"7830","0.69140625","0.69140625","0.69140625"
"7831","8","8","8"
"7832","16","16","16"
"7833","1.126900315284729e-7","1.126900315284729e-7","1.126900315284729e-7"
"7834","1.126900315284729e-7","1.126900315284729e-7","1.126900315284729e-7"
"7835","0.69140625","0.69140625","0.69140625"
"7836","0.69140625","0.69140625","0.69140625"
"7837","0.0181884765625","0.0181884765625","0.0181884765625"
"7838","0.69140625","0.69140625","0.69140625"
"7839","0.000335693359375","0.000335693359375","0.000335693359375"
"7840","8","8","8"
"7841","0.69140625","0.69140625","0.69140625"
"7842","0.69140625","0.69140625","0.69140625"
"7843","1.126900315284729e-7","1.126900315284729e-7","1.126900315284729e-7"
"7844","0.0181884765625","0.0181884765625","0.0181884765625"
"7845","0.69140625","0.69140625","0.69140625"
"7847","8","8","8"
"7848","0.69140625","0.69140625","0.69140625"
"7849","0.69140625","0.69140625","0.69140625"
"7850","1.126900315284729e-7","1.126900315284729e-7","1.126900315284729e-7"
"7851","0.000335693359375","0.000335693359375","0.000335693359375"
"7852","0.0181884765625","0.0181884765625","0.0181884765625"
"7853","16","16","16"
"7854","0.0181884765625","0.0181884765625","0.0181884765625"
"7855","0.69140625","0.69140625","0.69140625"
"7857","0.000335693359375","0.000335693359375","0.000335693359375"
"7858","0.000335693359375","0.000335693359375","0.000335693359375"
"7859","4.03125","4.03125","4.03125"
"7860","0.69140625","0.69140625","0.69140625"
"7861","0.69140625","0.69140625","0.69140625"
"7862","0.000335693359375","0.000335693359375","0.000335693359375"
"7863","0.000335693359375","0.000335693359375","0.000335693359375"
"7864","0.0181884765625","0.0181884765625","0.0181884765625"
"7865","0.69140625","0.69140625","0.69140625"
"7867","0.000335693359375","0.000335693359375","0.000335693359375"
"7868","0.000335693359375","0.000335693359375","0.000335693359375"
"7869","0.0181884765625","0.0181884765625","0.0181884765625"
"7870","0.000006139278411865234","0.000006139278411865234","0.000006139278411865234"
"7871","0.69140625","0.69140625","0.69140625"
"7872","0.69140625","0.69140625","0.69140625"
"7873","0.69140625","0.69140625","0.69140625"
"7874","0.69140625","0.69140625","0.69140625"
"7875","0.69140625","0.69140625","0.69140625"
"7876","0.69140625","0.69140625","0.69140625"
"7877","0.69140625","0.69140625","0.69140625"
"7878","0.69140625","0.69140625","0.69140625"
"7879","0.69140625","0.69140625","0.69140625"
"7880","0.000335693359375","0.000335693359375","0.000335693359375"
"7881","0.69140625","0.69140625","0.69140625"
"7882","8","8","8"
"7883","0.69140625","0.69140625","0.69140625"
"7884","0.69140625","0.69140625","0.69140625"
"7885","4.03125","4.03125","4.03125"
"7886","0.000335693359375","0.000335693359375","0.000335693359375"
"7887","8","8","8"
"7888","0.000006139278411865234","0.000006139278411865234","0.000006139278411865234"
"7889","0.000335693359375","0.000335693359375","0.000335693359375"
"7890","3.774403012357652e-11","3.774403012357652e-11","3.774403012357652e-11"
"7891","0.69140625","0.69140625","0.69140625"
"7892","0.69140625","0.69140625","0.69140625"
"7893","0.0181884765625","0.0181884765625","0.0181884765625"
"7894","0.69140625","0.69140625","0.69140625"
"7896","2.125","2.125","2.125"
"7897","0.69140625","0.69140625","0.69140625"
"7898","0.000335693359375","0.000335693359375","0.000335693359375"
"7899","8","8","8"
"7900","1.126900315284729e-7","1.126900315284729e-7","1.126900315284729e-7"
"7901","0.69140625","0.69140625","0.69140625"
"7902","0.000335693359375","0.000335693359375","0.000335693359375"
"7904","0.000335693359375","0.000335693359375","0.000335693359375"
"7905","0.69140625","0.69140625","0.69140625"
"7906","0.000335693359375","0.000335693359375","0.000335693359375"
"7907","0.000335693359375","0.000335693359375","0.000335693359375"
"7908","0.69140625","0.69140625","0.69140625"
"7909","0.000335693359375","0.000335693359375","0.000335693359375"
"7910","0.69140625","0.69140625","0.69140625"
"7911","0.69140625","0.69140625","0.69140625"
"7912","0.69140625","0.69140625","0.69140625"
"7913","8","8","8"
"7914","0.0181884765625","0.0181884765625","0.0181884765625"
"7915","1.126900315284729e-7","1.126900315284729e-7","1.126900315284729e-7"
"7916","0.69140625","0.69140625","0.69140625"
"7917","1.126900315284729e-7","1.126900315284729e-7","1.126900315284729e-7"
"7918","0.0181884765625","0.0181884765625","0.0181884765625"
"7919","8","8","8"
"7920","0.000335693359375","0.000335693359375","0.000335693359375"
"7921","1.126900315284729e-7","1.126900315284729e-7","1.126900315284729e-7"
"7922","1.126900315284729e-7","1.126900315284729e-7","1.126900315284729e-7"
"7923","1.2656542480726785e-14","1.2656542480726785e-14","1.2656542480726785e-14"
"7924","0.69140625","0.69140625","0.69140625"
"7925","8","8","8"
"7926","1.126900315284729e-7","1.126900315284729e-7","1.126900315284729e-7"
"7927","0.69140625","0.69140625","0.69140625"
"7928","8","8","8"
"7929","4.03125","4.03125","4.03125"
"7930","0.0181884765625","0.0181884765625","0.0181884765625"
"7931","0.69140625","0.69140625","0.69140625"
"7932","0.000335693359375","0.000335693359375","0.000335693359375"
"7933","4.03125","4.03125","4.03125"
"7934","0.69140625","0.69140625","0.69140625"
"7935","1.126900315284729e-7","1.126900315284729e-7","1.126900315284729e-7"
"7936","0.69140625","0.69140625","0.69140625"
"7937","0.69140625","0.69140625","0.69140625"
"7938","0.69140625","0.69140625","0.69140625"
"7939","0.69140625","0.69140625","0.69140625"
"7941","0.69140625","0.69140625","0.69140625"
"7942","1.126900315284729e-7","1.126900315284729e-7","1.126900315284729e-7"
"7943","0.69140625","0.69140625","0.69140625"
"7944","0.69140625","0.69140625","0.69140625"
"7945","4.03125","4.03125","4.03125"
"7946","8","8","8"
"7947","0.0181884765625","0.0181884765625","0.0181884765625"
"7948","0.69140625","0.69140625","0.69140625"
"7950","0.0181884765625","0.0181884765625","0.0181884765625"
"7951","8.307397365570068e-7","8.307397365570068e-7","8.307397365570068e-7"
"7952","0.000335693359375","0.000335693359375","0.000335693359375"
"7953","0.000335693359375","0.000335693359375","0.000335693359375"
"7954","0.69140625","0.69140625","0.69140625"
"7955","0.69140625","0.69140625","0.69140625"
"7956","0.69140625","0.69140625","0.69140625"
"7957","0.000335693359375","0.000335693359375","0.000335693359375"
"7958","0.69140625","0.69140625","0.69140625"
"7959","8","8","8"
"7960","0.69140625","0.69140625","0.69140625"
"7961","0.69140625","0.69140625","0.69140625"
"7962","0.69140625","0.69140625","0.69140625"
"7963","0.69140625","0.69140625","0.69140625"
"7964","0.000335693359375","0.000335693359375","0.000335693359375"
"7965","0.000335693359375","0.000335693359375","0.000335693359375"
"7966","4.03125","4.03125","4.03125"
"7967","0.69140625","0.69140625","0.69140625"
"7968","0.69140625","0.69140625","0.69140625"
"7969","0.000335693359375","0.000335693359375","0.000335693359375"
"7970","0.69140625","0.69140625","0.69140625"
"7971","8","8","8"
"7972","1.126900315284729e-7","1.126900315284729e-7","1.126900315284729e-7"
"7973","0.0181884765625","0.0181884765625","0.0181884765625"
"7974","0.69140625","0.69140625","0.69140625"
"7975","1.126900315284729e-7","1.126900315284729e-7","1.126900315284729e-7"
"7976","0.69140625","0.69140625","0.69140625"
"7977","0.69140625","0.69140625","0.69140625"
"7979","0.0181884765625","0.0181884765625","0.0181884765625"
"7980","0.69140625","0.69140625","0.69140625"
"7981","0.000335693359375","0.000335693359375","0.000335693359375"
"7983","0.69140625","0.69140625","0.69140625"
"7984","1.126900315284729e-7","1.126900315284729e-7","1.126900315284729e-7"
"7985","0.000335693359375","0.000335693359375","0.000335693359375"
"7986","0.69140625","0.69140625","0.69140625"
"7987","1.126900315284729e-7","1.126900315284729e-7","1.126900315284729e-7"
"7988","16","16","16"
"7989","8","8","8"
"7990","16","16","16"
"7991","1.126900315284729e-7","1.126900315284729e-7","1.126900315284729e-7"
"7992","4.03125","4.03125","4.03125"
"7993","1.126900315284729e-7","1.126900315284729e-7","1.126900315284729e-7"
"7994","1.126900315284729e-7","1.126900315284729e-7","1.126900315284729e-7"
"7995","16","16","16"
"7996","3.774403012357652e-11","3.774403012357652e-11","3.774403012357652e-11"
"7997","0.69140625","0.69140625","0.69140625"
"7998","0.69140625","0.69140625","0.69140625"
"7999","0.000335693359375","0.000335693359375","0.000335693359375"
"8000","0.69140625","0.69140625","0.69140625"
"8001","0.69140625","0.69140625","0.69140625"
"8002","1.126900315284729e-7","1.126900315284729e-7","1.126900315284729e-7"
"8003","1.126900315284729e-7","1.126900315284729e-7","1.126900315284729e-7"
"8004","4.03125","4.03125","4.03125"
"8006","0.0181884765625","0.0181884765625","0.0181884765625"
"8007","0.69140625","0.69140625","0.69140625"
"8008","0.69140625","0.69140625","0.69140625"
"8009","0.69140625","0.69140625","0.69140625"
"8010","1.126900315284729e-7","1.126900315284729e-7","1.126900315284729e-7"
"8011","0.69140625","0.69140625","0.69140625"
"8012","0.000335693359375","0.000335693359375","0.000335693359375"
"8013","0.000335693359375","0.000335693359375","0.000335693359375"
"8014","1.126900315284729e-7","1.126900315284729e-7","1.126900315284729e-7"
"8015","0.69140625","0.69140625","0.69140625"
"8016","0.69140625","0.69140625","0.69140625"
"8017","0.000335693359375","0.000335693359375","0.000335693359375"
"8018","0.69140625","0.69140625","0.69140625"
"8020","0.000335693359375","0.000335693359375","0.000335693359375"
"8021","0.69140625","0.69140625","0.69140625"
"8022","0.000335693359375","0.000335693359375","0.000335693359375"
"8023","0.69140625","0.69140625","0.69140625"
"8025","0.69140625","0.69140625","0.69140625"
"8027","0.69140625","0.69140625","0.69140625"
"8028","0.69140625","0.69140625","0.69140625"
"8029","1.126900315284729e-7","1.126900315284729e-7","1.126900315284729e-7"
"8030","0.69140625","0.69140625","0.69140625"
"8031","0.69140625","0.69140625","0.69140625"
"8032","0.000335693359375","0.000335693359375","0.000335693359375"
"8033","16","16","16"
"8035","0.0181884765625","0.0181884765625","0.0181884765625"
"8036","0.69140625","0.69140625","0.69140625"
"8038","0.000335693359375","0.000335693359375","0.000335693359375"
"8039","0.69140625","0.69140625","0.69140625"
"8040","16","16","16"
"8041","16","16","16"
"8042","8","8","8"
"8043","0.000335693359375","0.000335693359375","0.000335693359375"
"8044","0.0181884765625","0.0181884765625","0.0181884765625"
"8045","0.000335693359375","0.000335693359375","0.000335693359375"
"8046","0.69140625","0.69140625","0.69140625"
"8047","0.0181884765625","0.0181884765625","0.0181884765625"
"8048","0.0181884765625","0.0181884765625","0.0181884765625"
"8049","0.69140625","0.69140625","0.69140625"
"8050","0.69140625","0.69140625","0.69140625"
"8051","4.03125","4.03125","4.03125"
"8052","0.69140625","0.69140625","0.69140625"
"8053","0.69140625","0.69140625","0.69140625"
"8055","1.126900315284729e-7","1.126900315284729e-7","1.126900315284729e-7"
"8057","0.0181884765625","0.0181884765625","0.0181884765625"
"8058","0.000335693359375","0.000335693359375","0.000335693359375"
"8059","4.03125","4.03125","4.03125"
"8060","0.69140625","0.69140625","0.69140625"
"8061","0.69140625","0.69140625","0.69140625"
"8063","0.69140625","0.69140625","0.69140625"
"8064","0.69140625","0.69140625","0.69140625"
"8065","0.000335693359375","0.000335693359375","0.000335693359375"
"8066","0.69140625","0.69140625","0.69140625"
"8067","0.000335693359375","0.000335693359375","0.000335693359375"
"8068","0.126953125","0.126953125","0.126953125"
"8069","0.69140625","0.69140625","0.69140625"
"8070","0.000335693359375","0.000335693359375","0.000335693359375"
"8071","0.69140625","0.69140625","0.69140625"
"8072","0.000335693359375","0.000335693359375","0.000335693359375"
"8073","0.0181884765625","0.0181884765625","0.0181884765625"
"8074","0.000335693359375","0.000335693359375","0.000335693359375"
"8075","1.126900315284729e-7","1.126900315284729e-7","1.126900315284729e-7"
"8077","0.69140625","0.69140625","0.69140625"
"8078","0.000335693359375","0.000335693359375","0.000335693359375"
"8079","1.126900315284729e-7","1.126900315284729e-7","1.126900315284729e-7"
"8080","8","8","8"
"8081","0.69140625","0.69140625","0.69140625"
"8082","0.126953125","0.126953125","0.126953125"
"8083","1.126900315284729e-7","1.126900315284729e-7","1.126900315284729e-7"
"8084","0.69140625","0.69140625","0.69140625"
"8085","0.69140625","0.69140625","0.69140625"
"8086","8","8","8"
"8087","8","8","8"
"8088","0.69140625","0.69140625","0.69140625"
"8089","4.03125","4.03125","4.03125"
"8090","0.0181884765625","0.0181884765625","0.0181884765625"
"8091","0.69140625","0.69140625","0.69140625"
"8092","0.69140625","0.69140625","0.69140625"
"8093","0.000335693359375","0.000335693359375","0.000335693359375"
"8094","1.126900315284729e-7","1.126900315284729e-7","1.126900315284729e-7"
"8095","0.0181884765625","0.0181884765625","0.0181884765625"
"8096","1.126900315284729e-7","1.126900315284729e-7","1.126900315284729e-7"
"8097","0.69140625","0.69140625","0.69140625"
"8099","4.03125","4.03125","4.03125"
"8100","0.69140625","0.69140625","0.69140625"
"8101","0.69140625","0.69140625","0.69140625"
"8102","0.69140625","0.69140625","0.69140625"
"8103","1.126900315284729e-7","1.126900315284729e-7","1.126900315284729e-7"
"8104","0.69140625","0.69140625","0.69140625"
"8105","1.126900315284729e-7","1.126900315284729e-7","1.126900315284729e-7"
"8106","0.69140625","0.69140625","0.69140625"
"8107","0.69140625","0.69140625","0.69140625"
"8108","0.69140625","0.69140625","0.69140625"
"8109","0.69140625","0.69140625","0.69140625"
"8110","0.69140625","0.69140625","0.69140625"
"8111","0.69140625","0.69140625","0.69140625"
"8112","8","8","8"
"8113","16","16","16"
"8114","4.03125","4.03125","4.03125"
"8115","8","8","8"
"8116","16","16","16"
"8117","8","8","8"
"8118","0.69140625","0.69140625","0.69140625"
"8119","0.69140625","0.69140625","0.69140625"
"8120","16","16","16"
"8121","1.126900315284729e-7","1.126900315284729e-7","1.126900315284729e-7"
"8122","0.69140625","0.69140625","0.69140625"
"8123","16","16","16"
"8124","0.69140625","0.69140625","0.69140625"
"8126","0.69140625","0.69140625","0.69140625"
"8127","0.69140625","0.69140625","0.69140625"
"8128","0.0181884765625","0.0181884765625","0.0181884765625"
"8129","16","16","16"
"8130","16","16","16"
"8131","3.774403012357652e-11","3.774403012357652e-11","3.774403012357652e-11"
"8132","0.69140625","0.69140625","0.69140625"
"8133","8","8","8"
"8134","0.000335693359375","0.000335693359375","0.000335693359375"
"8135","0.69140625","0.69140625","0.69140625"
"8136","0.69140625","0.69140625","0.69140625"
"8137","0.69140625","0.69140625","0.69140625"
"8138","0.000335693359375","0.000335693359375","0.000335693359375"
"8139","2.066371962428093e-9","2.066371962428093e-9","2.066371962428093e-9"
"8140","0.126953125","0.126953125","0.126953125"
"8141","0.000335693359375","0.000335693359375","0.000335693359375"
"8142","0.0181884765625","0.0181884765625","0.0181884765625"
"8143","0.69140625","0.69140625","0.69140625"
"8144","16","16","16"
"8145","0.69140625","0.69140625","0.69140625"
"8147","0.69140625","0.69140625","0.69140625"
"8148","0.69140625","0.69140625","0.69140625"
"8149","0.69140625","0.69140625","0.69140625"
"8150","8","8","8"
"8151","0.69140625","0.69140625","0.69140625"
"8152","0.69140625","0.69140625","0.69140625"
"8153","4.03125","4.03125","4.03125"
"8154","3.774403012357652e-11","3.774403012357652e-11","3.774403012357652e-11"
"8155","0.000335693359375","0.000335693359375","0.000335693359375"
"8156","0.69140625","0.69140625","0.69140625"
"8157","0.000335693359375","0.000335693359375","0.000335693359375"
"8158","0.000335693359375","0.000335693359375","0.000335693359375"
"8159","0.69140625","0.69140625","0.69140625"
"8160","0.69140625","0.69140625","0.69140625"
"8161","0.69140625","0.69140625","0.69140625"
"8162","0.0181884765625","0.0181884765625","0.0181884765625"
"8163","0.000335693359375","0.000335693359375","0.000335693359375"
"8164","0.69140625","0.69140625","0.69140625"
"8165","0.69140625","0.69140625","0.69140625"
"8166","16","16","16"
"8167","0.000335693359375","0.000335693359375","0.000335693359375"
"8168","8","8","8"
"8169","0.69140625","0.69140625","0.69140625"
"8170","0.000335693359375","0.000335693359375","0.000335693359375"
"8171","0.69140625","0.69140625","0.69140625"
"8172","8","8","8"
"8173","0.69140625","0.69140625","0.69140625"
"8174","0.0181884765625","0.0181884765625","0.0181884765625"
"8175","1.126900315284729e-7","1.126900315284729e-7","1.126900315284729e-7"
"8177","0.69140625","0.69140625","0.69140625"
"8178","0.69140625","0.69140625","0.69140625"
"8179","0.0181884765625","0.0181884765625","0.0181884765625"
"8180","0.69140625","0.69140625","0.69140625"
"8181","1.2656542480726785e-14","1.2656542480726785e-14","1.2656542480726785e-14"
"8182","0.69140625","0.69140625","0.69140625"
"8183","0.69140625","0.69140625","0.69140625"
"8185","0.000335693359375","0.000335693359375","0.000335693359375"
"8186","0.69140625","0.69140625","0.69140625"
"8187","0.69140625","0.69140625","0.69140625"
"8188","16","16","16"
"8189","0.69140625","0.69140625","0.69140625"
"8190","0.69140625","0.69140625","0.69140625"
"8191","16","16","16"
"8192","0.000335693359375","0.000335693359375","0.000335693359375"
"8193","0.0181884765625","0.0181884765625","0.0181884765625"
"8194","0.000335693359375","0.000335693359375","0.000335693359375"
"8195","16","16","16"
"8196","0.000335693359375","0.000335693359375","0.000335693359375"
"8197","0.000335693359375","0.000335693359375","0.000335693359375"
"8198","0.000335693359375","0.000335693359375","0.000335693359375"
"8199","4.03125","4.03125","4.03125"
"8200","0.0181884765625","0.0181884765625","0.0181884765625"
"8201","0.69140625","0.69140625","0.69140625"
"8202","8","8","8"
"8203","0.69140625","0.69140625","0.69140625"
"8204","8","8","8"
"8205","0.000335693359375","0.000335693359375","0.000335693359375"
"8206","0.000335693359375","0.000335693359375","0.000335693359375"
"8207","16","16","16"
"8208","0.126953125","0.126953125","0.126953125"
"8209","0.0181884765625","0.0181884765625","0.0181884765625"
"8211","0.000335693359375","0.000335693359375","0.000335693359375"
"8212","0.69140625","0.69140625","0.69140625"
"8213","0.000335693359375","0.000335693359375","0.000335693359375"
"8214","1.126900315284729e-7","1.126900315284729e-7","1.126900315284729e-7"
"8215","0.69140625","0.69140625","0.69140625"
"8216","0.69140625","0.69140625","0.69140625"
"8217","0.69140625","0.69140625","0.69140625"
"8218","0.000335693359375","0.000335693359375","0.000335693359375"
"8219","0.000335693359375","0.000335693359375","0.000335693359375"
"8220","0.000335693359375","0.000335693359375","0.000335693359375"
"8221","0.69140625","0.69140625","0.69140625"
"8222","1.126900315284729e-7","1.126900315284729e-7","1.126900315284729e-7"
"8223","0.69140625","0.69140625","0.69140625"
"8224","4.03125","4.03125","4.03125"
"8225","16","16","16"
"8226","0.000335693359375","0.000335693359375","0.000335693359375"
"8227","16","16","16"
"8228","0.69140625","0.69140625","0.69140625"
"8229","8","8","8"
"8230","0.0181884765625","0.0181884765625","0.0181884765625"
"8231","0.0181884765625","0.0181884765625","0.0181884765625"
"8232","0.69140625","0.69140625","0.69140625"
"8233","8","8","8"
"8234","8","8","8"
"8235","16","16","16"
"8236","0.000335693359375","0.000335693359375","0.000335693359375"
"8238","1.126900315284729e-7","1.126900315284729e-7","1.126900315284729e-7"
"8239","0.69140625","0.69140625","0.69140625"
"8240","0.000335693359375","0.000335693359375","0.000335693359375"
"8241","0.000335693359375","0.000335693359375","0.000335693359375"
"8242","0.69140625","0.69140625","0.69140625"
"8244","0.0181884765625","0.0181884765625","0.0181884765625"
"8245","0.000335693359375","0.000335693359375","0.000335693359375"
"8246","0.69140625","0.69140625","0.69140625"
"8247","16","16","16"
"8248","2.125","2.125","2.125"
"8249","16","16","16"
"8250","0.69140625","0.69140625","0.69140625"
"8251","0.69140625","0.69140625","0.69140625"
"8252","4.03125","4.03125","4.03125"
"8253","0.000335693359375","0.000335693359375","0.000335693359375"
"8255","16","16","16"
"8256","0.0181884765625","0.0181884765625","0.0181884765625"
"8257","0.000335693359375","0.000335693359375","0.000335693359375"
"8258","0.0181884765625","0.0181884765625","0.0181884765625"
"8259","0.69140625","0.69140625","0.69140625"
"8260","1.126900315284729e-7","1.126900315284729e-7","1.126900315284729e-7"
"8261","0.0181884765625","0.0181884765625","0.0181884765625"
"8262","0.69140625","0.69140625","0.69140625"
"8263","16","16","16"
"8264","0.000335693359375","0.000335693359375","0.000335693359375"
"8265","0.69140625","0.69140625","0.69140625"
"8266","0.69140625","0.69140625","0.69140625"
"8267","0.000335693359375","0.000335693359375","0.000335693359375"
"8268","0.0181884765625","0.0181884765625","0.0181884765625"
"8269","0.002471923828125","0.002471923828125","0.002471923828125"
"8270","0.000335693359375","0.000335693359375","0.000335693359375"
"8271","0.000335693359375","0.000335693359375","0.000335693359375"
"8272","1.126900315284729e-7","1.126900315284729e-7","1.126900315284729e-7"
"8273","1.126900315284729e-7","1.126900315284729e-7","1.126900315284729e-7"
"8274","0.69140625","0.69140625","0.69140625"
"8275","0.69140625","0.69140625","0.69140625"
"8276","0.000335693359375","0.000335693359375","0.000335693359375"
"8277","0.69140625","0.69140625","0.69140625"
"8278","0.69140625","0.69140625","0.69140625"
"8279","1.126900315284729e-7","1.126900315284729e-7","1.126900315284729e-7"
"8280","0.69140625","0.69140625","0.69140625"
"8282","0.69140625","0.69140625","0.69140625"
"8283","0.69140625","0.69140625","0.69140625"
"8284","0.69140625","0.69140625","0.69140625"
"8285","3.774403012357652e-11","3.774403012357652e-11","3.774403012357652e-11"
"8286","0.69140625","0.69140625","0.69140625"
"8287","0.0181884765625","0.0181884765625","0.0181884765625"
"8289","0.000335693359375","0.000335693359375","0.000335693359375"
"8290","0.69140625","0.69140625","0.69140625"
"8291","0.69140625","0.69140625","0.69140625"
"8292","0.69140625","0.69140625","0.69140625"
"8293","0.000335693359375","0.000335693359375","0.000335693359375"
"8294","0.69140625","0.69140625","0.69140625"
"8295","3.774403012357652e-11","3.774403012357652e-11","3.774403012357652e-11"
"8296","1.126900315284729e-7","1.126900315284729e-7","1.126900315284729e-7"
"8299","0.69140625","0.69140625","0.69140625"
"8300","8","8","8"
"8301","0.0181884765625","0.0181884765625","0.0181884765625"
"8302","0.69140625","0.69140625","0.69140625"
"8304","1.2656542480726785e-14","1.2656542480726785e-14","1.2656542480726785e-14"
"8305","8","8","8"
"8306","3.774403012357652e-11","3.774403012357652e-11","3.774403012357652e-11"
"8307","1.126900315284729e-7","1.126900315284729e-7","1.126900315284729e-7"
"8309","0.69140625","0.69140625","0.69140625"
"8310","0.69140625","0.69140625","0.69140625"
"8311","2.125","2.125","2.125"
"8312","0.000335693359375","0.000335693359375","0.000335693359375"
"8313","0.69140625","0.69140625","0.69140625"
"8314","0.69140625","0.69140625","0.69140625"
"8315","0.69140625","0.69140625","0.69140625"
"8316","1.126900315284729e-7","1.126900315284729e-7","1.126900315284729e-7"
"8317","0.69140625","0.69140625","0.69140625"
"8318","0.69140625","0.69140625","0.69140625"
"8319","0.69140625","0.69140625","0.69140625"
"8320","4.03125","4.03125","4.03125"
"8321","0.126953125","0.126953125","0.126953125"
"8322","0.000335693359375","0.000335693359375","0.000335693359375"
"8323","1.126900315284729e-7","1.126900315284729e-7","1.126900315284729e-7"
"8324","0.69140625","0.69140625","0.69140625"
"8325","0.69140625","0.69140625","0.69140625"
"8327","0.69140625","0.69140625","0.69140625"
"8328","0.000335693359375","0.000335693359375","0.000335693359375"
"8329","0.69140625","0.69140625","0.69140625"
"8330","0.69140625","0.69140625","0.69140625"
"8331","1.126900315284729e-7","1.126900315284729e-7","1.126900315284729e-7"
"8332","0.002471923828125","0.002471923828125","0.002471923828125"
"8333","0.126953125","0.126953125","0.126953125"
"8334","0.69140625","0.69140625","0.69140625"
"8335","0.0181884765625","0.0181884765625","0.0181884765625"
"8336","0.000335693359375","0.000335693359375","0.000335693359375"
"8337","0.000335693359375","0.000335693359375","0.000335693359375"
"8338","8","8","8"
"8339","0.69140625","0.69140625","0.69140625"
"8340","0.000335693359375","0.000335693359375","0.000335693359375"
"8341","0.000335693359375","0.000335693359375","0.000335693359375"
"8343","0.69140625","0.69140625","0.69140625"
"8344","0.69140625","0.69140625","0.69140625"
"8345","0.69140625","0.69140625","0.69140625"
"8346","0.69140625","0.69140625","0.69140625"
"8347","0.000335693359375","0.000335693359375","0.000335693359375"
"8348","3.774403012357652e-11","3.774403012357652e-11","3.774403012357652e-11"
"8349","0.69140625","0.69140625","0.69140625"
"8350","0.000335693359375","0.000335693359375","0.000335693359375"
"8351","0.69140625","0.69140625","0.69140625"
"8352","0.69140625","0.69140625","0.69140625"
"8353","0.69140625","0.69140625","0.69140625"
"8354","0.69140625","0.69140625","0.69140625"
"8355","0.0181884765625","0.0181884765625","0.0181884765625"
"8356","0.69140625","0.69140625","0.69140625"
"8357","0.0181884765625","0.0181884765625","0.0181884765625"
"8358","4.03125","4.03125","4.03125"
"8359","0.000335693359375","0.000335693359375","0.000335693359375"
"8360","0.69140625","0.69140625","0.69140625"
"8361","8","8","8"
"8362","0.69140625","0.69140625","0.69140625"
"8364","0.69140625","0.69140625","0.69140625"
"8365","0.0181884765625","0.0181884765625","0.0181884765625"
"8366","0.0181884765625","0.0181884765625","0.0181884765625"
"8367","0.69140625","0.69140625","0.69140625"
"8369","0.69140625","0.69140625","0.69140625"
"8370","0.000335693359375","0.000335693359375","0.000335693359375"
"8371","0.000335693359375","0.000335693359375","0.000335693359375"
"8372","3.774403012357652e-11","3.774403012357652e-11","3.774403012357652e-11"
"8373","0.0181884765625","0.0181884765625","0.0181884765625"
"8374","0.000335693359375","0.000335693359375","0.000335693359375"
"8375","0.69140625","0.69140625","0.69140625"
"8376","0.0181884765625","0.0181884765625","0.0181884765625"
"8377","1.2656542480726785e-14","1.2656542480726785e-14","1.2656542480726785e-14"
"8378","0.69140625","0.69140625","0.69140625"
"8379","0.69140625","0.69140625","0.69140625"
"8380","0.000335693359375","0.000335693359375","0.000335693359375"
"8381","0.000335693359375","0.000335693359375","0.000335693359375"
"8382","0.69140625","0.69140625","0.69140625"
"8383","16","16","16"
"8384","0.69140625","0.69140625","0.69140625"
"8385","0.000335693359375","0.000335693359375","0.000335693359375"
"8386","1.126900315284729e-7","1.126900315284729e-7","1.126900315284729e-7"
"8387","0.69140625","0.69140625","0.69140625"
"8388","1.126900315284729e-7","1.126900315284729e-7","1.126900315284729e-7"
"8389","0.69140625","0.69140625","0.69140625"
"8390","0.000335693359375","0.000335693359375","0.000335693359375"
"8391","8","8","8"
"8392","0.000335693359375","0.000335693359375","0.000335693359375"
"8393","0.000335693359375","0.000335693359375","0.000335693359375"
"8394","8","8","8"
"8395","16","16","16"
"8396","1.2656542480726785e-14","1.2656542480726785e-14","1.2656542480726785e-14"
"8397","16","16","16"
"8398","1.126900315284729e-7","1.126900315284729e-7","1.126900315284729e-7"
"8399","0.126953125","0.126953125","0.126953125"
"8400","0.69140625","0.69140625","0.69140625"
"8401","0.000335693359375","0.000335693359375","0.000335693359375"
"8402","1.126900315284729e-7","1.126900315284729e-7","1.126900315284729e-7"
"8403","3.774403012357652e-11","3.774403012357652e-11","3.774403012357652e-11"
"8404","0.69140625","0.69140625","0.69140625"
"8405","8","8","8"
"8406","0.000335693359375","0.000335693359375","0.000335693359375"
"8407","8","8","8"
"8408","0.69140625","0.69140625","0.69140625"
"8409","0.69140625","0.69140625","0.69140625"
"8410","0.69140625","0.69140625","0.69140625"
"8411","0.000335693359375","0.000335693359375","0.000335693359375"
"8412","0.69140625","0.69140625","0.69140625"
"8413","8","8","8"
"8414","0.69140625","0.69140625","0.69140625"
"8415","0.69140625","0.69140625","0.69140625"
"8416","0.69140625","0.69140625","0.69140625"
"8417","0.69140625","0.69140625","0.69140625"
"8418","0.0181884765625","0.0181884765625","0.0181884765625"
"8419","0.000335693359375","0.000335693359375","0.000335693359375"
"8420","0.69140625","0.69140625","0.69140625"
"8421","0.69140625","0.69140625","0.69140625"
"8422","1.126900315284729e-7","1.126900315284729e-7","1.126900315284729e-7"
"8423","12","12","12"
"8424","1.126900315284729e-7","1.126900315284729e-7","1.126900315284729e-7"
"8425","0.69140625","0.69140625","0.69140625"
"8426","0.69140625","0.69140625","0.69140625"
"8427","1.126900315284729e-7","1.126900315284729e-7","1.126900315284729e-7"
"8428","0.69140625","0.69140625","0.69140625"
"8429","0.69140625","0.69140625","0.69140625"
"8430","0.000335693359375","0.000335693359375","0.000335693359375"
"8431","1.126900315284729e-7","1.126900315284729e-7","1.126900315284729e-7"
"8432","1.2656542480726785e-14","1.2656542480726785e-14","1.2656542480726785e-14"
"8433","1.126900315284729e-7","1.126900315284729e-7","1.126900315284729e-7"
"8434","0.69140625","0.69140625","0.69140625"
"8435","0.69140625","0.69140625","0.69140625"
"8436","8","8","8"
"8437","0.000335693359375","0.000335693359375","0.000335693359375"
"8438","0.69140625","0.69140625","0.69140625"
"8439","0.000335693359375","0.000335693359375","0.000335693359375"
"8440","0.69140625","0.69140625","0.69140625"
"8441","1.126900315284729e-7","1.126900315284729e-7","1.126900315284729e-7"
"8442","1.126900315284729e-7","1.126900315284729e-7","1.126900315284729e-7"
"8443","1.126900315284729e-7","1.126900315284729e-7","1.126900315284729e-7"
"8444","0.69140625","0.69140625","0.69140625"
"8445","0.69140625","0.69140625","0.69140625"
"8446","0.69140625","0.69140625","0.69140625"
"8447","0.69140625","0.69140625","0.69140625"
"8448","0.000335693359375","0.000335693359375","0.000335693359375"
"8449","1.126900315284729e-7","1.126900315284729e-7","1.126900315284729e-7"
"8450","0.69140625","0.69140625","0.69140625"
"8451","0.0181884765625","0.0181884765625","0.0181884765625"
"8452","8","8","8"
"8453","0.69140625","0.69140625","0.69140625"
"8454","0.000335693359375","0.000335693359375","0.000335693359375"
"8455","0.69140625","0.69140625","0.69140625"
"8456","3.774403012357652e-11","3.774403012357652e-11","3.774403012357652e-11"
"8457","0.69140625","0.69140625","0.69140625"
"8458","16","16","16"
"8459","0.000335693359375","0.000335693359375","0.000335693359375"
"8460","2.125","2.125","2.125"
"8461","0.69140625","0.69140625","0.69140625"
"8462","16","16","16"
"8463","0.69140625","0.69140625","0.69140625"
"8464","0.69140625","0.69140625","0.69140625"
"8466","1.126900315284729e-7","1.126900315284729e-7","1.126900315284729e-7"
"8467","0.69140625","0.69140625","0.69140625"
"8468","0.69140625","0.69140625","0.69140625"
"8469","0.69140625","0.69140625","0.69140625"
"8470","0.69140625","0.69140625","0.69140625"
"8471","0.69140625","0.69140625","0.69140625"
"8472","4.03125","4.03125","4.03125"
"8473","1.126900315284729e-7","1.126900315284729e-7","1.126900315284729e-7"
"8474","1.2656542480726785e-14","1.2656542480726785e-14","1.2656542480726785e-14"
"8475","0.000335693359375","0.000335693359375","0.000335693359375"
"8476","2.066371962428093e-9","2.066371962428093e-9","2.066371962428093e-9"
"8477","0.69140625","0.69140625","0.69140625"
"8478","0.69140625","0.69140625","0.69140625"
"8479","0.0181884765625","0.0181884765625","0.0181884765625"
"8480","8","8","8"
"8481","0.69140625","0.69140625","0.69140625"
"8482","8","8","8"
"8483","0.000335693359375","0.000335693359375","0.000335693359375"
"8484","0.69140625","0.69140625","0.69140625"
"8485","0.69140625","0.69140625","0.69140625"
"8486","0.000335693359375","0.000335693359375","0.000335693359375"
"8487","0.69140625","0.69140625","0.69140625"
"8488","1.126900315284729e-7","1.126900315284729e-7","1.126900315284729e-7"
"8490","0.69140625","0.69140625","0.69140625"
"8491","0.69140625","0.69140625","0.69140625"
"8492","0.69140625","0.69140625","0.69140625"
"8493","0.000006139278411865234","0.000006139278411865234","0.000006139278411865234"
"8494","1.126900315284729e-7","1.126900315284729e-7","1.126900315284729e-7"
"8495","0.69140625","0.69140625","0.69140625"
"8496","0.69140625","0.69140625","0.69140625"
"8497","0.69140625","0.69140625","0.69140625"
"8498","0.000006139278411865234","0.000006139278411865234","0.000006139278411865234"
"8499","0.69140625","0.69140625","0.69140625"
"8500","0.0181884765625","0.0181884765625","0.0181884765625"
"8501","12","12","12"
"8502","4.03125","4.03125","4.03125"
"8503","0.0181884765625","0.0181884765625","0.0181884765625"
"8504","0.69140625","0.69140625","0.69140625"
"8505","0.69140625","0.69140625","0.69140625"
"8506","1.126900315284729e-7","1.126900315284729e-7","1.126900315284729e-7"
"8507","1.2656542480726785e-14","1.2656542480726785e-14","1.2656542480726785e-14"
"8508","4.03125","4.03125","4.03125"
"8509","0.69140625","0.69140625","0.69140625"
"8510","1.126900315284729e-7","1.126900315284729e-7","1.126900315284729e-7"
"8511","0.000335693359375","0.000335693359375","0.000335693359375"
"8512","0.69140625","0.69140625","0.69140625"
"8513","0.69140625","0.69140625","0.69140625"
"8514","24","24","24"
"8515","0.000335693359375","0.000335693359375","0.000335693359375"
"8516","0.000335693359375","0.000335693359375","0.000335693359375"
"8517","0.000335693359375","0.000335693359375","0.000335693359375"
"8518","0.69140625","0.69140625","0.69140625"
"8519","0.000335693359375","0.000335693359375","0.000335693359375"
"8521","0.000335693359375","0.000335693359375","0.000335693359375"
"8522","0.69140625","0.69140625","0.69140625"
"8523","0.69140625","0.69140625","0.69140625"
"8524","0.0181884765625","0.0181884765625","0.0181884765625"
"8525","0.000335693359375","0.000335693359375","0.000335693359375"
"8526","0.69140625","0.69140625","0.69140625"
"8527","16","16","16"
"8528","8","8","8"
"8530","0.000335693359375","0.000335693359375","0.000335693359375"
"8531","8","8","8"
"8532","0.69140625","0.69140625","0.69140625"
"8533","8","8","8"
"8534","0.000335693359375","0.000335693359375","0.000335693359375"
"8535","0.69140625","0.69140625","0.69140625"
"8536","0.69140625","0.69140625","0.69140625"
"8537","0.0181884765625","0.0181884765625","0.0181884765625"
"8539","0.69140625","0.69140625","0.69140625"
"8540","0.69140625","0.69140625","0.69140625"
"8541","0.69140625","0.69140625","0.69140625"
"8542","0.69140625","0.69140625","0.69140625"
"8543","16","16","16"
"8544","16","16","16"
"8545","0.69140625","0.69140625","0.69140625"
"8546","0.69140625","0.69140625","0.69140625"
"8547","0.69140625","0.69140625","0.69140625"
"8548","0.69140625","0.69140625","0.69140625"
"8550","8","8","8"
"8551","1.126900315284729e-7","1.126900315284729e-7","1.126900315284729e-7"
"8552","0.69140625","0.69140625","0.69140625"
"8553","0.000335693359375","0.000335693359375","0.000335693359375"
"8555","0.000335693359375","0.000335693359375","0.000335693359375"
"8556","4.03125","4.03125","4.03125"
"8558","0.69140625","0.69140625","0.69140625"
"8559","1.126900315284729e-7","1.126900315284729e-7","1.126900315284729e-7"
"8560","0.69140625","0.69140625","0.69140625"
"8561","0.69140625","0.69140625","0.69140625"
"8563","0.69140625","0.69140625","0.69140625"
"8564","8","8","8"
"8566","0.000335693359375","0.000335693359375","0.000335693359375"
"8567","1.126900315284729e-7","1.126900315284729e-7","1.126900315284729e-7"
"8568","0.69140625","0.69140625","0.69140625"
"8569","0.000335693359375","0.000335693359375","0.000335693359375"
"8570","0.69140625","0.69140625","0.69140625"
"8571","2.125","2.125","2.125"
"8573","8","8","8"
"8574","0.000335693359375","0.000335693359375","0.000335693359375"
"8576","0.000335693359375","0.000335693359375","0.000335693359375"
"8577","8","8","8"
"8578","8","8","8"
"8579","0.69140625","0.69140625","0.69140625"
"8580","0.000335693359375","0.000335693359375","0.000335693359375"
"8581","0.000335693359375","0.000335693359375","0.000335693359375"
"8582","0.69140625","0.69140625","0.69140625"
"8583","0.000335693359375","0.000335693359375","0.000335693359375"
"8584","0.000335693359375","0.000335693359375","0.000335693359375"
"8585","0.69140625","0.69140625","0.69140625"
"8586","0.000335693359375","0.000335693359375","0.000335693359375"
"8588","0.69140625","0.69140625","0.69140625"
"8589","0.0181884765625","0.0181884765625","0.0181884765625"
"8590","8","8","8"
"8591","0.69140625","0.69140625","0.69140625"
"8592","0.69140625","0.69140625","0.69140625"
"8593","0.000335693359375","0.000335693359375","0.000335693359375"
"8594","1.126900315284729e-7","1.126900315284729e-7","1.126900315284729e-7"
"8595","0.69140625","0.69140625","0.69140625"
"8596","0.69140625","0.69140625","0.69140625"
"8597","0.69140625","0.69140625","0.69140625"
"8598","8","8","8"
"8599","1.126900315284729e-7","1.126900315284729e-7","1.126900315284729e-7"
"8600","1.126900315284729e-7","1.126900315284729e-7","1.126900315284729e-7"
"8601","3.774403012357652e-11","3.774403012357652e-11","3.774403012357652e-11"
"8602","0.000335693359375","0.000335693359375","0.000335693359375"
"8603","0.0181884765625","0.0181884765625","0.0181884765625"
"8604","0.69140625","0.69140625","0.69140625"
"8605","0.69140625","0.69140625","0.69140625"
"8606","0.69140625","0.69140625","0.69140625"
"8607","0.69140625","0.69140625","0.69140625"
"8608","0.69140625","0.69140625","0.69140625"
"8609","1.126900315284729e-7","1.126900315284729e-7","1.126900315284729e-7"
"8610","32","32","32"
"8611","0.69140625","0.69140625","0.69140625"
"8612","0.69140625","0.69140625","0.69140625"
"8613","0.69140625","0.69140625","0.69140625"
"8614","0.000006139278411865234","0.000006139278411865234","0.000006139278411865234"
"8615","0.000335693359375","0.000335693359375","0.000335693359375"
"8616","0.69140625","0.69140625","0.69140625"
"8617","0.000335693359375","0.000335693359375","0.000335693359375"
"8618","3.774403012357652e-11","3.774403012357652e-11","3.774403012357652e-11"
"8619","0.69140625","0.69140625","0.69140625"
"8620","0.000335693359375","0.000335693359375","0.000335693359375"
"8621","8","8","8"
"8622","0.000335693359375","0.000335693359375","0.000335693359375"
"8624","4.782137916322191e-25","4.782137916322191e-25","4.782137916322191e-25"
"8625","1.126900315284729e-7","1.126900315284729e-7","1.126900315284729e-7"
"8627","8","8","8"
"8628","0.69140625","0.69140625","0.69140625"
"8629","8","8","8"
"8631","0.000335693359375","0.000335693359375","0.000335693359375"
"8632","1.126900315284729e-7","1.126900315284729e-7","1.126900315284729e-7"
"8633","0.69140625","0.69140625","0.69140625"
"8634","0.000335693359375","0.000335693359375","0.000335693359375"
"8635","1.126900315284729e-7","1.126900315284729e-7","1.126900315284729e-7"
"8636","0.69140625","0.69140625","0.69140625"
"8637","0.000335693359375","0.000335693359375","0.000335693359375"
"8638","0.69140625","0.69140625","0.69140625"
"8640","0.000335693359375","0.000335693359375","0.000335693359375"
"8641","0.69140625","0.69140625","0.69140625"
"8642","0.69140625","0.69140625","0.69140625"
"8643","0.69140625","0.69140625","0.69140625"
"8645","0.69140625","0.69140625","0.69140625"
"8646","0.69140625","0.69140625","0.69140625"
"8647","1.126900315284729e-7","1.126900315284729e-7","1.126900315284729e-7"
"8648","0.000335693359375","0.000335693359375","0.000335693359375"
"8649","0.000335693359375","0.000335693359375","0.000335693359375"
"8650","0.69140625","0.69140625","0.69140625"
"8651","0.69140625","0.69140625","0.69140625"
"8652","8","8","8"
"8653","0.002471923828125","0.002471923828125","0.002471923828125"
"8654","0.69140625","0.69140625","0.69140625"
"8655","0.0181884765625","0.0181884765625","0.0181884765625"
"8657","0.000335693359375","0.000335693359375","0.000335693359375"
"8658","0.69140625","0.69140625","0.69140625"
"8659","1.126900315284729e-7","1.126900315284729e-7","1.126900315284729e-7"
"8660","0.000335693359375","0.000335693359375","0.000335693359375"
"8661","0.69140625","0.69140625","0.69140625"
"8662","0.000335693359375","0.000335693359375","0.000335693359375"
"8663","0.69140625","0.69140625","0.69140625"
"8664","2.125","2.125","2.125"
"8665","0.69140625","0.69140625","0.69140625"
"8666","1.2656542480726785e-14","1.2656542480726785e-14","1.2656542480726785e-14"
"8667","8","8","8"
"8668","0.002471923828125","0.002471923828125","0.002471923828125"
"8669","0.000335693359375","0.000335693359375","0.000335693359375"
"8670","0.69140625","0.69140625","0.69140625"
"8671","1.126900315284729e-7","1.126900315284729e-7","1.126900315284729e-7"
"8672","0.69140625","0.69140625","0.69140625"
"8674","0.69140625","0.69140625","0.69140625"
"8675","0.69140625","0.69140625","0.69140625"
"8676","0.69140625","0.69140625","0.69140625"
"8677","0.69140625","0.69140625","0.69140625"
"8678","0.69140625","0.69140625","0.69140625"
"8680","0.69140625","0.69140625","0.69140625"
"8682","0.126953125","0.126953125","0.126953125"
"8683","0.69140625","0.69140625","0.69140625"
"8684","0.69140625","0.69140625","0.69140625"
"8685","0.000335693359375","0.000335693359375","0.000335693359375"
"8686","1.126900315284729e-7","1.126900315284729e-7","1.126900315284729e-7"
"8687","0.69140625","0.69140625","0.69140625"
"8688","3.774403012357652e-11","3.774403012357652e-11","3.774403012357652e-11"
"8689","0.69140625","0.69140625","0.69140625"
"8690","0.69140625","0.69140625","0.69140625"
"8691","1.126900315284729e-7","1.126900315284729e-7","1.126900315284729e-7"
"8692","1.126900315284729e-7","1.126900315284729e-7","1.126900315284729e-7"
"8693","8","8","8"
"8694","2.125","2.125","2.125"
"8695","0.69140625","0.69140625","0.69140625"
"8696","0.69140625","0.69140625","0.69140625"
"8698","0.69140625","0.69140625","0.69140625"
"8699","0.126953125","0.126953125","0.126953125"
"8700","0.69140625","0.69140625","0.69140625"
"8701","1.2656542480726785e-14","1.2656542480726785e-14","1.2656542480726785e-14"
"8702","0.69140625","0.69140625","0.69140625"
"8703","0.000335693359375","0.000335693359375","0.000335693359375"
"8704","4.03125","4.03125","4.03125"
"8705","0.69140625","0.69140625","0.69140625"
"8706","0.69140625","0.69140625","0.69140625"
"8707","0.69140625","0.69140625","0.69140625"
"8708","0.000335693359375","0.000335693359375","0.000335693359375"
"8709","0.69140625","0.69140625","0.69140625"
"8710","0.69140625","0.69140625","0.69140625"
"8711","1.126900315284729e-7","1.126900315284729e-7","1.126900315284729e-7"
"8712","0.69140625","0.69140625","0.69140625"
"8713","0.69140625","0.69140625","0.69140625"
"8714","1.126900315284729e-7","1.126900315284729e-7","1.126900315284729e-7"
"8715","0.0181884765625","0.0181884765625","0.0181884765625"
"8716","0.69140625","0.69140625","0.69140625"
"8717","1.126900315284729e-7","1.126900315284729e-7","1.126900315284729e-7"
"8718","0.69140625","0.69140625","0.69140625"
"8719","8","8","8"
"8720","0.69140625","0.69140625","0.69140625"
"8721","0.69140625","0.69140625","0.69140625"
"8722","0.69140625","0.69140625","0.69140625"
"8723","4.03125","4.03125","4.03125"
"8724","0.69140625","0.69140625","0.69140625"
"8725","0.69140625","0.69140625","0.69140625"
"8726","4.03125","4.03125","4.03125"
"8727","0.69140625","0.69140625","0.69140625"
"8728","0.000335693359375","0.000335693359375","0.000335693359375"
"8729","0.000335693359375","0.000335693359375","0.000335693359375"
"8730","8","8","8"
"8731","0.69140625","0.69140625","0.69140625"
"8733","0.000335693359375","0.000335693359375","0.000335693359375"
"8734","32","32","32"
"8735","16","16","16"
"8736","3.774403012357652e-11","3.774403012357652e-11","3.774403012357652e-11"
"8737","1.126900315284729e-7","1.126900315284729e-7","1.126900315284729e-7"
"8738","0.69140625","0.69140625","0.69140625"
"8739","0.000335693359375","0.000335693359375","0.000335693359375"
"8740","8","8","8"
"8741","0.69140625","0.69140625","0.69140625"
"8742","16","16","16"
"8743","0.69140625","0.69140625","0.69140625"
"8744","4.03125","4.03125","4.03125"
"8745","0.000335693359375","0.000335693359375","0.000335693359375"
"8746","0.69140625","0.69140625","0.69140625"
"8747","1.2656542480726785e-14","1.2656542480726785e-14","1.2656542480726785e-14"
"8748","4.03125","4.03125","4.03125"
"8749","0.69140625","0.69140625","0.69140625"
"8750","4.03125","4.03125","4.03125"
"8751","0.69140625","0.69140625","0.69140625"
"8752","0.69140625","0.69140625","0.69140625"
"8753","0.0181884765625","0.0181884765625","0.0181884765625"
"8754","0.000335693359375","0.000335693359375","0.000335693359375"
"8755","0.69140625","0.69140625","0.69140625"
"8756","8","8","8"
"8758","0.000335693359375","0.000335693359375","0.000335693359375"
"8759","0.000335693359375","0.000335693359375","0.000335693359375"
"8761","8","8","8"
"8762","0.69140625","0.69140625","0.69140625"
"8763","1.126900315284729e-7","1.126900315284729e-7","1.126900315284729e-7"
"8764","0.000335693359375","0.000335693359375","0.000335693359375"
"8765","0.69140625","0.69140625","0.69140625"
"8766","0.0181884765625","0.0181884765625","0.0181884765625"
"8767","0.69140625","0.69140625","0.69140625"
"8768","0.000335693359375","0.000335693359375","0.000335693359375"
"8769","0.000335693359375","0.000335693359375","0.000335693359375"
"8770","1.126900315284729e-7","1.126900315284729e-7","1.126900315284729e-7"
"8771","0.69140625","0.69140625","0.69140625"
"8772","0.69140625","0.69140625","0.69140625"
"8773","0.000335693359375","0.000335693359375","0.000335693359375"
"8774","0.000335693359375","0.000335693359375","0.000335693359375"
"8775","0.69140625","0.69140625","0.69140625"
"8777","16","16","16"
"8778","0.69140625","0.69140625","0.69140625"
"8779","0.000335693359375","0.000335693359375","0.000335693359375"
"8780","0.69140625","0.69140625","0.69140625"
"8781","0.69140625","0.69140625","0.69140625"
"8782","16","16","16"
"8783","0.69140625","0.69140625","0.69140625"
"8784","0.69140625","0.69140625","0.69140625"
"8785","1.126900315284729e-7","1.126900315284729e-7","1.126900315284729e-7"
"8786","0.000335693359375","0.000335693359375","0.000335693359375"
"8787","0.69140625","0.69140625","0.69140625"
"8788","0.69140625","0.69140625","0.69140625"
"8790","0.69140625","0.69140625","0.69140625"
"8791","0.69140625","0.69140625","0.69140625"
"8792","0.69140625","0.69140625","0.69140625"
"8793","1.126900315284729e-7","1.126900315284729e-7","1.126900315284729e-7"
"8795","0.69140625","0.69140625","0.69140625"
"8796","0.69140625","0.69140625","0.69140625"
"8797","0.69140625","0.69140625","0.69140625"
"8798","8","8","8"
"8799","8","8","8"
"8800","0.69140625","0.69140625","0.69140625"
"8801","0.000335693359375","0.000335693359375","0.000335693359375"
"8802","0.69140625","0.69140625","0.69140625"
"8803","1.126900315284729e-7","1.126900315284729e-7","1.126900315284729e-7"
"8804","8","8","8"
"8805","0.0181884765625","0.0181884765625","0.0181884765625"
"8806","0.69140625","0.69140625","0.69140625"
"8807","0.000335693359375","0.000335693359375","0.000335693359375"
"8808","0.69140625","0.69140625","0.69140625"
"8809","0.69140625","0.69140625","0.69140625"
"8810","0.69140625","0.69140625","0.69140625"
"8811","0.0181884765625","0.0181884765625","0.0181884765625"
"8812","1.126900315284729e-7","1.126900315284729e-7","1.126900315284729e-7"
"8813","0.000006139278411865234","0.000006139278411865234","0.000006139278411865234"
"8814","0.69140625","0.69140625","0.69140625"
"8815","0.126953125","0.126953125","0.126953125"
"8816","0.69140625","0.69140625","0.69140625"
"8817","8","8","8"
"8818","1.126900315284729e-7","1.126900315284729e-7","1.126900315284729e-7"
"8819","0.000335693359375","0.000335693359375","0.000335693359375"
"8820","0.69140625","0.69140625","0.69140625"
"8821","8","8","8"
"8822","0.000335693359375","0.000335693359375","0.000335693359375"
"8823","0.000335693359375","0.000335693359375","0.000335693359375"
"8824","0.000335693359375","0.000335693359375","0.000335693359375"
"8825","8","8","8"
"8826","0.69140625","0.69140625","0.69140625"
"8827","0.0181884765625","0.0181884765625","0.0181884765625"
"8828","0.69140625","0.69140625","0.69140625"
"8829","0.000335693359375","0.000335693359375","0.000335693359375"
"8830","0.000335693359375","0.000335693359375","0.000335693359375"
"8831","8","8","8"
"8832","0.69140625","0.69140625","0.69140625"
"8834","0.69140625","0.69140625","0.69140625"
"8835","0.69140625","0.69140625","0.69140625"
"8836","0.000335693359375","0.000335693359375","0.000335693359375"
"8837","1.2656542480726785e-14","1.2656542480726785e-14","1.2656542480726785e-14"
"8839","0.000335693359375","0.000335693359375","0.000335693359375"
"8840","0.000335693359375","0.000335693359375","0.000335693359375"
"8841","0.000335693359375","0.000335693359375","0.000335693359375"
"8842","0.69140625","0.69140625","0.69140625"
"8843","0.000335693359375","0.000335693359375","0.000335693359375"
"8844","0.0181884765625","0.0181884765625","0.0181884765625"
"8845","1.126900315284729e-7","1.126900315284729e-7","1.126900315284729e-7"
"8846","0.69140625","0.69140625","0.69140625"
"8847","0.69140625","0.69140625","0.69140625"
"8848","8","8","8"
"8849","8","8","8"
"8850","1.2656542480726785e-14","1.2656542480726785e-14","1.2656542480726785e-14"
"8851","0.69140625","0.69140625","0.69140625"
"8852","0.69140625","0.69140625","0.69140625"
"8853","0.69140625","0.69140625","0.69140625"
"8854","0.69140625","0.69140625","0.69140625"
"8855","0.126953125","0.126953125","0.126953125"
"8856","1.126900315284729e-7","1.126900315284729e-7","1.126900315284729e-7"
"8857","8","8","8"
"8858","1.126900315284729e-7","1.126900315284729e-7","1.126900315284729e-7"
"8859","0.69140625","0.69140625","0.69140625"
"8860","0.69140625","0.69140625","0.69140625"
"8861","0.69140625","0.69140625","0.69140625"
"8862","0.69140625","0.69140625","0.69140625"
"8863","0.69140625","0.69140625","0.69140625"
"8864","0.69140625","0.69140625","0.69140625"
"8865","0.69140625","0.69140625","0.69140625"
"8866","16","16","16"
"8867","1.126900315284729e-7","1.126900315284729e-7","1.126900315284729e-7"
"8868","8","8","8"
"8869","8","8","8"
"8870","0.69140625","0.69140625","0.69140625"
"8871","4.03125","4.03125","4.03125"
"8872","0.69140625","0.69140625","0.69140625"
"8873","0.69140625","0.69140625","0.69140625"
"8874","0.69140625","0.69140625","0.69140625"
"8875","0.69140625","0.69140625","0.69140625"
"8876","1.126900315284729e-7","1.126900315284729e-7","1.126900315284729e-7"
"8877","0.69140625","0.69140625","0.69140625"
"8878","0.69140625","0.69140625","0.69140625"
"8879","0.69140625","0.69140625","0.69140625"
"8881","0.000335693359375","0.000335693359375","0.000335693359375"
"8882","0.69140625","0.69140625","0.69140625"
"8883","4.03125","4.03125","4.03125"
"8884","0.0181884765625","0.0181884765625","0.0181884765625"
"8885","0.69140625","0.69140625","0.69140625"
"8886","1.126900315284729e-7","1.126900315284729e-7","1.126900315284729e-7"
"8887","1.126900315284729e-7","1.126900315284729e-7","1.126900315284729e-7"
"8888","0.69140625","0.69140625","0.69140625"
"8889","4.03125","4.03125","4.03125"
"8890","0.000335693359375","0.000335693359375","0.000335693359375"
"8891","0.69140625","0.69140625","0.69140625"
"8892","0.69140625","0.69140625","0.69140625"
"8894","16","16","16"
"8895","0.000335693359375","0.000335693359375","0.000335693359375"
"8896","0.000335693359375","0.000335693359375","0.000335693359375"
"8897","0.000335693359375","0.000335693359375","0.000335693359375"
"8898","0.0181884765625","0.0181884765625","0.0181884765625"
"8899","0.000335693359375","0.000335693359375","0.000335693359375"
"8900","0.000335693359375","0.000335693359375","0.000335693359375"
"8901","8","8","8"
"8902","0.69140625","0.69140625","0.69140625"
"8903","8","8","8"
"8904","0.69140625","0.69140625","0.69140625"
"8905","8","8","8"
"8906","0.000335693359375","0.000335693359375","0.000335693359375"
"8907","0.69140625","0.69140625","0.69140625"
"8909","0.000335693359375","0.000335693359375","0.000335693359375"
"8910","0.000335693359375","0.000335693359375","0.000335693359375"
"8911","16","16","16"
"8912","0.69140625","0.69140625","0.69140625"
"8913","8","8","8"
"8914","0.000335693359375","0.000335693359375","0.000335693359375"
"8915","0.69140625","0.69140625","0.69140625"
"8916","0.000335693359375","0.000335693359375","0.000335693359375"
"8917","0.69140625","0.69140625","0.69140625"
"8918","0.0181884765625","0.0181884765625","0.0181884765625"
"8919","0.69140625","0.69140625","0.69140625"
"8920","1.126900315284729e-7","1.126900315284729e-7","1.126900315284729e-7"
"8921","0.69140625","0.69140625","0.69140625"
"8923","0.000335693359375","0.000335693359375","0.000335693359375"
"8924","1.2656542480726785e-14","1.2656542480726785e-14","1.2656542480726785e-14"
"8925","1.126900315284729e-7","1.126900315284729e-7","1.126900315284729e-7"
"8926","0.69140625","0.69140625","0.69140625"
"8927","8","8","8"
"8928","0.69140625","0.69140625","0.69140625"
"8929","0.000335693359375","0.000335693359375","0.000335693359375"
"8930","0.69140625","0.69140625","0.69140625"
"8931","1.126900315284729e-7","1.126900315284729e-7","1.126900315284729e-7"
"8932","1.126900315284729e-7","1.126900315284729e-7","1.126900315284729e-7"
"8933","1.2656542480726785e-14","1.2656542480726785e-14","1.2656542480726785e-14"
"8934","32","32","32"
"8935","0.000335693359375","0.000335693359375","0.000335693359375"
"8936","1.126900315284729e-7","1.126900315284729e-7","1.126900315284729e-7"
"8937","0.000335693359375","0.000335693359375","0.000335693359375"
"8938","4.03125","4.03125","4.03125"
"8939","0.000335693359375","0.000335693359375","0.000335693359375"
"8940","0.002471923828125","0.002471923828125","0.002471923828125"
"8941","0.69140625","0.69140625","0.69140625"
"8942","0.69140625","0.69140625","0.69140625"
"8943","0.69140625","0.69140625","0.69140625"
"8944","0.69140625","0.69140625","0.69140625"
"8945","0.69140625","0.69140625","0.69140625"
"8946","8","8","8"
"8947","0.000335693359375","0.000335693359375","0.000335693359375"
"8949","0.000335693359375","0.000335693359375","0.000335693359375"
"8950","0.69140625","0.69140625","0.69140625"
"8951","0.69140625","0.69140625","0.69140625"
"8952","0.69140625","0.69140625","0.69140625"
"8953","0.69140625","0.69140625","0.69140625"
"8954","4.03125","4.03125","4.03125"
"8955","0.69140625","0.69140625","0.69140625"
"8956","32","32","32"
"8957","0.69140625","0.69140625","0.69140625"
"8959","4.03125","4.03125","4.03125"
"8960","0.69140625","0.69140625","0.69140625"
"8961","8","8","8"
"8962","8","8","8"
"8963","0.000335693359375","0.000335693359375","0.000335693359375"
"8964","0.69140625","0.69140625","0.69140625"
"8965","0.69140625","0.69140625","0.69140625"
"8966","1.126900315284729e-7","1.126900315284729e-7","1.126900315284729e-7"
"8967","0.69140625","0.69140625","0.69140625"
"8968","1.2656542480726785e-14","1.2656542480726785e-14","1.2656542480726785e-14"
"8969","0.69140625","0.69140625","0.69140625"
"8970","0.69140625","0.69140625","0.69140625"
"8971","0.69140625","0.69140625","0.69140625"
"8972","4.03125","4.03125","4.03125"
"8973","0.69140625","0.69140625","0.69140625"
"8974","0.69140625","0.69140625","0.69140625"
"8975","0.69140625","0.69140625","0.69140625"
"8976","0.69140625","0.69140625","0.69140625"
"8977","4.03125","4.03125","4.03125"
"8978","0.69140625","0.69140625","0.69140625"
"8979","0.000335693359375","0.000335693359375","0.000335693359375"
"8980","0.69140625","0.69140625","0.69140625"
"8981","2.125","2.125","2.125"
"8982","0.69140625","0.69140625","0.69140625"
"8983","0.69140625","0.69140625","0.69140625"
"8984","0.000335693359375","0.000335693359375","0.000335693359375"
"8985","4.03125","4.03125","4.03125"
"8986","0.69140625","0.69140625","0.69140625"
"8987","0.69140625","0.69140625","0.69140625"
"8988","8","8","8"
"8989","0.69140625","0.69140625","0.69140625"
"8990","0.69140625","0.69140625","0.69140625"
"8991","0.69140625","0.69140625","0.69140625"
"8992","0.69140625","0.69140625","0.69140625"
"8993","0.69140625","0.69140625","0.69140625"
"8994","8","8","8"
"8995","0.000006139278411865234","0.000006139278411865234","0.000006139278411865234"
"8996","0.000335693359375","0.000335693359375","0.000335693359375"
"8997","0.69140625","0.69140625","0.69140625"
"8998","8","8","8"
"8999","0.000335693359375","0.000335693359375","0.000335693359375"
"9000","0.0181884765625","0.0181884765625","0.0181884765625"
"9001","0.0181884765625","0.0181884765625","0.0181884765625"
"9002","0.69140625","0.69140625","0.69140625"
"9003","0.69140625","0.69140625","0.69140625"
"9004","1.126900315284729e-7","1.126900315284729e-7","1.126900315284729e-7"
"9006","0.69140625","0.69140625","0.69140625"
"9007","0.69140625","0.69140625","0.69140625"
"9008","0.69140625","0.69140625","0.69140625"
"9009","0.69140625","0.69140625","0.69140625"
"9011","1.126900315284729e-7","1.126900315284729e-7","1.126900315284729e-7"
"9012","0.69140625","0.69140625","0.69140625"
"9013","0.69140625","0.69140625","0.69140625"
"9014","0.69140625","0.69140625","0.69140625"
"9015","32","32","32"
"9016","0.69140625","0.69140625","0.69140625"
"9017","0.000335693359375","0.000335693359375","0.000335693359375"
"9018","16","16","16"
"9019","0.000335693359375","0.000335693359375","0.000335693359375"
"9020","0.69140625","0.69140625","0.69140625"
"9021","0.000335693359375","0.000335693359375","0.000335693359375"
"9022","0.000335693359375","0.000335693359375","0.000335693359375"
"9023","0.000335693359375","0.000335693359375","0.000335693359375"
"9024","0.000335693359375","0.000335693359375","0.000335693359375"
"9025","1.126900315284729e-7","1.126900315284729e-7","1.126900315284729e-7"
"9026","1.126900315284729e-7","1.126900315284729e-7","1.126900315284729e-7"
"9027","0.000335693359375","0.000335693359375","0.000335693359375"
"9028","1.126900315284729e-7","1.126900315284729e-7","1.126900315284729e-7"
"9029","0.69140625","0.69140625","0.69140625"
"9030","1.126900315284729e-7","1.126900315284729e-7","1.126900315284729e-7"
"9031","1.126900315284729e-7","1.126900315284729e-7","1.126900315284729e-7"
"9032","24","24","24"
"9033","0.69140625","0.69140625","0.69140625"
"9034","0.69140625","0.69140625","0.69140625"
"9035","0.69140625","0.69140625","0.69140625"
"9036","16","16","16"
"9037","0.69140625","0.69140625","0.69140625"
"9038","0.69140625","0.69140625","0.69140625"
"9040","0.69140625","0.69140625","0.69140625"
"9041","0.69140625","0.69140625","0.69140625"
"9042","0.69140625","0.69140625","0.69140625"
"9043","0.69140625","0.69140625","0.69140625"
"9044","0.69140625","0.69140625","0.69140625"
"9045","1.126900315284729e-7","1.126900315284729e-7","1.126900315284729e-7"
"9046","0.000335693359375","0.000335693359375","0.000335693359375"
"9047","0.0181884765625","0.0181884765625","0.0181884765625"
"9048","0.002471923828125","0.002471923828125","0.002471923828125"
"9049","1.126900315284729e-7","1.126900315284729e-7","1.126900315284729e-7"
"9051","0.000335693359375","0.000335693359375","0.000335693359375"
"9052","0.69140625","0.69140625","0.69140625"
"9053","3.774403012357652e-11","3.774403012357652e-11","3.774403012357652e-11"
"9054","1.126900315284729e-7","1.126900315284729e-7","1.126900315284729e-7"
"9055","1.126900315284729e-7","1.126900315284729e-7","1.126900315284729e-7"
"9056","0.69140625","0.69140625","0.69140625"
"9057","0.000335693359375","0.000335693359375","0.000335693359375"
"9058","3.774403012357652e-11","3.774403012357652e-11","3.774403012357652e-11"
"9059","0.126953125","0.126953125","0.126953125"
"9060","0.000335693359375","0.000335693359375","0.000335693359375"
"9061","0.002471923828125","0.002471923828125","0.002471923828125"
"9063","0.69140625","0.69140625","0.69140625"
"9064","0.69140625","0.69140625","0.69140625"
"9065","0.002471923828125","0.002471923828125","0.002471923828125"
"9066","0.0181884765625","0.0181884765625","0.0181884765625"
"9067","0.69140625","0.69140625","0.69140625"
"9068","0.000335693359375","0.000335693359375","0.000335693359375"
"9069","0.000335693359375","0.000335693359375","0.000335693359375"
"9070","8","8","8"
"9071","0.69140625","0.69140625","0.69140625"
"9072","0.69140625","0.69140625","0.69140625"
"9073","8","8","8"
"9074","0.000335693359375","0.000335693359375","0.000335693359375"
"9075","8","8","8"
"9076","4.03125","4.03125","4.03125"
"9077","0.69140625","0.69140625","0.69140625"
"9078","0.0181884765625","0.0181884765625","0.0181884765625"
"9079","8","8","8"
"9080","0.69140625","0.69140625","0.69140625"
"9081","1.126900315284729e-7","1.126900315284729e-7","1.126900315284729e-7"
"9083","16","16","16"
"9084","8","8","8"
"9085","1.2656542480726785e-14","1.2656542480726785e-14","1.2656542480726785e-14"
"9086","0.69140625","0.69140625","0.69140625"
"9087","0.69140625","0.69140625","0.69140625"
"9088","0.69140625","0.69140625","0.69140625"
"9090","0.000006139278411865234","0.000006139278411865234","0.000006139278411865234"
"9091","0.000335693359375","0.000335693359375","0.000335693359375"
"9093","3.774403012357652e-11","3.774403012357652e-11","3.774403012357652e-11"
"9094","1.126900315284729e-7","1.126900315284729e-7","1.126900315284729e-7"
"9095","0.0181884765625","0.0181884765625","0.0181884765625"
"9096","1.126900315284729e-7","1.126900315284729e-7","1.126900315284729e-7"
"9097","0.69140625","0.69140625","0.69140625"
"9098","0.000335693359375","0.000335693359375","0.000335693359375"
"9099","8","8","8"
"9100","0.000335693359375","0.000335693359375","0.000335693359375"
"9101","1.126900315284729e-7","1.126900315284729e-7","1.126900315284729e-7"
"9102","0.000335693359375","0.000335693359375","0.000335693359375"
"9103","0.69140625","0.69140625","0.69140625"
"9104","0.69140625","0.69140625","0.69140625"
"9105","0.69140625","0.69140625","0.69140625"
"9106","1.126900315284729e-7","1.126900315284729e-7","1.126900315284729e-7"
"9107","0.69140625","0.69140625","0.69140625"
"9108","0.000335693359375","0.000335693359375","0.000335693359375"
"9109","0.000335693359375","0.000335693359375","0.000335693359375"
"9110","0.000335693359375","0.000335693359375","0.000335693359375"
"9111","0.0181884765625","0.0181884765625","0.0181884765625"
"9112","0.69140625","0.69140625","0.69140625"
"9113","0.000335693359375","0.000335693359375","0.000335693359375"
"9114","0.000335693359375","0.000335693359375","0.000335693359375"
"9115","0.69140625","0.69140625","0.69140625"
"9116","0.000335693359375","0.000335693359375","0.000335693359375"
"9119","0.000006139278411865234","0.000006139278411865234","0.000006139278411865234"
"9120","0.69140625","0.69140625","0.69140625"
"9121","1.126900315284729e-7","1.126900315284729e-7","1.126900315284729e-7"
"9122","0.0181884765625","0.0181884765625","0.0181884765625"
"9123","8","8","8"
"9124","0.69140625","0.69140625","0.69140625"
"9125","0.0181884765625","0.0181884765625","0.0181884765625"
"9127","0.69140625","0.69140625","0.69140625"
"9128","0.69140625","0.69140625","0.69140625"
"9129","0.69140625","0.69140625","0.69140625"
"9130","0.000335693359375","0.000335693359375","0.000335693359375"
"9131","0.69140625","0.69140625","0.69140625"
"9132","0.69140625","0.69140625","0.69140625"
"9133","0.69140625","0.69140625","0.69140625"
"9134","0.69140625","0.69140625","0.69140625"
"9135","0.0181884765625","0.0181884765625","0.0181884765625"
"9136","8","8","8"
"9137","0.69140625","0.69140625","0.69140625"
"9138","0.000335693359375","0.000335693359375","0.000335693359375"
"9140","0.69140625","0.69140625","0.69140625"
"9141","0.69140625","0.69140625","0.69140625"
"9142","8","8","8"
"9143","2.125","2.125","2.125"
"9144","0.0181884765625","0.0181884765625","0.0181884765625"
"9145","1.126900315284729e-7","1.126900315284729e-7","1.126900315284729e-7"
"9146","0.69140625","0.69140625","0.69140625"
"9147","0.000335693359375","0.000335693359375","0.000335693359375"
"9148","0.0181884765625","0.0181884765625","0.0181884765625"
"9149","0.000335693359375","0.000335693359375","0.000335693359375"
"9150","0.69140625","0.69140625","0.69140625"
"9151","1.126900315284729e-7","1.126900315284729e-7","1.126900315284729e-7"
"9152","0.69140625","0.69140625","0.69140625"
"9153","1.126900315284729e-7","1.126900315284729e-7","1.126900315284729e-7"
"9154","0.69140625","0.69140625","0.69140625"
"9155","1.126900315284729e-7","1.126900315284729e-7","1.126900315284729e-7"
"9156","16","16","16"
"9157","0.000335693359375","0.000335693359375","0.000335693359375"
"9158","0.000335693359375","0.000335693359375","0.000335693359375"
"9160","0.69140625","0.69140625","0.69140625"
"9161","0.000335693359375","0.000335693359375","0.000335693359375"
"9162","0.0181884765625","0.0181884765625","0.0181884765625"
"9163","8","8","8"
"9164","0.69140625","0.69140625","0.69140625"
"9165","0.69140625","0.69140625","0.69140625"
"9166","0.69140625","0.69140625","0.69140625"
"9167","0.69140625","0.69140625","0.69140625"
"9168","0.69140625","0.69140625","0.69140625"
"9169","1.126900315284729e-7","1.126900315284729e-7","1.126900315284729e-7"
"9170","0.000335693359375","0.000335693359375","0.000335693359375"
"9171","0.000335693359375","0.000335693359375","0.000335693359375"
"9172","0.69140625","0.69140625","0.69140625"
"9173","0.69140625","0.69140625","0.69140625"
"9174","0.002471923828125","0.002471923828125","0.002471923828125"
"9175","0.69140625","0.69140625","0.69140625"
"9176","0.69140625","0.69140625","0.69140625"
"9177","0.000335693359375","0.000335693359375","0.000335693359375"
"9178","0.69140625","0.69140625","0.69140625"
"9179","1.126900315284729e-7","1.126900315284729e-7","1.126900315284729e-7"
"9180","0.000335693359375","0.000335693359375","0.000335693359375"
"9181","0.69140625","0.69140625","0.69140625"
"9182","0.69140625","0.69140625","0.69140625"
"9183","0.69140625","0.69140625","0.69140625"
"9184","0.69140625","0.69140625","0.69140625"
"9185","0.0181884765625","0.0181884765625","0.0181884765625"
"9186","0.69140625","0.69140625","0.69140625"
"9187","0.000335693359375","0.000335693359375","0.000335693359375"
"9188","0.69140625","0.69140625","0.69140625"
"9189","0.000006139278411865234","0.000006139278411865234","0.000006139278411865234"
"9190","0.69140625","0.69140625","0.69140625"
"9191","1.126900315284729e-7","1.126900315284729e-7","1.126900315284729e-7"
"9192","1.126900315284729e-7","1.126900315284729e-7","1.126900315284729e-7"
"9193","0.000335693359375","0.000335693359375","0.000335693359375"
"9194","0.0181884765625","0.0181884765625","0.0181884765625"
"9195","0.0181884765625","0.0181884765625","0.0181884765625"
"9196","0.69140625","0.69140625","0.69140625"
"9197","0.002471923828125","0.002471923828125","0.002471923828125"
"9198","0.69140625","0.69140625","0.69140625"
"9199","0.69140625","0.69140625","0.69140625"
"9200","1.126900315284729e-7","1.126900315284729e-7","1.126900315284729e-7"
"9201","8","8","8"
"9202","0.69140625","0.69140625","0.69140625"
"9203","3.774403012357652e-11","3.774403012357652e-11","3.774403012357652e-11"
"9204","0.000335693359375","0.000335693359375","0.000335693359375"
"9205","0.000335693359375","0.000335693359375","0.000335693359375"
"9206","0.69140625","0.69140625","0.69140625"
"9207","8","8","8"
"9208","1.126900315284729e-7","1.126900315284729e-7","1.126900315284729e-7"
"9210","0.000335693359375","0.000335693359375","0.000335693359375"
"9211","0.69140625","0.69140625","0.69140625"
"9212","0.000335693359375","0.000335693359375","0.000335693359375"
"9213","0.0181884765625","0.0181884765625","0.0181884765625"
"9214","0.69140625","0.69140625","0.69140625"
"9215","0.0181884765625","0.0181884765625","0.0181884765625"
"9216","0.69140625","0.69140625","0.69140625"
"9217","0.69140625","0.69140625","0.69140625"
"9218","0.000335693359375","0.000335693359375","0.000335693359375"
"9219","0.000335693359375","0.000335693359375","0.000335693359375"
"9220","0.69140625","0.69140625","0.69140625"
"9221","0.69140625","0.69140625","0.69140625"
"9222","1.126900315284729e-7","1.126900315284729e-7","1.126900315284729e-7"
"9223","0.69140625","0.69140625","0.69140625"
"9225","0.000335693359375","0.000335693359375","0.000335693359375"
"9226","0.000006139278411865234","0.000006139278411865234","0.000006139278411865234"
"9227","0.69140625","0.69140625","0.69140625"
"9228","4.03125","4.03125","4.03125"
"9229","1.126900315284729e-7","1.126900315284729e-7","1.126900315284729e-7"
"9230","0.69140625","0.69140625","0.69140625"
"9231","8","8","8"
"9232","32","32","32"
"9233","0.69140625","0.69140625","0.69140625"
"9234","16","16","16"
"9235","8","8","8"
"9236","1.126900315284729e-7","1.126900315284729e-7","1.126900315284729e-7"
"9237","0.69140625","0.69140625","0.69140625"
"9238","0.000335693359375","0.000335693359375","0.000335693359375"
"9239","0.69140625","0.69140625","0.69140625"
"9240","8","8","8"
"9241","16","16","16"
"9242","0.69140625","0.69140625","0.69140625"
"9243","16","16","16"
"9244","0.69140625","0.69140625","0.69140625"
"9245","0.69140625","0.69140625","0.69140625"
"9246","1.126900315284729e-7","1.126900315284729e-7","1.126900315284729e-7"
"9247","0.0181884765625","0.0181884765625","0.0181884765625"
"9248","3.774403012357652e-11","3.774403012357652e-11","3.774403012357652e-11"
"9249","1.601387637598654e-28","1.601387637598654e-28","1.601387637598654e-28"
"9251","0.69140625","0.69140625","0.69140625"
"9253","0.0181884765625","0.0181884765625","0.0181884765625"
"9254","1.2656542480726785e-14","1.2656542480726785e-14","1.2656542480726785e-14"
"9255","0.69140625","0.69140625","0.69140625"
"9256","0.000335693359375","0.000335693359375","0.000335693359375"
"9257","8","8","8"
"9258","0.69140625","0.69140625","0.69140625"
"9259","3.774403012357652e-11","3.774403012357652e-11","3.774403012357652e-11"
"9260","8","8","8"
"9261","8","8","8"
"9262","8","8","8"
"9263","8","8","8"
"9264","16","16","16"
"9265","0.69140625","0.69140625","0.69140625"
"9266","0.69140625","0.69140625","0.69140625"
"9267","0.69140625","0.69140625","0.69140625"
"9268","0.000335693359375","0.000335693359375","0.000335693359375"
"9269","12","12","12"
"9270","0.69140625","0.69140625","0.69140625"
"9271","0.69140625","0.69140625","0.69140625"
"9272","8","8","8"
"9273","16","16","16"
"9274","0.000335693359375","0.000335693359375","0.000335693359375"
"9275","0.69140625","0.69140625","0.69140625"
"9276","0.000335693359375","0.000335693359375","0.000335693359375"
"9278","0.000335693359375","0.000335693359375","0.000335693359375"
"9279","0.69140625","0.69140625","0.69140625"
"9281","0.0181884765625","0.0181884765625","0.0181884765625"
"9282","0.69140625","0.69140625","0.69140625"
"9283","0.69140625","0.69140625","0.69140625"
"9284","0.000335693359375","0.000335693359375","0.000335693359375"
"9285","0.69140625","0.69140625","0.69140625"
"9287","0.69140625","0.69140625","0.69140625"
"9288","0.69140625","0.69140625","0.69140625"
"9289","0.69140625","0.69140625","0.69140625"
"9290","0.000335693359375","0.000335693359375","0.000335693359375"
"9291","0.000335693359375","0.000335693359375","0.000335693359375"
"9292","0.000335693359375","0.000335693359375","0.000335693359375"
"9293","0.69140625","0.69140625","0.69140625"
"9294","0.69140625","0.69140625","0.69140625"
"9295","0.69140625","0.69140625","0.69140625"
"9296","1.2656542480726785e-14","1.2656542480726785e-14","1.2656542480726785e-14"
"9297","0.69140625","0.69140625","0.69140625"
"9298","0.69140625","0.69140625","0.69140625"
"9299","0.69140625","0.69140625","0.69140625"
"9300","0.69140625","0.69140625","0.69140625"
"9302","0.000335693359375","0.000335693359375","0.000335693359375"
"9303","16","16","16"
"9304","0.0181884765625","0.0181884765625","0.0181884765625"
"9305","8","8","8"
"9306","0.0181884765625","0.0181884765625","0.0181884765625"
"9307","4.03125","4.03125","4.03125"
"9308","8","8","8"
"9309","1.126900315284729e-7","1.126900315284729e-7","1.126900315284729e-7"
"9310","1.126900315284729e-7","1.126900315284729e-7","1.126900315284729e-7"
"9311","0.69140625","0.69140625","0.69140625"
"9313","0.0181884765625","0.0181884765625","0.0181884765625"
"9314","0.0181884765625","0.0181884765625","0.0181884765625"
"9315","1.2656542480726785e-14","1.2656542480726785e-14","1.2656542480726785e-14"
"9316","1.126900315284729e-7","1.126900315284729e-7","1.126900315284729e-7"
"9317","0.69140625","0.69140625","0.69140625"
"9318","0.000335693359375","0.000335693359375","0.000335693359375"
"9319","0.69140625","0.69140625","0.69140625"
"9320","1.126900315284729e-7","1.126900315284729e-7","1.126900315284729e-7"
"9321","0.69140625","0.69140625","0.69140625"
"9322","1.126900315284729e-7","1.126900315284729e-7","1.126900315284729e-7"
"9323","0.69140625","0.69140625","0.69140625"
"9324","2.066371962428093e-9","2.066371962428093e-9","2.066371962428093e-9"
"9325","0.69140625","0.69140625","0.69140625"
"9327","0.69140625","0.69140625","0.69140625"
"9328","0.000335693359375","0.000335693359375","0.000335693359375"
"9329","0.000006139278411865234","0.000006139278411865234","0.000006139278411865234"
"9330","0.000335693359375","0.000335693359375","0.000335693359375"
"9331","0.69140625","0.69140625","0.69140625"
"9332","0.000335693359375","0.000335693359375","0.000335693359375"
"9333","0.69140625","0.69140625","0.69140625"
"9335","3.774403012357652e-11","3.774403012357652e-11","3.774403012357652e-11"
"9336","0.000335693359375","0.000335693359375","0.000335693359375"
"9337","0.000335693359375","0.000335693359375","0.000335693359375"
"9338","3.774403012357652e-11","3.774403012357652e-11","3.774403012357652e-11"
"9339","0.0181884765625","0.0181884765625","0.0181884765625"
"9340","0.69140625","0.69140625","0.69140625"
"9341","0.69140625","0.69140625","0.69140625"
"9342","1.126900315284729e-7","1.126900315284729e-7","1.126900315284729e-7"
"9343","0.000335693359375","0.000335693359375","0.000335693359375"
"9344","0.69140625","0.69140625","0.69140625"
"9345","1.126900315284729e-7","1.126900315284729e-7","1.126900315284729e-7"
"9346","16","16","16"
"9347","0.000335693359375","0.000335693359375","0.000335693359375"
"9348","0.69140625","0.69140625","0.69140625"
"9349","1.126900315284729e-7","1.126900315284729e-7","1.126900315284729e-7"
"9350","16","16","16"
"9351","4.03125","4.03125","4.03125"
"9352","4.03125","4.03125","4.03125"
"9353","0.69140625","0.69140625","0.69140625"
"9354","0.69140625","0.69140625","0.69140625"
"9355","0.69140625","0.69140625","0.69140625"
"9356","1.2656542480726785e-14","1.2656542480726785e-14","1.2656542480726785e-14"
"9357","0.000335693359375","0.000335693359375","0.000335693359375"
"9358","16","16","16"
"9359","0.69140625","0.69140625","0.69140625"
"9360","4.03125","4.03125","4.03125"
"9361","8","8","8"
"9362","8","8","8"
"9363","8","8","8"
"9364","0.000335693359375","0.000335693359375","0.000335693359375"
"9365","16","16","16"
"9366","0.000006139278411865234","0.000006139278411865234","0.000006139278411865234"
"9367","0.69140625","0.69140625","0.69140625"
"9368","0.69140625","0.69140625","0.69140625"
"9369","8","8","8"
"9370","0.69140625","0.69140625","0.69140625"
"9371","0.000335693359375","0.000335693359375","0.000335693359375"
"9373","0.000335693359375","0.000335693359375","0.000335693359375"
"9374","1.126900315284729e-7","1.126900315284729e-7","1.126900315284729e-7"
"9375","1.126900315284729e-7","1.126900315284729e-7","1.126900315284729e-7"
"9376","0.69140625","0.69140625","0.69140625"
"9378","0.69140625","0.69140625","0.69140625"
"9379","0.69140625","0.69140625","0.69140625"
"9380","0.69140625","0.69140625","0.69140625"
"9381","0.000335693359375","0.000335693359375","0.000335693359375"
"9382","0.000335693359375","0.000335693359375","0.000335693359375"
"9383","0.000335693359375","0.000335693359375","0.000335693359375"
"9384","0.0181884765625","0.0181884765625","0.0181884765625"
"9385","0.69140625","0.69140625","0.69140625"
"9386","0.69140625","0.69140625","0.69140625"
"9389","0.69140625","0.69140625","0.69140625"
"9390","8","8","8"
"9391","0.69140625","0.69140625","0.69140625"
"9392","0.69140625","0.69140625","0.69140625"
"9393","0.000335693359375","0.000335693359375","0.000335693359375"
"9394","0.69140625","0.69140625","0.69140625"
"9395","0.69140625","0.69140625","0.69140625"
"9396","3.774403012357652e-11","3.774403012357652e-11","3.774403012357652e-11"
"9397","0.000335693359375","0.000335693359375","0.000335693359375"
"9398","0.69140625","0.69140625","0.69140625"
"9399","32","32","32"
"9400","0.69140625","0.69140625","0.69140625"
"9401","0.69140625","0.69140625","0.69140625"
"9402","0.69140625","0.69140625","0.69140625"
"9403","0.0181884765625","0.0181884765625","0.0181884765625"
"9404","1.126900315284729e-7","1.126900315284729e-7","1.126900315284729e-7"
"9405","0.000335693359375","0.000335693359375","0.000335693359375"
"9406","0.69140625","0.69140625","0.69140625"
"9407","0.69140625","0.69140625","0.69140625"
"9408","0.69140625","0.69140625","0.69140625"
"9410","1.126900315284729e-7","1.126900315284729e-7","1.126900315284729e-7"
"9411","0.000335693359375","0.000335693359375","0.000335693359375"
"9412","0.69140625","0.69140625","0.69140625"
"9413","0.69140625","0.69140625","0.69140625"
"9414","0.000335693359375","0.000335693359375","0.000335693359375"
"9415","16","16","16"
"9416","0.69140625","0.69140625","0.69140625"
"9417","16","16","16"
"9418","0.000335693359375","0.000335693359375","0.000335693359375"
"9419","0.0181884765625","0.0181884765625","0.0181884765625"
"9420","0.69140625","0.69140625","0.69140625"
"9421","0.69140625","0.69140625","0.69140625"
"9422","0.69140625","0.69140625","0.69140625"
"9423","0.000335693359375","0.000335693359375","0.000335693359375"
"9424","0.0181884765625","0.0181884765625","0.0181884765625"
"9425","32","32","32"
"9426","0.69140625","0.69140625","0.69140625"
"9427","8","8","8"
"9428","0.000335693359375","0.000335693359375","0.000335693359375"
"9429","0.69140625","0.69140625","0.69140625"
"9430","0.69140625","0.69140625","0.69140625"
"9431","4.03125","4.03125","4.03125"
"9432","1.126900315284729e-7","1.126900315284729e-7","1.126900315284729e-7"
"9433","0.69140625","0.69140625","0.69140625"
"9434","8","8","8"
"9435","0.69140625","0.69140625","0.69140625"
"9436","0.69140625","0.69140625","0.69140625"
"9437","16","16","16"
"9438","0.69140625","0.69140625","0.69140625"
"9439","16","16","16"
"9440","0.69140625","0.69140625","0.69140625"
"9441","1.126900315284729e-7","1.126900315284729e-7","1.126900315284729e-7"
"9442","0.69140625","0.69140625","0.69140625"
"9443","0.69140625","0.69140625","0.69140625"
"9444","0.69140625","0.69140625","0.69140625"
"9445","0.69140625","0.69140625","0.69140625"
"9446","8","8","8"
"9447","0.69140625","0.69140625","0.69140625"
"9448","3.774403012357652e-11","3.774403012357652e-11","3.774403012357652e-11"
"9449","0.69140625","0.69140625","0.69140625"
"9450","16","16","16"
"9451","0.69140625","0.69140625","0.69140625"
"9452","0.69140625","0.69140625","0.69140625"
"9454","8","8","8"
"9455","8","8","8"
"9456","0.69140625","0.69140625","0.69140625"
"9457","1.126900315284729e-7","1.126900315284729e-7","1.126900315284729e-7"
"9458","0.69140625","0.69140625","0.69140625"
"9459","0.0181884765625","0.0181884765625","0.0181884765625"
"9460","0.126953125","0.126953125","0.126953125"
"9461","0.69140625","0.69140625","0.69140625"
"9462","0.000006139278411865234","0.000006139278411865234","0.000006139278411865234"
"9463","0.69140625","0.69140625","0.69140625"
"9464","1.126900315284729e-7","1.126900315284729e-7","1.126900315284729e-7"
"9465","0.69140625","0.69140625","0.69140625"
"9466","8","8","8"
"9467","0.0181884765625","0.0181884765625","0.0181884765625"
"9468","0.000335693359375","0.000335693359375","0.000335693359375"
"9470","0.69140625","0.69140625","0.69140625"
"9471","0.69140625","0.69140625","0.69140625"
"9472","0.69140625","0.69140625","0.69140625"
"9473","1.126900315284729e-7","1.126900315284729e-7","1.126900315284729e-7"
"9474","4.03125","4.03125","4.03125"
"9475","0.69140625","0.69140625","0.69140625"
"9476","0.69140625","0.69140625","0.69140625"
"9477","0.002471923828125","0.002471923828125","0.002471923828125"
"9478","9.370282327836321e-14","9.370282327836321e-14","9.370282327836321e-14"
"9479","0.69140625","0.69140625","0.69140625"
"9481","1.126900315284729e-7","1.126900315284729e-7","1.126900315284729e-7"
"9482","16","16","16"
"9484","0.69140625","0.69140625","0.69140625"
"9485","0.000335693359375","0.000335693359375","0.000335693359375"
"9486","16","16","16"
"9487","0.69140625","0.69140625","0.69140625"
"9488","0.69140625","0.69140625","0.69140625"
"9489","0.69140625","0.69140625","0.69140625"
"9490","8","8","8"
"9491","0.69140625","0.69140625","0.69140625"
"9492","0.000335693359375","0.000335693359375","0.000335693359375"
"9493","0.69140625","0.69140625","0.69140625"
"9495","1.126900315284729e-7","1.126900315284729e-7","1.126900315284729e-7"
"9497","0.000335693359375","0.000335693359375","0.000335693359375"
"9498","8","8","8"
"9499","0.69140625","0.69140625","0.69140625"
"9500","0.69140625","0.69140625","0.69140625"
"9501","0.69140625","0.69140625","0.69140625"
"9502","0.69140625","0.69140625","0.69140625"
"9503","0.69140625","0.69140625","0.69140625"
"9504","8.307397365570068e-7","8.307397365570068e-7","8.307397365570068e-7"
"9505","0.69140625","0.69140625","0.69140625"
"9506","0.69140625","0.69140625","0.69140625"
"9507","0.69140625","0.69140625","0.69140625"
"9508","0.69140625","0.69140625","0.69140625"
"9509","0.69140625","0.69140625","0.69140625"
"9510","0.69140625","0.69140625","0.69140625"
"9511","0.000335693359375","0.000335693359375","0.000335693359375"
"9512","0.69140625","0.69140625","0.69140625"
"9513","0.69140625","0.69140625","0.69140625"
"9514","0.69140625","0.69140625","0.69140625"
"9515","0.000335693359375","0.000335693359375","0.000335693359375"
"9516","0.69140625","0.69140625","0.69140625"
"9517","0.000335693359375","0.000335693359375","0.000335693359375"
"9518","0.000335693359375","0.000335693359375","0.000335693359375"
"9519","16","16","16"
"9520","0.0181884765625","0.0181884765625","0.0181884765625"
"9522","0.69140625","0.69140625","0.69140625"
"9523","0.69140625","0.69140625","0.69140625"
"9524","0.69140625","0.69140625","0.69140625"
"9525","16","16","16"
"9526","6.927791673660977e-13","6.927791673660977e-13","6.927791673660977e-13"
"9527","8","8","8"
"9528","0.69140625","0.69140625","0.69140625"
"9530","16","16","16"
"9531","0.000335693359375","0.000335693359375","0.000335693359375"
"9532","0.69140625","0.69140625","0.69140625"
"9533","0.69140625","0.69140625","0.69140625"
"9534","8","8","8"
"9535","0.69140625","0.69140625","0.69140625"
"9537","0.69140625","0.69140625","0.69140625"
"9538","0.69140625","0.69140625","0.69140625"
"9541","0.000335693359375","0.000335693359375","0.000335693359375"
"9542","0.000335693359375","0.000335693359375","0.000335693359375"
"9543","0.000335693359375","0.000335693359375","0.000335693359375"
"9544","0.000335693359375","0.000335693359375","0.000335693359375"
"9545","0.000335693359375","0.000335693359375","0.000335693359375"
"9546","0.69140625","0.69140625","0.69140625"
"9547","0.69140625","0.69140625","0.69140625"
"9548","8","8","8"
"9549","0.69140625","0.69140625","0.69140625"
"9550","1.126900315284729e-7","1.126900315284729e-7","1.126900315284729e-7"
"9551","4.03125","4.03125","4.03125"
"9552","0.69140625","0.69140625","0.69140625"
"9553","0.69140625","0.69140625","0.69140625"
"9554","0.0181884765625","0.0181884765625","0.0181884765625"
"9556","0.69140625","0.69140625","0.69140625"
"9557","8","8","8"
"9558","1.2656542480726785e-14","1.2656542480726785e-14","1.2656542480726785e-14"
"9559","0.69140625","0.69140625","0.69140625"
"9560","0.69140625","0.69140625","0.69140625"
"9561","8","8","8"
"9562","0.69140625","0.69140625","0.69140625"
"9563","0.69140625","0.69140625","0.69140625"
"9564","0.0181884765625","0.0181884765625","0.0181884765625"
"9566","0.000335693359375","0.000335693359375","0.000335693359375"
"9567","0.000335693359375","0.000335693359375","0.000335693359375"
"9568","0.69140625","0.69140625","0.69140625"
"9569","0.69140625","0.69140625","0.69140625"
"9571","4.03125","4.03125","4.03125"
"9572","0.69140625","0.69140625","0.69140625"
"9573","16","16","16"
"9574","0.000335693359375","0.000335693359375","0.000335693359375"
"9575","1.126900315284729e-7","1.126900315284729e-7","1.126900315284729e-7"
"9576","8","8","8"
"9577","0.000335693359375","0.000335693359375","0.000335693359375"
"9578","8","8","8"
"9580","0.69140625","0.69140625","0.69140625"
"9581","1.126900315284729e-7","1.126900315284729e-7","1.126900315284729e-7"
"9582","16","16","16"
"9583","0.69140625","0.69140625","0.69140625"
"9584","0.0181884765625","0.0181884765625","0.0181884765625"
"9585","0.0181884765625","0.0181884765625","0.0181884765625"
"9586","0.69140625","0.69140625","0.69140625"
"9587","0.69140625","0.69140625","0.69140625"
"9588","8","8","8"
"9589","0.69140625","0.69140625","0.69140625"
"9590","16","16","16"
"9591","0.69140625","0.69140625","0.69140625"
"9592","0.69140625","0.69140625","0.69140625"
"9593","0.000335693359375","0.000335693359375","0.000335693359375"
"9594","0.69140625","0.69140625","0.69140625"
"9595","0.69140625","0.69140625","0.69140625"
"9596","0.69140625","0.69140625","0.69140625"
"9598","0.69140625","0.69140625","0.69140625"
"9599","0.000335693359375","0.000335693359375","0.000335693359375"
"9600","0.69140625","0.69140625","0.69140625"
"9601","0.000335693359375","0.000335693359375","0.000335693359375"
"9602","0.000335693359375","0.000335693359375","0.000335693359375"
"9603","0.000335693359375","0.000335693359375","0.000335693359375"
"9604","16","16","16"
"9605","0.002471923828125","0.002471923828125","0.002471923828125"
"9606","4.03125","4.03125","4.03125"
"9607","0.000335693359375","0.000335693359375","0.000335693359375"
"9608","8","8","8"
"9609","0.000335693359375","0.000335693359375","0.000335693359375"
"9610","8","8","8"
"9611","0.000335693359375","0.000335693359375","0.000335693359375"
"9612","8","8","8"
"9613","1.2656542480726785e-14","1.2656542480726785e-14","1.2656542480726785e-14"
"9614","1.126900315284729e-7","1.126900315284729e-7","1.126900315284729e-7"
"9616","0.69140625","0.69140625","0.69140625"
"9617","0.0181884765625","0.0181884765625","0.0181884765625"
"9618","0.69140625","0.69140625","0.69140625"
"9619","1.126900315284729e-7","1.126900315284729e-7","1.126900315284729e-7"
"9620","1.126900315284729e-7","1.126900315284729e-7","1.126900315284729e-7"
"9621","1.2656542480726785e-14","1.2656542480726785e-14","1.2656542480726785e-14"
"9622","0.69140625","0.69140625","0.69140625"
"9623","8.307397365570068e-7","8.307397365570068e-7","8.307397365570068e-7"
"9624","0.69140625","0.69140625","0.69140625"
"9625","0.69140625","0.69140625","0.69140625"
"9626","8","8","8"
"9628","0.69140625","0.69140625","0.69140625"
"9629","0.69140625","0.69140625","0.69140625"
"9630","0.69140625","0.69140625","0.69140625"
"9631","1.126900315284729e-7","1.126900315284729e-7","1.126900315284729e-7"
"9632","0.69140625","0.69140625","0.69140625"
"9633","16","16","16"
"9634","0.69140625","0.69140625","0.69140625"
"9635","8","8","8"
"9636","1.126900315284729e-7","1.126900315284729e-7","1.126900315284729e-7"
"9637","1.126900315284729e-7","1.126900315284729e-7","1.126900315284729e-7"
"9638","0.69140625","0.69140625","0.69140625"
"9639","0.69140625","0.69140625","0.69140625"
"9640","2.125","2.125","2.125"
"9641","0.69140625","0.69140625","0.69140625"
"9642","4.03125","4.03125","4.03125"
"9643","8","8","8"
"9644","0.0181884765625","0.0181884765625","0.0181884765625"
"9645","0.69140625","0.69140625","0.69140625"
"9646","0.69140625","0.69140625","0.69140625"
"9647","0.69140625","0.69140625","0.69140625"
"9648","3.774403012357652e-11","3.774403012357652e-11","3.774403012357652e-11"
"9649","0.002471923828125","0.002471923828125","0.002471923828125"
"9650","1.2656542480726785e-14","1.2656542480726785e-14","1.2656542480726785e-14"
"9651","0.69140625","0.69140625","0.69140625"
"9652","0.000335693359375","0.000335693359375","0.000335693359375"
"9653","0.69140625","0.69140625","0.69140625"
"9654","0.69140625","0.69140625","0.69140625"
"9655","3.774403012357652e-11","3.774403012357652e-11","3.774403012357652e-11"
"9656","0.69140625","0.69140625","0.69140625"
"9657","0.000335693359375","0.000335693359375","0.000335693359375"
"9658","0.0181884765625","0.0181884765625","0.0181884765625"
"9659","0.69140625","0.69140625","0.69140625"
"9660","8","8","8"
"9661","0.000335693359375","0.000335693359375","0.000335693359375"
"9662","0.000335693359375","0.000335693359375","0.000335693359375"
"9663","3.774403012357652e-11","3.774403012357652e-11","3.774403012357652e-11"
"9665","0.000335693359375","0.000335693359375","0.000335693359375"
"9666","0.69140625","0.69140625","0.69140625"
"9667","0.69140625","0.69140625","0.69140625"
"9668","0.69140625","0.69140625","0.69140625"
"9669","1.126900315284729e-7","1.126900315284729e-7","1.126900315284729e-7"
"9670","0.69140625","0.69140625","0.69140625"
"9671","0.0181884765625","0.0181884765625","0.0181884765625"
"9672","0.69140625","0.69140625","0.69140625"
"9673","0.69140625","0.69140625","0.69140625"
"9674","0.69140625","0.69140625","0.69140625"
"9675","0.000335693359375","0.000335693359375","0.000335693359375"
"9676","0.69140625","0.69140625","0.69140625"
"9677","8","8","8"
"9679","0.69140625","0.69140625","0.69140625"
"9680","8","8","8"
"9681","0.002471923828125","0.002471923828125","0.002471923828125"
"9682","0.0181884765625","0.0181884765625","0.0181884765625"
"9683","3.774403012357652e-11","3.774403012357652e-11","3.774403012357652e-11"
"9684","0.000335693359375","0.000335693359375","0.000335693359375"
"9685","0.0181884765625","0.0181884765625","0.0181884765625"
"9686","0.0181884765625","0.0181884765625","0.0181884765625"
"9687","8","8","8"
"9688","2.125","2.125","2.125"
"9690","0.69140625","0.69140625","0.69140625"
"9691","0.000335693359375","0.000335693359375","0.000335693359375"
"9692","0.000335693359375","0.000335693359375","0.000335693359375"
"9693","0.000335693359375","0.000335693359375","0.000335693359375"
"9694","0.69140625","0.69140625","0.69140625"
"9695","0.69140625","0.69140625","0.69140625"
"9696","1.126900315284729e-7","1.126900315284729e-7","1.126900315284729e-7"
"9697","1.126900315284729e-7","1.126900315284729e-7","1.126900315284729e-7"
"9698","0.69140625","0.69140625","0.69140625"
"9699","0.000335693359375","0.000335693359375","0.000335693359375"
"9700","1.2656542480726785e-14","1.2656542480726785e-14","1.2656542480726785e-14"
"9701","0.000335693359375","0.000335693359375","0.000335693359375"
"9702","1.126900315284729e-7","1.126900315284729e-7","1.126900315284729e-7"
"9703","0.69140625","0.69140625","0.69140625"
"9704","0.69140625","0.69140625","0.69140625"
"9705","0.000335693359375","0.000335693359375","0.000335693359375"
"9706","0.69140625","0.69140625","0.69140625"
"9707","1.126900315284729e-7","1.126900315284729e-7","1.126900315284729e-7"
"9708","1.126900315284729e-7","1.126900315284729e-7","1.126900315284729e-7"
"9709","0.000335693359375","0.000335693359375","0.000335693359375"
"9710","8","8","8"
"9711","0.69140625","0.69140625","0.69140625"
"9712","8","8","8"
"9713","0.69140625","0.69140625","0.69140625"
"9714","16","16","16"
"9715","1.126900315284729e-7","1.126900315284729e-7","1.126900315284729e-7"
"9716","0.69140625","0.69140625","0.69140625"
"9717","0.69140625","0.69140625","0.69140625"
"9718","1.126900315284729e-7","1.126900315284729e-7","1.126900315284729e-7"
"9719","0.69140625","0.69140625","0.69140625"
"9720","0.69140625","0.69140625","0.69140625"
"9721","8","8","8"
"9722","0.69140625","0.69140625","0.69140625"
"9723","0.000335693359375","0.000335693359375","0.000335693359375"
"9724","16","16","16"
"9725","1.126900315284729e-7","1.126900315284729e-7","1.126900315284729e-7"
"9726","0.000335693359375","0.000335693359375","0.000335693359375"
"9727","8","8","8"
"9728","0.69140625","0.69140625","0.69140625"
"9730","8","8","8"
"9731","0.000335693359375","0.000335693359375","0.000335693359375"
"9732","8","8","8"
"9733","0.69140625","0.69140625","0.69140625"
"9734","0.000335693359375","0.000335693359375","0.000335693359375"
"9735","0.69140625","0.69140625","0.69140625"
"9736","1.126900315284729e-7","1.126900315284729e-7","1.126900315284729e-7"
"9737","0.000335693359375","0.000335693359375","0.000335693359375"
"9738","0.69140625","0.69140625","0.69140625"
"9739","0.000335693359375","0.000335693359375","0.000335693359375"
"9740","16","16","16"
"9741","0.000335693359375","0.000335693359375","0.000335693359375"
"9742","0.69140625","0.69140625","0.69140625"
"9743","0.69140625","0.69140625","0.69140625"
"9744","0.69140625","0.69140625","0.69140625"
"9745","0.69140625","0.69140625","0.69140625"
"9746","0.000335693359375","0.000335693359375","0.000335693359375"
"9747","0.69140625","0.69140625","0.69140625"
"9748","0.0181884765625","0.0181884765625","0.0181884765625"
"9749","0.000335693359375","0.000335693359375","0.000335693359375"
"9750","1.126900315284729e-7","1.126900315284729e-7","1.126900315284729e-7"
"9751","0.000335693359375","0.000335693359375","0.000335693359375"
"9752","0.000335693359375","0.000335693359375","0.000335693359375"
"9753","0.69140625","0.69140625","0.69140625"
"9754","8","8","8"
"9755","0.0181884765625","0.0181884765625","0.0181884765625"
"9756","0.000335693359375","0.000335693359375","0.000335693359375"
"9757","0.69140625","0.69140625","0.69140625"
"9758","0.69140625","0.69140625","0.69140625"
"9759","0.69140625","0.69140625","0.69140625"
"9760","0.69140625","0.69140625","0.69140625"
"9761","0.69140625","0.69140625","0.69140625"
"9762","0.69140625","0.69140625","0.69140625"
"9763","1.126900315284729e-7","1.126900315284729e-7","1.126900315284729e-7"
"9764","0.69140625","0.69140625","0.69140625"
"9765","0.69140625","0.69140625","0.69140625"
"9766","0.002471923828125","0.002471923828125","0.002471923828125"
"9767","1.126900315284729e-7","1.126900315284729e-7","1.126900315284729e-7"
"9768","1.126900315284729e-7","1.126900315284729e-7","1.126900315284729e-7"
"9769","4.03125","4.03125","4.03125"
"9770","1.126900315284729e-7","1.126900315284729e-7","1.126900315284729e-7"
"9771","0.69140625","0.69140625","0.69140625"
"9772","4.03125","4.03125","4.03125"
"9773","0.69140625","0.69140625","0.69140625"
"9774","1.126900315284729e-7","1.126900315284729e-7","1.126900315284729e-7"
"9775","0.69140625","0.69140625","0.69140625"
"9776","8","8","8"
"9777","16","16","16"
"9778","0.69140625","0.69140625","0.69140625"
"9779","4.03125","4.03125","4.03125"
"9780","0.0181884765625","0.0181884765625","0.0181884765625"
"9781","0.69140625","0.69140625","0.69140625"
"9782","8","8","8"
"9783","0.000335693359375","0.000335693359375","0.000335693359375"
"9784","0.69140625","0.69140625","0.69140625"
"9785","0.000335693359375","0.000335693359375","0.000335693359375"
"9786","16","16","16"
"9787","0.69140625","0.69140625","0.69140625"
"9788","0.69140625","0.69140625","0.69140625"
"9789","0.69140625","0.69140625","0.69140625"
"9790","0.69140625","0.69140625","0.69140625"
"9791","0.69140625","0.69140625","0.69140625"
"9792","0.69140625","0.69140625","0.69140625"
"9793","0.0181884765625","0.0181884765625","0.0181884765625"
"9794","1.126900315284729e-7","1.126900315284729e-7","1.126900315284729e-7"
"9795","0.000335693359375","0.000335693359375","0.000335693359375"
"9796","0.69140625","0.69140625","0.69140625"
"9797","8.307397365570068e-7","8.307397365570068e-7","8.307397365570068e-7"
"9798","0.69140625","0.69140625","0.69140625"
"9799","0.69140625","0.69140625","0.69140625"
"9800","0.69140625","0.69140625","0.69140625"
"9801","16","16","16"
"9802","3.774403012357652e-11","3.774403012357652e-11","3.774403012357652e-11"
"9803","0.69140625","0.69140625","0.69140625"
"9804","0.69140625","0.69140625","0.69140625"
"9805","0.69140625","0.69140625","0.69140625"
"9806","0.69140625","0.69140625","0.69140625"
"9807","0.69140625","0.69140625","0.69140625"
"9808","0.69140625","0.69140625","0.69140625"
"9810","0.0067138671875","0.0067138671875","0.0067138671875"
"9811","16","16","16"
"9812","0.000335693359375","0.000335693359375","0.000335693359375"
"9813","0.69140625","0.69140625","0.69140625"
"9814","0.000335693359375","0.000335693359375","0.000335693359375"
"9815","0.0181884765625","0.0181884765625","0.0181884765625"
"9816","8","8","8"
"9817","4.03125","4.03125","4.03125"
"9818","3.774403012357652e-11","3.774403012357652e-11","3.774403012357652e-11"
"9819","0.69140625","0.69140625","0.69140625"
"9820","0.0181884765625","0.0181884765625","0.0181884765625"
"9821","0.69140625","0.69140625","0.69140625"
"9822","0.69140625","0.69140625","0.69140625"
"9823","0.0181884765625","0.0181884765625","0.0181884765625"
"9824","3.774403012357652e-11","3.774403012357652e-11","3.774403012357652e-11"
"9825","1.126900315284729e-7","1.126900315284729e-7","1.126900315284729e-7"
"9826","1.126900315284729e-7","1.126900315284729e-7","1.126900315284729e-7"
"9827","8.307397365570068e-7","8.307397365570068e-7","8.307397365570068e-7"
"9828","1.126900315284729e-7","1.126900315284729e-7","1.126900315284729e-7"
"9829","0.69140625","0.69140625","0.69140625"
"9830","1.126900315284729e-7","1.126900315284729e-7","1.126900315284729e-7"
"9831","0.000335693359375","0.000335693359375","0.000335693359375"
"9832","0.000335693359375","0.000335693359375","0.000335693359375"
"9833","0.69140625","0.69140625","0.69140625"
"9834","0.69140625","0.69140625","0.69140625"
"9835","0.69140625","0.69140625","0.69140625"
"9836","8","8","8"
"9837","8","8","8"
"9838","0.69140625","0.69140625","0.69140625"
"9839","0.0181884765625","0.0181884765625","0.0181884765625"
"9840","0.000335693359375","0.000335693359375","0.000335693359375"
"9841","1.126900315284729e-7","1.126900315284729e-7","1.126900315284729e-7"
"9842","0.69140625","0.69140625","0.69140625"
"9843","0.69140625","0.69140625","0.69140625"
"9844","0.0181884765625","0.0181884765625","0.0181884765625"
"9845","8","8","8"
"9846","8","8","8"
"9847","1.126900315284729e-7","1.126900315284729e-7","1.126900315284729e-7"
"9848","0.69140625","0.69140625","0.69140625"
"9849","0.69140625","0.69140625","0.69140625"
"9850","0.000335693359375","0.000335693359375","0.000335693359375"
"9851","0.000335693359375","0.000335693359375","0.000335693359375"
"9852","0.000335693359375","0.000335693359375","0.000335693359375"
"9853","0.69140625","0.69140625","0.69140625"
"9854","0.000006139278411865234","0.000006139278411865234","0.000006139278411865234"
"9855","16","16","16"
"9856","0.69140625","0.69140625","0.69140625"
"9858","0.69140625","0.69140625","0.69140625"
"9859","8","8","8"
"9860","0.69140625","0.69140625","0.69140625"
"9862","0.69140625","0.69140625","0.69140625"
"9863","0.000335693359375","0.000335693359375","0.000335693359375"
"9864","0.69140625","0.69140625","0.69140625"
"9865","0.0181884765625","0.0181884765625","0.0181884765625"
"9866","0.69140625","0.69140625","0.69140625"
"9867","12","12","12"
"9868","0.69140625","0.69140625","0.69140625"
"9869","0.000335693359375","0.000335693359375","0.000335693359375"
"9870","0.69140625","0.69140625","0.69140625"
"9871","0.69140625","0.69140625","0.69140625"
"9872","1.126900315284729e-7","1.126900315284729e-7","1.126900315284729e-7"
"9873","0.69140625","0.69140625","0.69140625"
"9875","8","8","8"
"9876","0.69140625","0.69140625","0.69140625"
"9877","0.69140625","0.69140625","0.69140625"
"9878","16","16","16"
"9879","32","32","32"
"9880","0.69140625","0.69140625","0.69140625"
"9881","3.774403012357652e-11","3.774403012357652e-11","3.774403012357652e-11"
"9882","0.0181884765625","0.0181884765625","0.0181884765625"
"9883","0.69140625","0.69140625","0.69140625"
"9884","0.000335693359375","0.000335693359375","0.000335693359375"
"9885","3.774403012357652e-11","3.774403012357652e-11","3.774403012357652e-11"
"9886","0.69140625","0.69140625","0.69140625"
"9887","0.000335693359375","0.000335693359375","0.000335693359375"
"9888","0.0181884765625","0.0181884765625","0.0181884765625"
"9889","1.2656542480726785e-14","1.2656542480726785e-14","1.2656542480726785e-14"
"9890","0.000335693359375","0.000335693359375","0.000335693359375"
"9891","0.000335693359375","0.000335693359375","0.000335693359375"
"9893","0.69140625","0.69140625","0.69140625"
"9894","0.69140625","0.69140625","0.69140625"
"9895","8","8","8"
"9896","0.69140625","0.69140625","0.69140625"
"9898","0.69140625","0.69140625","0.69140625"
"9900","0.000335693359375","0.000335693359375","0.000335693359375"
"9901","0.0181884765625","0.0181884765625","0.0181884765625"
"9902","3.774403012357652e-11","3.774403012357652e-11","3.774403012357652e-11"
"9903","1.126900315284729e-7","1.126900315284729e-7","1.126900315284729e-7"
"9904","1.126900315284729e-7","1.126900315284729e-7","1.126900315284729e-7"
"9905","0.126953125","0.126953125","0.126953125"
"9906","0.000335693359375","0.000335693359375","0.000335693359375"
"9907","0.69140625","0.69140625","0.69140625"
"9908","0.69140625","0.69140625","0.69140625"
"9909","0.000335693359375","0.000335693359375","0.000335693359375"
"9910","8","8","8"
"9911","0.69140625","0.69140625","0.69140625"
"9912","0.69140625","0.69140625","0.69140625"
"9913","0.69140625","0.69140625","0.69140625"
"9914","8","8","8"
"9915","0.000335693359375","0.000335693359375","0.000335693359375"
"9916","0.0181884765625","0.0181884765625","0.0181884765625"
"9917","16","16","16"
"9918","0.0181884765625","0.0181884765625","0.0181884765625"
"9919","0.69140625","0.69140625","0.69140625"
"9920","0.69140625","0.69140625","0.69140625"
"9921","0.69140625","0.69140625","0.69140625"
"9922","0.69140625","0.69140625","0.69140625"
"9923","0.69140625","0.69140625","0.69140625"
"9924","0.69140625","0.69140625","0.69140625"
"9925","0.000335693359375","0.000335693359375","0.000335693359375"
"9926","0.0181884765625","0.0181884765625","0.0181884765625"
"9927","16","16","16"
"9928","0.69140625","0.69140625","0.69140625"
"9929","0.000335693359375","0.000335693359375","0.000335693359375"
"9930","0.69140625","0.69140625","0.69140625"
"9931","0.000335693359375","0.000335693359375","0.000335693359375"
"9932","8","8","8"
"9933","0.69140625","0.69140625","0.69140625"
"9934","8","8","8"
"9935","16","16","16"
"9936","4.03125","4.03125","4.03125"
"9939","0.69140625","0.69140625","0.69140625"
"9940","0.000335693359375","0.000335693359375","0.000335693359375"
"9941","4.03125","4.03125","4.03125"
"9943","0.69140625","0.69140625","0.69140625"
"9944","8","8","8"
"9945","16","16","16"
"9946","4.03125","4.03125","4.03125"
"9947","0.69140625","0.69140625","0.69140625"
"9948","1.126900315284729e-7","1.126900315284729e-7","1.126900315284729e-7"
"9949","0.69140625","0.69140625","0.69140625"
"9950","0.69140625","0.69140625","0.69140625"
"9951","0.69140625","0.69140625","0.69140625"
"9952","0.69140625","0.69140625","0.69140625"
"9953","0.69140625","0.69140625","0.69140625"
"9954","0.69140625","0.69140625","0.69140625"
"9955","1.126900315284729e-7","1.126900315284729e-7","1.126900315284729e-7"
"9956","0.69140625","0.69140625","0.69140625"
"9957","0.69140625","0.69140625","0.69140625"
"9958","0.69140625","0.69140625","0.69140625"
"9959","0.69140625","0.69140625","0.69140625"
"9961","0.69140625","0.69140625","0.69140625"
"9962","8","8","8"
"9963","0.000335693359375","0.000335693359375","0.000335693359375"
"9964","0.69140625","0.69140625","0.69140625"
"9965","0.69140625","0.69140625","0.69140625"
"9966","0.69140625","0.69140625","0.69140625"
"9967","0.126953125","0.126953125","0.126953125"
"9968","1.126900315284729e-7","1.126900315284729e-7","1.126900315284729e-7"
"9969","0.69140625","0.69140625","0.69140625"
"9970","1.126900315284729e-7","1.126900315284729e-7","1.126900315284729e-7"
"9971","0.69140625","0.69140625","0.69140625"
"9972","0.000335693359375","0.000335693359375","0.000335693359375"
"9973","0.69140625","0.69140625","0.69140625"
"9974","0.000335693359375","0.000335693359375","0.000335693359375"
"9975","0.000335693359375","0.000335693359375","0.000335693359375"
"9976","4.03125","4.03125","4.03125"
"9977","0.69140625","0.69140625","0.69140625"
"9978","0.69140625","0.69140625","0.69140625"
"9979","0.69140625","0.69140625","0.69140625"
"9980","0.0181884765625","0.0181884765625","0.0181884765625"
"9981","0.69140625","0.69140625","0.69140625"
"9982","0.000335693359375","0.000335693359375","0.000335693359375"
"9983","0.69140625","0.69140625","0.69140625"
"9984","0.69140625","0.69140625","0.69140625"
"9986","0.69140625","0.69140625","0.69140625"
"9988","0.69140625","0.69140625","0.69140625"
"9989","8","8","8"
"9990","1.126900315284729e-7","1.126900315284729e-7","1.126900315284729e-7"
"9991","8","8","8"
"9992","0.69140625","0.69140625","0.69140625"
"9993","0.0181884765625","0.0181884765625","0.0181884765625"
"9995","0.69140625","0.69140625","0.69140625"
"9996","0.000335693359375","0.000335693359375","0.000335693359375"
"9997","0.0181884765625","0.0181884765625","0.0181884765625"
"9998","0.000006139278411865234","0.000006139278411865234","0.000006139278411865234"
"9999","0.69140625","0.69140625","0.69140625"
"10000","0.0181884765625","0.0181884765625","0.0181884765625"
"10001","0.69140625","0.69140625","0.69140625"
"10002","4.03125","4.03125","4.03125"
"10003","1.126900315284729e-7","1.126900315284729e-7","1.126900315284729e-7"
"10004","0.000335693359375","0.000335693359375","0.000335693359375"
"10005","16","16","16"
"10006","0.69140625","0.69140625","0.69140625"
"10007","0.0181884765625","0.0181884765625","0.0181884765625"
"10008","8","8","8"
"10009","0.69140625","0.69140625","0.69140625"
"10010","8","8","8"
"10011","0.000335693359375","0.000335693359375","0.000335693359375"
"10012","0.000335693359375","0.000335693359375","0.000335693359375"
"10013","16","16","16"
"10014","0.000335693359375","0.000335693359375","0.000335693359375"
"10015","0.0181884765625","0.0181884765625","0.0181884765625"
"10016","0.000335693359375","0.000335693359375","0.000335693359375"
"10017","0.69140625","0.69140625","0.69140625"
"10018","0.69140625","0.69140625","0.69140625"
"10019","1.126900315284729e-7","1.126900315284729e-7","1.126900315284729e-7"
"10020","0.000335693359375","0.000335693359375","0.000335693359375"
"10021","0.000335693359375","0.000335693359375","0.000335693359375"
"10022","0.69140625","0.69140625","0.69140625"
"10023","0.000335693359375","0.000335693359375","0.000335693359375"
"10024","0.69140625","0.69140625","0.69140625"
"10025","0.69140625","0.69140625","0.69140625"
"10026","0.69140625","0.69140625","0.69140625"
"10027","3.774403012357652e-11","3.774403012357652e-11","3.774403012357652e-11"
"10028","0.002471923828125","0.002471923828125","0.002471923828125"
"10029","0.69140625","0.69140625","0.69140625"
"10030","3.774403012357652e-11","3.774403012357652e-11","3.774403012357652e-11"
"10031","0.69140625","0.69140625","0.69140625"
"10032","0.0181884765625","0.0181884765625","0.0181884765625"
"10033","8","8","8"
"10034","1.126900315284729e-7","1.126900315284729e-7","1.126900315284729e-7"
"10035","1.126900315284729e-7","1.126900315284729e-7","1.126900315284729e-7"
"10036","0.69140625","0.69140625","0.69140625"
"10037","0.69140625","0.69140625","0.69140625"
"10038","0.69140625","0.69140625","0.69140625"
"10039","0.000335693359375","0.000335693359375","0.000335693359375"
"10040","0.69140625","0.69140625","0.69140625"
"10041","0.69140625","0.69140625","0.69140625"
"10042","0.69140625","0.69140625","0.69140625"
"10043","16","16","16"
"10044","8","8","8"
"10045","1.2656542480726785e-14","1.2656542480726785e-14","1.2656542480726785e-14"
"10046","0.69140625","0.69140625","0.69140625"
"10047","0.69140625","0.69140625","0.69140625"
"10048","16","16","16"
"10049","1.126900315284729e-7","1.126900315284729e-7","1.126900315284729e-7"
"10050","8","8","8"
"10051","0.69140625","0.69140625","0.69140625"
"10052","0.69140625","0.69140625","0.69140625"
"10053","0.69140625","0.69140625","0.69140625"
"10054","0.69140625","0.69140625","0.69140625"
"10055","8","8","8"
"10056","0.69140625","0.69140625","0.69140625"
"10057","0.69140625","0.69140625","0.69140625"
"10058","0.000335693359375","0.000335693359375","0.000335693359375"
"10059","0.0181884765625","0.0181884765625","0.0181884765625"
"10060","1.126900315284729e-7","1.126900315284729e-7","1.126900315284729e-7"
"10061","0.0181884765625","0.0181884765625","0.0181884765625"
"10062","0.0181884765625","0.0181884765625","0.0181884765625"
"10063","0.69140625","0.69140625","0.69140625"
"10064","0.000335693359375","0.000335693359375","0.000335693359375"
"10065","0.69140625","0.69140625","0.69140625"
"10066","0.000335693359375","0.000335693359375","0.000335693359375"
"10067","0.0181884765625","0.0181884765625","0.0181884765625"
"10069","1.126900315284729e-7","1.126900315284729e-7","1.126900315284729e-7"
"10070","1.126900315284729e-7","1.126900315284729e-7","1.126900315284729e-7"
"10071","1.126900315284729e-7","1.126900315284729e-7","1.126900315284729e-7"
"10072","32","32","32"
"10073","0.69140625","0.69140625","0.69140625"
"10074","0.69140625","0.69140625","0.69140625"
"10075","0.69140625","0.69140625","0.69140625"
"10076","1.126900315284729e-7","1.126900315284729e-7","1.126900315284729e-7"
"10077","8","8","8"
"10078","0.000335693359375","0.000335693359375","0.000335693359375"
"10079","1.2656542480726785e-14","1.2656542480726785e-14","1.2656542480726785e-14"
"10080","0.69140625","0.69140625","0.69140625"
"10081","1.126900315284729e-7","1.126900315284729e-7","1.126900315284729e-7"
"10082","16","16","16"
"10083","16","16","16"
"10084","0.000335693359375","0.000335693359375","0.000335693359375"
"10085","0.69140625","0.69140625","0.69140625"
"10086","0.000335693359375","0.000335693359375","0.000335693359375"
"10087","0.000335693359375","0.000335693359375","0.000335693359375"
"10088","8","8","8"
"10089","0.69140625","0.69140625","0.69140625"
"10090","0.69140625","0.69140625","0.69140625"
"10091","1.126900315284729e-7","1.126900315284729e-7","1.126900315284729e-7"
"10092","0.000335693359375","0.000335693359375","0.000335693359375"
"10093","0.69140625","0.69140625","0.69140625"
"10094","0.69140625","0.69140625","0.69140625"
"10095","0.000006139278411865234","0.000006139278411865234","0.000006139278411865234"
"10097","1.126900315284729e-7","1.126900315284729e-7","1.126900315284729e-7"
"10098","0.69140625","0.69140625","0.69140625"
"10099","0.000335693359375","0.000335693359375","0.000335693359375"
"10100","0.69140625","0.69140625","0.69140625"
"10103","0.000335693359375","0.000335693359375","0.000335693359375"
"10104","0.000335693359375","0.000335693359375","0.000335693359375"
"10105","0.69140625","0.69140625","0.69140625"
"10106","0.69140625","0.69140625","0.69140625"
"10107","8","8","8"
"10108","0.69140625","0.69140625","0.69140625"
"10109","0.000006139278411865234","0.000006139278411865234","0.000006139278411865234"
"10110","0.69140625","0.69140625","0.69140625"
"10111","8","8","8"
"10112","0.69140625","0.69140625","0.69140625"
"10114","8","8","8"
"10115","0.69140625","0.69140625","0.69140625"
"10116","4.03125","4.03125","4.03125"
"10117","0.69140625","0.69140625","0.69140625"
"10118","0.0181884765625","0.0181884765625","0.0181884765625"
"10119","8","8","8"
"10120","0.69140625","0.69140625","0.69140625"
"10121","3.774403012357652e-11","3.774403012357652e-11","3.774403012357652e-11"
"10122","0.0181884765625","0.0181884765625","0.0181884765625"
"10123","0.69140625","0.69140625","0.69140625"
"10124","0.000335693359375","0.000335693359375","0.000335693359375"
"10125","32","32","32"
"10126","1.126900315284729e-7","1.126900315284729e-7","1.126900315284729e-7"
"10127","0.69140625","0.69140625","0.69140625"
"10128","1.126900315284729e-7","1.126900315284729e-7","1.126900315284729e-7"
"10129","0.69140625","0.69140625","0.69140625"
"10130","0.69140625","0.69140625","0.69140625"
"10131","0.69140625","0.69140625","0.69140625"
"10132","0.0181884765625","0.0181884765625","0.0181884765625"
"10134","16","16","16"
"10135","0.000335693359375","0.000335693359375","0.000335693359375"
"10136","0.69140625","0.69140625","0.69140625"
"10138","32","32","32"
"10139","0.69140625","0.69140625","0.69140625"
"10140","3.774403012357652e-11","3.774403012357652e-11","3.774403012357652e-11"
"10142","8","8","8"
"10143","1.126900315284729e-7","1.126900315284729e-7","1.126900315284729e-7"
"10144","0.69140625","0.69140625","0.69140625"
"10145","0.69140625","0.69140625","0.69140625"
"10146","0.0181884765625","0.0181884765625","0.0181884765625"
"10147","4.03125","4.03125","4.03125"
"10148","0.000335693359375","0.000335693359375","0.000335693359375"
"10149","0.000335693359375","0.000335693359375","0.000335693359375"
"10150","0.000335693359375","0.000335693359375","0.000335693359375"
"10151","0.69140625","0.69140625","0.69140625"
"10152","8","8","8"
"10153","1.126900315284729e-7","1.126900315284729e-7","1.126900315284729e-7"
"10154","0.000335693359375","0.000335693359375","0.000335693359375"
"10155","0.69140625","0.69140625","0.69140625"
"10156","0.0181884765625","0.0181884765625","0.0181884765625"
"10157","3.774403012357652e-11","3.774403012357652e-11","3.774403012357652e-11"
"10158","1.126900315284729e-7","1.126900315284729e-7","1.126900315284729e-7"
"10159","0.69140625","0.69140625","0.69140625"
"10160","8","8","8"
"10161","1.126900315284729e-7","1.126900315284729e-7","1.126900315284729e-7"
"10162","0.69140625","0.69140625","0.69140625"
"10163","0.000335693359375","0.000335693359375","0.000335693359375"
"10164","0.000335693359375","0.000335693359375","0.000335693359375"
"10165","0.69140625","0.69140625","0.69140625"
"10166","0.000335693359375","0.000335693359375","0.000335693359375"
"10167","8","8","8"
"10168","0.69140625","0.69140625","0.69140625"
"10169","16","16","16"
"10170","8","8","8"
"10171","1.2656542480726785e-14","1.2656542480726785e-14","1.2656542480726785e-14"
"10172","0.000335693359375","0.000335693359375","0.000335693359375"
"10174","16","16","16"
"10175","0.69140625","0.69140625","0.69140625"
"10177","1.126900315284729e-7","1.126900315284729e-7","1.126900315284729e-7"
"10178","0.69140625","0.69140625","0.69140625"
"10179","0.0181884765625","0.0181884765625","0.0181884765625"
"10180","0.000335693359375","0.000335693359375","0.000335693359375"
"10181","0.69140625","0.69140625","0.69140625"
"10182","0.69140625","0.69140625","0.69140625"
"10183","0.0181884765625","0.0181884765625","0.0181884765625"
"10184","0.69140625","0.69140625","0.69140625"
"10185","0.69140625","0.69140625","0.69140625"
"10186","0.69140625","0.69140625","0.69140625"
"10187","0.69140625","0.69140625","0.69140625"
"10188","8","8","8"
"10189","0.69140625","0.69140625","0.69140625"
"10190","0.0181884765625","0.0181884765625","0.0181884765625"
"10191","0.000335693359375","0.000335693359375","0.000335693359375"
"10192","8","8","8"
"10193","0.69140625","0.69140625","0.69140625"
"10194","0.69140625","0.69140625","0.69140625"
"10195","0.69140625","0.69140625","0.69140625"
"10196","0.0181884765625","0.0181884765625","0.0181884765625"
"10197","0.69140625","0.69140625","0.69140625"
"10198","0.000006139278411865234","0.000006139278411865234","0.000006139278411865234"
"10199","0.000335693359375","0.000335693359375","0.000335693359375"
"10200","3.774403012357652e-11","3.774403012357652e-11","3.774403012357652e-11"
"10202","0.69140625","0.69140625","0.69140625"
"10203","8","8","8"
"10204","0.000335693359375","0.000335693359375","0.000335693359375"
"10205","0.000335693359375","0.000335693359375","0.000335693359375"
"10206","0.69140625","0.69140625","0.69140625"
"10207","1.126900315284729e-7","1.126900315284729e-7","1.126900315284729e-7"
"10208","0.69140625","0.69140625","0.69140625"
"10209","1.126900315284729e-7","1.126900315284729e-7","1.126900315284729e-7"
"10210","4.03125","4.03125","4.03125"
"10211","8.307397365570068e-7","8.307397365570068e-7","8.307397365570068e-7"
"10212","8","8","8"
"10213","1.126900315284729e-7","1.126900315284729e-7","1.126900315284729e-7"
"10214","0.69140625","0.69140625","0.69140625"
"10215","0.000335693359375","0.000335693359375","0.000335693359375"
"10216","8","8","8"
"10217","0.000335693359375","0.000335693359375","0.000335693359375"
"10218","0.69140625","0.69140625","0.69140625"
"10219","0.69140625","0.69140625","0.69140625"
"10220","0.126953125","0.126953125","0.126953125"
"10222","0.69140625","0.69140625","0.69140625"
"10223","0.69140625","0.69140625","0.69140625"
"10224","1.126900315284729e-7","1.126900315284729e-7","1.126900315284729e-7"
"10225","0.002471923828125","0.002471923828125","0.002471923828125"
"10226","1.126900315284729e-7","1.126900315284729e-7","1.126900315284729e-7"
"10228","0.69140625","0.69140625","0.69140625"
"10229","0.69140625","0.69140625","0.69140625"
"10230","0.69140625","0.69140625","0.69140625"
"10231","0.69140625","0.69140625","0.69140625"
"10232","0.69140625","0.69140625","0.69140625"
"10234","0.69140625","0.69140625","0.69140625"
"10235","0.000335693359375","0.000335693359375","0.000335693359375"
"10236","0.69140625","0.69140625","0.69140625"
"10237","0.69140625","0.69140625","0.69140625"
"10238","0.0181884765625","0.0181884765625","0.0181884765625"
"10239","0.69140625","0.69140625","0.69140625"
"10240","0.69140625","0.69140625","0.69140625"
"10241","0.69140625","0.69140625","0.69140625"
"10242","1.126900315284729e-7","1.126900315284729e-7","1.126900315284729e-7"
"10243","0.69140625","0.69140625","0.69140625"
"10244","0.69140625","0.69140625","0.69140625"
"10245","0.69140625","0.69140625","0.69140625"
"10246","0.69140625","0.69140625","0.69140625"
"10247","0.69140625","0.69140625","0.69140625"
"10248","0.69140625","0.69140625","0.69140625"
"10249","0.69140625","0.69140625","0.69140625"
"10250","0.69140625","0.69140625","0.69140625"
"10251","0.69140625","0.69140625","0.69140625"
"10252","0.000335693359375","0.000335693359375","0.000335693359375"
"10253","0.69140625","0.69140625","0.69140625"
"10255","8","8","8"
"10256","16","16","16"
"10258","0.000335693359375","0.000335693359375","0.000335693359375"
"10259","0.69140625","0.69140625","0.69140625"
"10260","0.000335693359375","0.000335693359375","0.000335693359375"
"10261","0.69140625","0.69140625","0.69140625"
"10262","2.125","2.125","2.125"
"10263","1.126900315284729e-7","1.126900315284729e-7","1.126900315284729e-7"
"10264","8","8","8"
"10265","0.000335693359375","0.000335693359375","0.000335693359375"
"10266","16","16","16"
"10268","1.126900315284729e-7","1.126900315284729e-7","1.126900315284729e-7"
"10269","8","8","8"
"10270","0.69140625","0.69140625","0.69140625"
"10271","0.000335693359375","0.000335693359375","0.000335693359375"
"10272","0.000335693359375","0.000335693359375","0.000335693359375"
"10274","0.69140625","0.69140625","0.69140625"
"10275","0.69140625","0.69140625","0.69140625"
"10276","8","8","8"
"10277","0.69140625","0.69140625","0.69140625"
"10278","0.000335693359375","0.000335693359375","0.000335693359375"
"10279","8","8","8"
"10280","0.69140625","0.69140625","0.69140625"
"10281","1.126900315284729e-7","1.126900315284729e-7","1.126900315284729e-7"
"10282","0.002471923828125","0.002471923828125","0.002471923828125"
"10284","1.126900315284729e-7","1.126900315284729e-7","1.126900315284729e-7"
"10285","0.69140625","0.69140625","0.69140625"
"10286","4.03125","4.03125","4.03125"
"10287","0.000335693359375","0.000335693359375","0.000335693359375"
"10288","0.0181884765625","0.0181884765625","0.0181884765625"
"10289","4.03125","4.03125","4.03125"
"10290","0.69140625","0.69140625","0.69140625"
"10291","0.69140625","0.69140625","0.69140625"
"10292","1.126900315284729e-7","1.126900315284729e-7","1.126900315284729e-7"
"10293","3.774403012357652e-11","3.774403012357652e-11","3.774403012357652e-11"
"10295","1.126900315284729e-7","1.126900315284729e-7","1.126900315284729e-7"
"10296","0.69140625","0.69140625","0.69140625"
"10297","0.000335693359375","0.000335693359375","0.000335693359375"
"10298","0.69140625","0.69140625","0.69140625"
"10299","4.03125","4.03125","4.03125"
"10300","0.69140625","0.69140625","0.69140625"
"10301","0.126953125","0.126953125","0.126953125"
"10302","0.69140625","0.69140625","0.69140625"
"10303","0.000335693359375","0.000335693359375","0.000335693359375"
"10304","8","8","8"
"10305","0.0181884765625","0.0181884765625","0.0181884765625"
"10306","0.000335693359375","0.000335693359375","0.000335693359375"
"10307","0.69140625","0.69140625","0.69140625"
"10308","0.69140625","0.69140625","0.69140625"
"10309","0.69140625","0.69140625","0.69140625"
"10311","0.69140625","0.69140625","0.69140625"
"10312","0.000335693359375","0.000335693359375","0.000335693359375"
"10313","0.69140625","0.69140625","0.69140625"
"10314","0.69140625","0.69140625","0.69140625"
"10315","1.126900315284729e-7","1.126900315284729e-7","1.126900315284729e-7"
"10316","1.126900315284729e-7","1.126900315284729e-7","1.126900315284729e-7"
"10317","3.774403012357652e-11","3.774403012357652e-11","3.774403012357652e-11"
"10318","0.000335693359375","0.000335693359375","0.000335693359375"
"10319","0.0181884765625","0.0181884765625","0.0181884765625"
"10320","0.69140625","0.69140625","0.69140625"
"10321","8","8","8"
"10322","1.126900315284729e-7","1.126900315284729e-7","1.126900315284729e-7"
"10324","0.69140625","0.69140625","0.69140625"
"10325","0.000335693359375","0.000335693359375","0.000335693359375"
"10326","0.69140625","0.69140625","0.69140625"
"10327","0.69140625","0.69140625","0.69140625"
"10328","0.000335693359375","0.000335693359375","0.000335693359375"
"10329","4.03125","4.03125","4.03125"
"10330","0.000335693359375","0.000335693359375","0.000335693359375"
"10332","3.774403012357652e-11","3.774403012357652e-11","3.774403012357652e-11"
"10333","0.000006139278411865234","0.000006139278411865234","0.000006139278411865234"
"10334","8","8","8"
"10335","1.126900315284729e-7","1.126900315284729e-7","1.126900315284729e-7"
"10336","8","8","8"
"10337","0.69140625","0.69140625","0.69140625"
"10338","8","8","8"
"10339","16","16","16"
"10340","0.69140625","0.69140625","0.69140625"
"10341","0.69140625","0.69140625","0.69140625"
"10342","0.000335693359375","0.000335693359375","0.000335693359375"
"10343","2.125","2.125","2.125"
"10344","0.69140625","0.69140625","0.69140625"
"10346","0.69140625","0.69140625","0.69140625"
"10347","16","16","16"
"10348","0.000335693359375","0.000335693359375","0.000335693359375"
"10349","4.03125","4.03125","4.03125"
"10350","0.0181884765625","0.0181884765625","0.0181884765625"
"10351","0.69140625","0.69140625","0.69140625"
"10352","8","8","8"
"10353","1.126900315284729e-7","1.126900315284729e-7","1.126900315284729e-7"
"10354","8","8","8"
"10355","0.000335693359375","0.000335693359375","0.000335693359375"
"10357","2.125","2.125","2.125"
"10358","1.126900315284729e-7","1.126900315284729e-7","1.126900315284729e-7"
"10359","0.000335693359375","0.000335693359375","0.000335693359375"
"10360","0.69140625","0.69140625","0.69140625"
"10361","0.0181884765625","0.0181884765625","0.0181884765625"
"10362","0.69140625","0.69140625","0.69140625"
"10363","0.000335693359375","0.000335693359375","0.000335693359375"
"10364","0.69140625","0.69140625","0.69140625"
"10365","0.69140625","0.69140625","0.69140625"
"10366","0.69140625","0.69140625","0.69140625"
"10367","0.000335693359375","0.000335693359375","0.000335693359375"
"10368","0.69140625","0.69140625","0.69140625"
"10369","0.000335693359375","0.000335693359375","0.000335693359375"
"10370","0.0181884765625","0.0181884765625","0.0181884765625"
"10371","8","8","8"
"10372","0.69140625","0.69140625","0.69140625"
"10373","0.69140625","0.69140625","0.69140625"
"10374","0.69140625","0.69140625","0.69140625"
"10375","0.000335693359375","0.000335693359375","0.000335693359375"
"10376","0.69140625","0.69140625","0.69140625"
"10377","0.69140625","0.69140625","0.69140625"
"10378","0.69140625","0.69140625","0.69140625"
"10379","0.69140625","0.69140625","0.69140625"
"10380","0.69140625","0.69140625","0.69140625"
"10381","0.002471923828125","0.002471923828125","0.002471923828125"
"10382","0.69140625","0.69140625","0.69140625"
"10383","0.69140625","0.69140625","0.69140625"
"10384","0.69140625","0.69140625","0.69140625"
"10386","0.69140625","0.69140625","0.69140625"
"10387","0.0181884765625","0.0181884765625","0.0181884765625"
"10388","0.69140625","0.69140625","0.69140625"
"10389","0.69140625","0.69140625","0.69140625"
"10390","1.126900315284729e-7","1.126900315284729e-7","1.126900315284729e-7"
"10391","0.69140625","0.69140625","0.69140625"
"10392","0.69140625","0.69140625","0.69140625"
"10393","1.126900315284729e-7","1.126900315284729e-7","1.126900315284729e-7"
"10394","0.69140625","0.69140625","0.69140625"
"10395","0.69140625","0.69140625","0.69140625"
"10396","1.126900315284729e-7","1.126900315284729e-7","1.126900315284729e-7"
"10397","0.69140625","0.69140625","0.69140625"
"10398","0.69140625","0.69140625","0.69140625"
"10399","1.2656542480726785e-14","1.2656542480726785e-14","1.2656542480726785e-14"
"10400","0.69140625","0.69140625","0.69140625"
"10401","0.000335693359375","0.000335693359375","0.000335693359375"
"10402","0.69140625","0.69140625","0.69140625"
"10403","1.126900315284729e-7","1.126900315284729e-7","1.126900315284729e-7"
"10404","0.000335693359375","0.000335693359375","0.000335693359375"
"10406","1.126900315284729e-7","1.126900315284729e-7","1.126900315284729e-7"
"10407","0.000335693359375","0.000335693359375","0.000335693359375"
"10408","0.69140625","0.69140625","0.69140625"
"10409","0.69140625","0.69140625","0.69140625"
"10410","0.0181884765625","0.0181884765625","0.0181884765625"
"10411","0.000006139278411865234","0.000006139278411865234","0.000006139278411865234"
"10412","0.69140625","0.69140625","0.69140625"
"10413","0.000335693359375","0.000335693359375","0.000335693359375"
"10415","0.69140625","0.69140625","0.69140625"
"10416","0.69140625","0.69140625","0.69140625"
"10417","16","16","16"
"10418","0.69140625","0.69140625","0.69140625"
"10419","1.601387637598654e-28","1.601387637598654e-28","1.601387637598654e-28"
"10420","0.69140625","0.69140625","0.69140625"
"10421","0.69140625","0.69140625","0.69140625"
"10422","0.69140625","0.69140625","0.69140625"
"10423","0.69140625","0.69140625","0.69140625"
"10427","0.0181884765625","0.0181884765625","0.0181884765625"
"10428","0.69140625","0.69140625","0.69140625"
"10429","4.03125","4.03125","4.03125"
"10430","0.69140625","0.69140625","0.69140625"
"10431","8","8","8"
"10432","0.69140625","0.69140625","0.69140625"
"10433","24","24","24"
"10434","16","16","16"
"10435","0.69140625","0.69140625","0.69140625"
"10436","0.002471923828125","0.002471923828125","0.002471923828125"
"10437","0.000335693359375","0.000335693359375","0.000335693359375"
"10438","0.69140625","0.69140625","0.69140625"
"10439","0.69140625","0.69140625","0.69140625"
"10440","1.126900315284729e-7","1.126900315284729e-7","1.126900315284729e-7"
"10441","0.000335693359375","0.000335693359375","0.000335693359375"
"10442","1.126900315284729e-7","1.126900315284729e-7","1.126900315284729e-7"
"10443","1.126900315284729e-7","1.126900315284729e-7","1.126900315284729e-7"
"10444","0.69140625","0.69140625","0.69140625"
"10445","0.002471923828125","0.002471923828125","0.002471923828125"
"10447","0.0181884765625","0.0181884765625","0.0181884765625"
"10449","0.69140625","0.69140625","0.69140625"
"10450","3.774403012357652e-11","3.774403012357652e-11","3.774403012357652e-11"
"10451","1.126900315284729e-7","1.126900315284729e-7","1.126900315284729e-7"
"10452","8","8","8"
"10453","0.69140625","0.69140625","0.69140625"
"10454","0.69140625","0.69140625","0.69140625"
"10455","0.69140625","0.69140625","0.69140625"
"10456","0.69140625","0.69140625","0.69140625"
"10457","8","8","8"
"10458","0.69140625","0.69140625","0.69140625"
"10459","0.000335693359375","0.000335693359375","0.000335693359375"
"10460","0.69140625","0.69140625","0.69140625"
"10462","0.000006139278411865234","0.000006139278411865234","0.000006139278411865234"
"10463","0.69140625","0.69140625","0.69140625"
"10464","1.126900315284729e-7","1.126900315284729e-7","1.126900315284729e-7"
"10465","0.69140625","0.69140625","0.69140625"
"10466","0.000335693359375","0.000335693359375","0.000335693359375"
"10467","0.000335693359375","0.000335693359375","0.000335693359375"
"10468","0.69140625","0.69140625","0.69140625"
"10469","4.03125","4.03125","4.03125"
"10470","8","8","8"
"10472","0.69140625","0.69140625","0.69140625"
"10473","0.000335693359375","0.000335693359375","0.000335693359375"
"10474","8","8","8"
"10475","8","8","8"
"10476","1.126900315284729e-7","1.126900315284729e-7","1.126900315284729e-7"
"10478","1.126900315284729e-7","1.126900315284729e-7","1.126900315284729e-7"
"10479","0.000335693359375","0.000335693359375","0.000335693359375"
"10480","0.69140625","0.69140625","0.69140625"
"10481","0.69140625","0.69140625","0.69140625"
"10482","0.0181884765625","0.0181884765625","0.0181884765625"
"10483","0.69140625","0.69140625","0.69140625"
"10484","0.69140625","0.69140625","0.69140625"
"10485","4.03125","4.03125","4.03125"
"10487","0.69140625","0.69140625","0.69140625"
"10488","0.69140625","0.69140625","0.69140625"
"10489","0.69140625","0.69140625","0.69140625"
"10490","8","8","8"
"10491","8","8","8"
"10492","8","8","8"
"10493","0.69140625","0.69140625","0.69140625"
"10494","0.69140625","0.69140625","0.69140625"
"10495","0.69140625","0.69140625","0.69140625"
"10497","0.0181884765625","0.0181884765625","0.0181884765625"
"10498","0.69140625","0.69140625","0.69140625"
"10499","0.69140625","0.69140625","0.69140625"
"10500","0.69140625","0.69140625","0.69140625"
"10501","0.69140625","0.69140625","0.69140625"
"10502","0.69140625","0.69140625","0.69140625"
"10503","0.69140625","0.69140625","0.69140625"
"10504","0.69140625","0.69140625","0.69140625"
"10505","1.126900315284729e-7","1.126900315284729e-7","1.126900315284729e-7"
"10506","0.69140625","0.69140625","0.69140625"
"10507","0.69140625","0.69140625","0.69140625"
"10508","8","8","8"
"10509","0.0181884765625","0.0181884765625","0.0181884765625"
"10510","0.69140625","0.69140625","0.69140625"
"10511","0.69140625","0.69140625","0.69140625"
"10512","4.03125","4.03125","4.03125"
"10513","16","16","16"
"10514","0.69140625","0.69140625","0.69140625"
"10515","16","16","16"
"10516","0.000335693359375","0.000335693359375","0.000335693359375"
"10517","0.000335693359375","0.000335693359375","0.000335693359375"
"10518","0.69140625","0.69140625","0.69140625"
"10519","0.000335693359375","0.000335693359375","0.000335693359375"
"10520","0.69140625","0.69140625","0.69140625"
"10521","0.000006139278411865234","0.000006139278411865234","0.000006139278411865234"
"10522","0.69140625","0.69140625","0.69140625"
"10523","0.69140625","0.69140625","0.69140625"
"10524","0.000335693359375","0.000335693359375","0.000335693359375"
"10525","0.69140625","0.69140625","0.69140625"
"10526","8","8","8"
"10527","1.2656542480726785e-14","1.2656542480726785e-14","1.2656542480726785e-14"
"10528","0.69140625","0.69140625","0.69140625"
"10529","0.69140625","0.69140625","0.69140625"
"10530","0.69140625","0.69140625","0.69140625"
"10531","8","8","8"
"10532","1.126900315284729e-7","1.126900315284729e-7","1.126900315284729e-7"
"10533","0.000335693359375","0.000335693359375","0.000335693359375"
"10534","0.69140625","0.69140625","0.69140625"
"10535","0.69140625","0.69140625","0.69140625"
"10536","0.69140625","0.69140625","0.69140625"
"10537","0.69140625","0.69140625","0.69140625"
"10539","0.69140625","0.69140625","0.69140625"
"10540","4.03125","4.03125","4.03125"
"10541","0.69140625","0.69140625","0.69140625"
"10542","0.69140625","0.69140625","0.69140625"
"10543","32","32","32"
"10544","0.69140625","0.69140625","0.69140625"
"10545","4.03125","4.03125","4.03125"
"10546","8","8","8"
"10547","0.000335693359375","0.000335693359375","0.000335693359375"
"10548","0.69140625","0.69140625","0.69140625"
"10549","0.69140625","0.69140625","0.69140625"
"10550","0.69140625","0.69140625","0.69140625"
"10551","4.03125","4.03125","4.03125"
"10552","0.0181884765625","0.0181884765625","0.0181884765625"
"10553","8","8","8"
"10554","0.69140625","0.69140625","0.69140625"
"10555","0.69140625","0.69140625","0.69140625"
"10557","0.000335693359375","0.000335693359375","0.000335693359375"
"10559","0.69140625","0.69140625","0.69140625"
"10560","0.69140625","0.69140625","0.69140625"
"10561","0.69140625","0.69140625","0.69140625"
"10562","0.000335693359375","0.000335693359375","0.000335693359375"
"10563","0.0181884765625","0.0181884765625","0.0181884765625"
"10564","8","8","8"
"10565","0.69140625","0.69140625","0.69140625"
"10566","16","16","16"
"10567","0.0181884765625","0.0181884765625","0.0181884765625"
"10568","0.69140625","0.69140625","0.69140625"
"10569","4.03125","4.03125","4.03125"
"10570","3.774403012357652e-11","3.774403012357652e-11","3.774403012357652e-11"
"10571","0.000335693359375","0.000335693359375","0.000335693359375"
"10572","0.000911712646484375","0.000911712646484375","0.000911712646484375"
"10573","8","8","8"
"10574","0.69140625","0.69140625","0.69140625"
"10575","0.69140625","0.69140625","0.69140625"
"10576","0.69140625","0.69140625","0.69140625"
"10577","0.000335693359375","0.000335693359375","0.000335693359375"
"10578","1.126900315284729e-7","1.126900315284729e-7","1.126900315284729e-7"
"10579","0.69140625","0.69140625","0.69140625"
"10580","0.69140625","0.69140625","0.69140625"
"10581","0.69140625","0.69140625","0.69140625"
"10582","8","8","8"
"10583","0.69140625","0.69140625","0.69140625"
"10584","1.126900315284729e-7","1.126900315284729e-7","1.126900315284729e-7"
"10585","0.0181884765625","0.0181884765625","0.0181884765625"
"10586","8","8","8"
"10587","1.126900315284729e-7","1.126900315284729e-7","1.126900315284729e-7"
"10588","0.69140625","0.69140625","0.69140625"
"10589","16","16","16"
"10590","0.69140625","0.69140625","0.69140625"
"10591","8","8","8"
"10592","0.69140625","0.69140625","0.69140625"
"10593","0.0181884765625","0.0181884765625","0.0181884765625"
"10594","8","8","8"
"10595","0.000335693359375","0.000335693359375","0.000335693359375"
"10596","4.03125","4.03125","4.03125"
"10597","0.69140625","0.69140625","0.69140625"
"10598","0.69140625","0.69140625","0.69140625"
"10599","0.000006139278411865234","0.000006139278411865234","0.000006139278411865234"
"10600","0.000335693359375","0.000335693359375","0.000335693359375"
"10601","1.2656542480726785e-14","1.2656542480726785e-14","1.2656542480726785e-14"
"10602","0.000335693359375","0.000335693359375","0.000335693359375"
"10604","0.000335693359375","0.000335693359375","0.000335693359375"
"10605","1.126900315284729e-7","1.126900315284729e-7","1.126900315284729e-7"
"10606","0.69140625","0.69140625","0.69140625"
"10607","0.69140625","0.69140625","0.69140625"
"10608","0.69140625","0.69140625","0.69140625"
"10609","0.0181884765625","0.0181884765625","0.0181884765625"
"10610","0.000335693359375","0.000335693359375","0.000335693359375"
"10611","0.69140625","0.69140625","0.69140625"
"10612","0.000335693359375","0.000335693359375","0.000335693359375"
"10613","0.69140625","0.69140625","0.69140625"
"10614","0.69140625","0.69140625","0.69140625"
"10616","0.000335693359375","0.000335693359375","0.000335693359375"
"10617","0.000006139278411865234","0.000006139278411865234","0.000006139278411865234"
"10618","0.000335693359375","0.000335693359375","0.000335693359375"
"10619","0.69140625","0.69140625","0.69140625"
"10621","0.69140625","0.69140625","0.69140625"
"10623","0.0181884765625","0.0181884765625","0.0181884765625"
"10624","0.69140625","0.69140625","0.69140625"
"10625","0.69140625","0.69140625","0.69140625"
"10626","0.69140625","0.69140625","0.69140625"
"10627","0.002471923828125","0.002471923828125","0.002471923828125"
"10628","0.69140625","0.69140625","0.69140625"
"10629","8","8","8"
"10631","1.126900315284729e-7","1.126900315284729e-7","1.126900315284729e-7"
"10632","0.69140625","0.69140625","0.69140625"
"10633","0.69140625","0.69140625","0.69140625"
"10634","1.126900315284729e-7","1.126900315284729e-7","1.126900315284729e-7"
"10635","0.002471923828125","0.002471923828125","0.002471923828125"
"10636","16","16","16"
"10637","0.69140625","0.69140625","0.69140625"
"10638","0.69140625","0.69140625","0.69140625"
"10639","1.126900315284729e-7","1.126900315284729e-7","1.126900315284729e-7"
"10640","8","8","8"
"10641","0.69140625","0.69140625","0.69140625"
"10642","0.69140625","0.69140625","0.69140625"
"10643","0.69140625","0.69140625","0.69140625"
"10644","0.000335693359375","0.000335693359375","0.000335693359375"
"10646","0.000006139278411865234","0.000006139278411865234","0.000006139278411865234"
"10647","0.69140625","0.69140625","0.69140625"
"10649","0.000335693359375","0.000335693359375","0.000335693359375"
"10650","8","8","8"
"10651","0.69140625","0.69140625","0.69140625"
"10652","16","16","16"
"10653","0.69140625","0.69140625","0.69140625"
"10654","8","8","8"
"10655","8","8","8"
"10658","0.69140625","0.69140625","0.69140625"
"10659","0.000045299530029296875","0.000045299530029296875","0.000045299530029296875"
"10660","0.000335693359375","0.000335693359375","0.000335693359375"
"10661","0.69140625","0.69140625","0.69140625"
"10662","0.69140625","0.69140625","0.69140625"
"10663","0.000335693359375","0.000335693359375","0.000335693359375"
"10664","8","8","8"
"10665","0.0181884765625","0.0181884765625","0.0181884765625"
"10666","1.126900315284729e-7","1.126900315284729e-7","1.126900315284729e-7"
"10667","0.69140625","0.69140625","0.69140625"
"10668","0.69140625","0.69140625","0.69140625"
"10669","0.000335693359375","0.000335693359375","0.000335693359375"
"10670","0.69140625","0.69140625","0.69140625"
"10671","1.126900315284729e-7","1.126900315284729e-7","1.126900315284729e-7"
"10672","0.000335693359375","0.000335693359375","0.000335693359375"
"10673","0.69140625","0.69140625","0.69140625"
"10674","0.69140625","0.69140625","0.69140625"
"10675","0.69140625","0.69140625","0.69140625"